[2025-06-27T19:28:37.918+0000] {manager.py:483} INFO - Processing files using up to 2 processes at a time 
[2025-06-27T19:28:38.028+0000] {manager.py:484} INFO - Process each file at most once every 30 seconds
[2025-06-27T19:28:38.210+0000] {manager.py:485} INFO - Checking for new files in /opt/airflow/dags every 300 seconds
[2025-06-27T19:28:38.227+0000] {manager.py:821} INFO - Searching for files in /opt/airflow/dags
[2025-06-27T19:28:38.315+0000] {manager.py:824} INFO - There are 0 files in /opt/airflow/dags
[2025-06-27T19:30:17.970+0000] {manager.py:465} INFO - Exiting gracefully upon receiving signal 15
[2025-06-27T19:50:42.857+0000] {manager.py:483} INFO - Processing files using up to 2 processes at a time 
[2025-06-27T19:50:42.861+0000] {manager.py:484} INFO - Process each file at most once every 30 seconds
[2025-06-27T19:50:42.862+0000] {manager.py:485} INFO - Checking for new files in /opt/airflow/dags every 300 seconds
[2025-06-27T19:50:42.938+0000] {manager.py:821} INFO - Searching for files in /opt/airflow/dags
[2025-06-27T19:50:42.984+0000] {manager.py:824} INFO - There are 0 files in /opt/airflow/dags
[2025-06-27T19:55:43.305+0000] {manager.py:821} INFO - Searching for files in /opt/airflow/dags
[2025-06-27T19:55:43.399+0000] {manager.py:824} INFO - There are 0 files in /opt/airflow/dags
[2025-06-27T20:00:43.490+0000] {manager.py:821} INFO - Searching for files in /opt/airflow/dags
[2025-06-27T20:00:43.533+0000] {manager.py:824} INFO - There are 1 files in /opt/airflow/dags
[2025-06-27T20:00:52.599+0000] {manager.py:997} INFO - 
================================================================================
DAG File Processing Stats

File Path                                PID    Runtime      # DAGs    # Errors  Last Runtime    Last Run               Last # of DB Queries
---------------------------------------  -----  ---------  --------  ----------  --------------  -------------------  ----------------------
/opt/airflow/dags/lead_data_pipeline.py                           1           0  5.54s           2025-06-27T20:00:51                      45
================================================================================
[2025-06-27T20:01:23.177+0000] {manager.py:997} INFO - 
================================================================================
DAG File Processing Stats

File Path                                PID    Runtime      # DAGs    # Errors  Last Runtime    Last Run               Last # of DB Queries
---------------------------------------  -----  ---------  --------  ----------  --------------  -------------------  ----------------------
/opt/airflow/dags/lead_data_pipeline.py                           1           0  0.56s           2025-06-27T20:01:22                      12
================================================================================
[2025-06-27T20:01:53.677+0000] {manager.py:997} INFO - 
================================================================================
DAG File Processing Stats

File Path                                  PID  Runtime      # DAGs    # Errors  Last Runtime    Last Run               Last # of DB Queries
---------------------------------------  -----  ---------  --------  ----------  --------------  -------------------  ----------------------
/opt/airflow/dags/lead_data_pipeline.py    206  1.03s             1           0  0.56s           2025-06-27T20:01:22                      12
================================================================================
[2025-06-27T20:02:24.319+0000] {manager.py:997} INFO - 
================================================================================
DAG File Processing Stats

File Path                                  PID  Runtime      # DAGs    # Errors  Last Runtime    Last Run               Last # of DB Queries
---------------------------------------  -----  ---------  --------  ----------  --------------  -------------------  ----------------------
/opt/airflow/dags/lead_data_pipeline.py    220  0.01s             1           0  1.10s           2025-06-27T20:01:53                      12
================================================================================
[2025-06-27T20:02:54.919+0000] {manager.py:997} INFO - 
================================================================================
DAG File Processing Stats

File Path                                PID    Runtime      # DAGs    # Errors  Last Runtime    Last Run               Last # of DB Queries
---------------------------------------  -----  ---------  --------  ----------  --------------  -------------------  ----------------------
/opt/airflow/dags/lead_data_pipeline.py                           1           0  0.84s           2025-06-27T20:02:25                      12
================================================================================
[2025-06-27T20:03:25.310+0000] {manager.py:997} INFO - 
================================================================================
DAG File Processing Stats

File Path                                PID    Runtime      # DAGs    # Errors  Last Runtime    Last Run               Last # of DB Queries
---------------------------------------  -----  ---------  --------  ----------  --------------  -------------------  ----------------------
/opt/airflow/dags/lead_data_pipeline.py                           1           0  0.34s           2025-06-27T20:02:56                      12
================================================================================
[2025-06-27T20:03:55.616+0000] {manager.py:997} INFO - 
================================================================================
DAG File Processing Stats

File Path                                PID    Runtime      # DAGs    # Errors  Last Runtime    Last Run               Last # of DB Queries
---------------------------------------  -----  ---------  --------  ----------  --------------  -------------------  ----------------------
/opt/airflow/dags/lead_data_pipeline.py                           1           0  0.25s           2025-06-27T20:03:26                      12
================================================================================
[2025-06-27T20:04:26.077+0000] {manager.py:997} INFO - 
================================================================================
DAG File Processing Stats

File Path                                PID    Runtime      # DAGs    # Errors  Last Runtime    Last Run               Last # of DB Queries
---------------------------------------  -----  ---------  --------  ----------  --------------  -------------------  ----------------------
/opt/airflow/dags/lead_data_pipeline.py                           1           0  0.19s           2025-06-27T20:03:56                      12
================================================================================
[2025-06-27T20:04:56.449+0000] {manager.py:997} INFO - 
================================================================================
DAG File Processing Stats

File Path                                PID    Runtime      # DAGs    # Errors  Last Runtime    Last Run               Last # of DB Queries
---------------------------------------  -----  ---------  --------  ----------  --------------  -------------------  ----------------------
/opt/airflow/dags/lead_data_pipeline.py                           1           0  0.19s           2025-06-27T20:04:27                      12
================================================================================
[2025-06-27T20:05:26.826+0000] {manager.py:997} INFO - 
================================================================================
DAG File Processing Stats

File Path                                PID    Runtime      # DAGs    # Errors  Last Runtime    Last Run               Last # of DB Queries
---------------------------------------  -----  ---------  --------  ----------  --------------  -------------------  ----------------------
/opt/airflow/dags/lead_data_pipeline.py                           1           0  0.18s           2025-06-27T20:04:57                      12
================================================================================
[2025-06-27T20:05:44.039+0000] {manager.py:821} INFO - Searching for files in /opt/airflow/dags
[2025-06-27T20:05:44.049+0000] {manager.py:824} INFO - There are 1 files in /opt/airflow/dags
[2025-06-27T20:05:57.422+0000] {manager.py:997} INFO - 
================================================================================
DAG File Processing Stats

File Path                                PID    Runtime      # DAGs    # Errors  Last Runtime    Last Run               Last # of DB Queries
---------------------------------------  -----  ---------  --------  ----------  --------------  -------------------  ----------------------
/opt/airflow/dags/lead_data_pipeline.py                           1           0  0.27s           2025-06-27T20:05:28                      12
================================================================================
[2025-06-27T20:06:27.773+0000] {manager.py:997} INFO - 
================================================================================
DAG File Processing Stats

File Path                                PID    Runtime      # DAGs    # Errors  Last Runtime    Last Run               Last # of DB Queries
---------------------------------------  -----  ---------  --------  ----------  --------------  -------------------  ----------------------
/opt/airflow/dags/lead_data_pipeline.py                           1           0  0.40s           2025-06-27T20:05:58                      12
================================================================================
[2025-06-27T20:06:58.481+0000] {manager.py:997} INFO - 
================================================================================
DAG File Processing Stats

File Path                                PID    Runtime      # DAGs    # Errors  Last Runtime    Last Run               Last # of DB Queries
---------------------------------------  -----  ---------  --------  ----------  --------------  -------------------  ----------------------
/opt/airflow/dags/lead_data_pipeline.py                           1           0  0.23s           2025-06-27T20:06:29                      12
================================================================================
[2025-06-27T20:07:28.665+0000] {manager.py:997} INFO - 
================================================================================
DAG File Processing Stats

File Path                                PID    Runtime      # DAGs    # Errors  Last Runtime    Last Run               Last # of DB Queries
---------------------------------------  -----  ---------  --------  ----------  --------------  -------------------  ----------------------
/opt/airflow/dags/lead_data_pipeline.py                           1           0  0.21s           2025-06-27T20:06:59                      12
================================================================================
[2025-06-27T20:07:59.059+0000] {manager.py:997} INFO - 
================================================================================
DAG File Processing Stats

File Path                                PID    Runtime      # DAGs    # Errors  Last Runtime    Last Run               Last # of DB Queries
---------------------------------------  -----  ---------  --------  ----------  --------------  -------------------  ----------------------
/opt/airflow/dags/lead_data_pipeline.py                           1           0  0.54s           2025-06-27T20:07:30                      12
================================================================================
[2025-06-27T20:08:29.438+0000] {manager.py:997} INFO - 
================================================================================
DAG File Processing Stats

File Path                                PID    Runtime      # DAGs    # Errors  Last Runtime    Last Run               Last # of DB Queries
---------------------------------------  -----  ---------  --------  ----------  --------------  -------------------  ----------------------
/opt/airflow/dags/lead_data_pipeline.py                           1           0  0.66s           2025-06-27T20:08:01                      12
================================================================================
[2025-06-27T20:08:59.815+0000] {manager.py:997} INFO - 
================================================================================
DAG File Processing Stats

File Path                                PID    Runtime      # DAGs    # Errors  Last Runtime    Last Run               Last # of DB Queries
---------------------------------------  -----  ---------  --------  ----------  --------------  -------------------  ----------------------
/opt/airflow/dags/lead_data_pipeline.py                           1           0  0.42s           2025-06-27T20:08:31                      12
================================================================================
[2025-06-27T20:09:29.858+0000] {manager.py:997} INFO - 
================================================================================
DAG File Processing Stats

File Path                                PID    Runtime      # DAGs    # Errors  Last Runtime    Last Run               Last # of DB Queries
---------------------------------------  -----  ---------  --------  ----------  --------------  -------------------  ----------------------
/opt/airflow/dags/lead_data_pipeline.py                           1           0  0.26s           2025-06-27T20:09:02                      12
================================================================================
[2025-06-27T20:10:00.242+0000] {manager.py:997} INFO - 
================================================================================
DAG File Processing Stats

File Path                                PID    Runtime      # DAGs    # Errors  Last Runtime    Last Run               Last # of DB Queries
---------------------------------------  -----  ---------  --------  ----------  --------------  -------------------  ----------------------
/opt/airflow/dags/lead_data_pipeline.py                           1           0  0.33s           2025-06-27T20:09:32                      12
================================================================================
[2025-06-27T20:10:30.650+0000] {manager.py:997} INFO - 
================================================================================
DAG File Processing Stats

File Path                                PID    Runtime      # DAGs    # Errors  Last Runtime    Last Run               Last # of DB Queries
---------------------------------------  -----  ---------  --------  ----------  --------------  -------------------  ----------------------
/opt/airflow/dags/lead_data_pipeline.py                           1           0  0.22s           2025-06-27T20:10:03                      12
================================================================================
[2025-06-27T20:10:44.074+0000] {manager.py:821} INFO - Searching for files in /opt/airflow/dags
[2025-06-27T20:10:44.088+0000] {manager.py:824} INFO - There are 1 files in /opt/airflow/dags
[2025-06-27T20:11:01.270+0000] {manager.py:997} INFO - 
================================================================================
DAG File Processing Stats

File Path                                PID    Runtime      # DAGs    # Errors  Last Runtime    Last Run               Last # of DB Queries
---------------------------------------  -----  ---------  --------  ----------  --------------  -------------------  ----------------------
/opt/airflow/dags/lead_data_pipeline.py                           1           0  0.59s           2025-06-27T20:10:34                      12
================================================================================
[2025-06-27T20:11:31.623+0000] {manager.py:997} INFO - 
================================================================================
DAG File Processing Stats

File Path                                PID    Runtime      # DAGs    # Errors  Last Runtime    Last Run               Last # of DB Queries
---------------------------------------  -----  ---------  --------  ----------  --------------  -------------------  ----------------------
/opt/airflow/dags/lead_data_pipeline.py                           1           0  0.31s           2025-06-27T20:11:04                      12
================================================================================
[2025-06-27T20:12:01.684+0000] {manager.py:997} INFO - 
================================================================================
DAG File Processing Stats

File Path                                PID    Runtime      # DAGs    # Errors  Last Runtime    Last Run               Last # of DB Queries
---------------------------------------  -----  ---------  --------  ----------  --------------  -------------------  ----------------------
/opt/airflow/dags/lead_data_pipeline.py                           1           0  0.64s           2025-06-27T20:11:35                      12
================================================================================
[2025-06-27T20:12:32.089+0000] {manager.py:997} INFO - 
================================================================================
DAG File Processing Stats

File Path                                PID    Runtime      # DAGs    # Errors  Last Runtime    Last Run               Last # of DB Queries
---------------------------------------  -----  ---------  --------  ----------  --------------  -------------------  ----------------------
/opt/airflow/dags/lead_data_pipeline.py                           1           0  0.69s           2025-06-27T20:12:06                      12
================================================================================
[2025-06-27T20:13:02.751+0000] {manager.py:997} INFO - 
================================================================================
DAG File Processing Stats

File Path                                PID    Runtime      # DAGs    # Errors  Last Runtime    Last Run               Last # of DB Queries
---------------------------------------  -----  ---------  --------  ----------  --------------  -------------------  ----------------------
/opt/airflow/dags/lead_data_pipeline.py                           1           0  0.27s           2025-06-27T20:12:37                      12
================================================================================
[2025-06-27T20:13:33.289+0000] {manager.py:997} INFO - 
================================================================================
DAG File Processing Stats

File Path                                PID    Runtime      # DAGs    # Errors  Last Runtime    Last Run               Last # of DB Queries
---------------------------------------  -----  ---------  --------  ----------  --------------  -------------------  ----------------------
/opt/airflow/dags/lead_data_pipeline.py                           1           0  0.22s           2025-06-27T20:13:08                      12
================================================================================
[2025-06-27T20:14:03.898+0000] {manager.py:997} INFO - 
================================================================================
DAG File Processing Stats

File Path                                PID    Runtime      # DAGs    # Errors  Last Runtime    Last Run               Last # of DB Queries
---------------------------------------  -----  ---------  --------  ----------  --------------  -------------------  ----------------------
/opt/airflow/dags/lead_data_pipeline.py                           1           0  0.69s           2025-06-27T20:13:39                      12
================================================================================
[2025-06-27T20:14:34.495+0000] {manager.py:997} INFO - 
================================================================================
DAG File Processing Stats

File Path                                PID    Runtime      # DAGs    # Errors  Last Runtime    Last Run               Last # of DB Queries
---------------------------------------  -----  ---------  --------  ----------  --------------  -------------------  ----------------------
/opt/airflow/dags/lead_data_pipeline.py                           1           0  0.34s           2025-06-27T20:14:09                      12
================================================================================
[2025-06-27T20:15:05.188+0000] {manager.py:997} INFO - 
================================================================================
DAG File Processing Stats

File Path                                PID    Runtime      # DAGs    # Errors  Last Runtime    Last Run               Last # of DB Queries
---------------------------------------  -----  ---------  --------  ----------  --------------  -------------------  ----------------------
/opt/airflow/dags/lead_data_pipeline.py                           1           0  0.32s           2025-06-27T20:14:39                      12
================================================================================
[2025-06-27T20:15:35.615+0000] {manager.py:997} INFO - 
================================================================================
DAG File Processing Stats

File Path                                PID    Runtime      # DAGs    # Errors  Last Runtime    Last Run               Last # of DB Queries
---------------------------------------  -----  ---------  --------  ----------  --------------  -------------------  ----------------------
/opt/airflow/dags/lead_data_pipeline.py                           1           0  0.37s           2025-06-27T20:15:10                      12
================================================================================
[2025-06-27T20:15:44.708+0000] {manager.py:821} INFO - Searching for files in /opt/airflow/dags
[2025-06-27T20:15:44.720+0000] {manager.py:824} INFO - There are 1 files in /opt/airflow/dags
[2025-06-27T20:16:06.146+0000] {manager.py:997} INFO - 
================================================================================
DAG File Processing Stats

File Path                                PID    Runtime      # DAGs    # Errors  Last Runtime    Last Run               Last # of DB Queries
---------------------------------------  -----  ---------  --------  ----------  --------------  -------------------  ----------------------
/opt/airflow/dags/lead_data_pipeline.py                           1           0  0.23s           2025-06-27T20:15:40                      12
================================================================================
[2025-06-27T20:16:36.600+0000] {manager.py:997} INFO - 
================================================================================
DAG File Processing Stats

File Path                                PID    Runtime      # DAGs    # Errors  Last Runtime    Last Run               Last # of DB Queries
---------------------------------------  -----  ---------  --------  ----------  --------------  -------------------  ----------------------
/opt/airflow/dags/lead_data_pipeline.py                           1           0  0.37s           2025-06-27T20:16:11                      12
================================================================================
[2025-06-27T20:17:07.018+0000] {manager.py:997} INFO - 
================================================================================
DAG File Processing Stats

File Path                                PID    Runtime      # DAGs    # Errors  Last Runtime    Last Run               Last # of DB Queries
---------------------------------------  -----  ---------  --------  ----------  --------------  -------------------  ----------------------
/opt/airflow/dags/lead_data_pipeline.py                           1           0  0.26s           2025-06-27T20:16:41                      12
================================================================================
[2025-06-27T20:17:37.431+0000] {manager.py:997} INFO - 
================================================================================
DAG File Processing Stats

File Path                                PID    Runtime      # DAGs    # Errors  Last Runtime    Last Run               Last # of DB Queries
---------------------------------------  -----  ---------  --------  ----------  --------------  -------------------  ----------------------
/opt/airflow/dags/lead_data_pipeline.py                           1           0  0.20s           2025-06-27T20:17:12                      12
================================================================================
[2025-06-27T20:18:07.978+0000] {manager.py:997} INFO - 
================================================================================
DAG File Processing Stats

File Path                                PID    Runtime      # DAGs    # Errors  Last Runtime    Last Run               Last # of DB Queries
---------------------------------------  -----  ---------  --------  ----------  --------------  -------------------  ----------------------
/opt/airflow/dags/lead_data_pipeline.py                           1           0  0.50s           2025-06-27T20:17:42                      12
================================================================================
[2025-06-27T20:18:38.079+0000] {manager.py:997} INFO - 
================================================================================
DAG File Processing Stats

File Path                                PID    Runtime      # DAGs    # Errors  Last Runtime    Last Run               Last # of DB Queries
---------------------------------------  -----  ---------  --------  ----------  --------------  -------------------  ----------------------
/opt/airflow/dags/lead_data_pipeline.py                           1           0  2.09s           2025-06-27T20:18:15                      12
================================================================================
[2025-06-27T20:19:08.674+0000] {manager.py:997} INFO - 
================================================================================
DAG File Processing Stats

File Path                                PID    Runtime      # DAGs    # Errors  Last Runtime    Last Run               Last # of DB Queries
---------------------------------------  -----  ---------  --------  ----------  --------------  -------------------  ----------------------
/opt/airflow/dags/lead_data_pipeline.py                           1           0  0.21s           2025-06-27T20:18:45                      12
================================================================================
[2025-06-27T20:19:39.131+0000] {manager.py:997} INFO - 
================================================================================
DAG File Processing Stats

File Path                                PID    Runtime      # DAGs    # Errors  Last Runtime    Last Run               Last # of DB Queries
---------------------------------------  -----  ---------  --------  ----------  --------------  -------------------  ----------------------
/opt/airflow/dags/lead_data_pipeline.py                           1           0  0.31s           2025-06-27T20:19:16                      12
================================================================================
[2025-06-27T20:20:09.511+0000] {manager.py:997} INFO - 
================================================================================
DAG File Processing Stats

File Path                                PID    Runtime      # DAGs    # Errors  Last Runtime    Last Run               Last # of DB Queries
---------------------------------------  -----  ---------  --------  ----------  --------------  -------------------  ----------------------
/opt/airflow/dags/lead_data_pipeline.py                           1           0  0.18s           2025-06-27T20:19:46                      12
================================================================================
[2025-06-27T20:20:39.872+0000] {manager.py:997} INFO - 
================================================================================
DAG File Processing Stats

File Path                                PID    Runtime      # DAGs    # Errors  Last Runtime    Last Run               Last # of DB Queries
---------------------------------------  -----  ---------  --------  ----------  --------------  -------------------  ----------------------
/opt/airflow/dags/lead_data_pipeline.py                           1           0  0.24s           2025-06-27T20:20:16                      12
================================================================================
[2025-06-27T20:20:44.917+0000] {manager.py:821} INFO - Searching for files in /opt/airflow/dags
[2025-06-27T20:20:44.929+0000] {manager.py:824} INFO - There are 1 files in /opt/airflow/dags
[2025-06-27T20:21:10.507+0000] {manager.py:997} INFO - 
================================================================================
DAG File Processing Stats

File Path                                PID    Runtime      # DAGs    # Errors  Last Runtime    Last Run               Last # of DB Queries
---------------------------------------  -----  ---------  --------  ----------  --------------  -------------------  ----------------------
/opt/airflow/dags/lead_data_pipeline.py                           1           0  0.18s           2025-06-27T20:20:47                      12
================================================================================
[2025-06-27T20:21:40.970+0000] {manager.py:997} INFO - 
================================================================================
DAG File Processing Stats

File Path                                PID    Runtime      # DAGs    # Errors  Last Runtime    Last Run               Last # of DB Queries
---------------------------------------  -----  ---------  --------  ----------  --------------  -------------------  ----------------------
/opt/airflow/dags/lead_data_pipeline.py                           1           0  0.29s           2025-06-27T20:21:17                      12
================================================================================
[2025-06-27T20:22:11.396+0000] {manager.py:997} INFO - 
================================================================================
DAG File Processing Stats

File Path                                PID    Runtime      # DAGs    # Errors  Last Runtime    Last Run               Last # of DB Queries
---------------------------------------  -----  ---------  --------  ----------  --------------  -------------------  ----------------------
/opt/airflow/dags/lead_data_pipeline.py                           1           0  0.25s           2025-06-27T20:21:48                      12
================================================================================
[2025-06-27T20:22:42.170+0000] {manager.py:997} INFO - 
================================================================================
DAG File Processing Stats

File Path                                PID    Runtime      # DAGs    # Errors  Last Runtime    Last Run               Last # of DB Queries
---------------------------------------  -----  ---------  --------  ----------  --------------  -------------------  ----------------------
/opt/airflow/dags/lead_data_pipeline.py                           1           0  0.22s           2025-06-27T20:22:18                      12
================================================================================
[2025-06-27T20:23:12.515+0000] {manager.py:997} INFO - 
================================================================================
DAG File Processing Stats

File Path                                PID    Runtime      # DAGs    # Errors  Last Runtime    Last Run               Last # of DB Queries
---------------------------------------  -----  ---------  --------  ----------  --------------  -------------------  ----------------------
/opt/airflow/dags/lead_data_pipeline.py                           1           0  0.51s           2025-06-27T20:22:49                      12
================================================================================
[2025-06-27T20:23:43.269+0000] {manager.py:997} INFO - 
================================================================================
DAG File Processing Stats

File Path                                PID    Runtime      # DAGs    # Errors  Last Runtime    Last Run               Last # of DB Queries
---------------------------------------  -----  ---------  --------  ----------  --------------  -------------------  ----------------------
/opt/airflow/dags/lead_data_pipeline.py                           1           0  0.18s           2025-06-27T20:23:20                      12
================================================================================
[2025-06-27T20:24:13.899+0000] {manager.py:997} INFO - 
================================================================================
DAG File Processing Stats

File Path                                PID    Runtime      # DAGs    # Errors  Last Runtime    Last Run               Last # of DB Queries
---------------------------------------  -----  ---------  --------  ----------  --------------  -------------------  ----------------------
/opt/airflow/dags/lead_data_pipeline.py                           1           0  0.36s           2025-06-27T20:23:50                      12
================================================================================
[2025-06-27T20:24:43.965+0000] {manager.py:997} INFO - 
================================================================================
DAG File Processing Stats

File Path                                PID    Runtime      # DAGs    # Errors  Last Runtime    Last Run               Last # of DB Queries
---------------------------------------  -----  ---------  --------  ----------  --------------  -------------------  ----------------------
/opt/airflow/dags/lead_data_pipeline.py                           1           0  0.60s           2025-06-27T20:24:21                      12
================================================================================
[2025-06-27T20:25:14.370+0000] {manager.py:997} INFO - 
================================================================================
DAG File Processing Stats

File Path                                PID    Runtime      # DAGs    # Errors  Last Runtime    Last Run               Last # of DB Queries
---------------------------------------  -----  ---------  --------  ----------  --------------  -------------------  ----------------------
/opt/airflow/dags/lead_data_pipeline.py                           1           0  0.21s           2025-06-27T20:24:52                      12
================================================================================
[2025-06-27T20:25:45.119+0000] {manager.py:821} INFO - Searching for files in /opt/airflow/dags
[2025-06-27T20:25:45.143+0000] {manager.py:824} INFO - There are 1 files in /opt/airflow/dags
[2025-06-27T20:25:45.188+0000] {manager.py:997} INFO - 
================================================================================
DAG File Processing Stats

File Path                                PID    Runtime      # DAGs    # Errors  Last Runtime    Last Run               Last # of DB Queries
---------------------------------------  -----  ---------  --------  ----------  --------------  -------------------  ----------------------
/opt/airflow/dags/lead_data_pipeline.py                           1           0  0.92s           2025-06-27T20:25:24                      12
================================================================================
[2025-06-27T20:26:15.872+0000] {manager.py:997} INFO - 
================================================================================
DAG File Processing Stats

File Path                                PID    Runtime      # DAGs    # Errors  Last Runtime    Last Run               Last # of DB Queries
---------------------------------------  -----  ---------  --------  ----------  --------------  -------------------  ----------------------
/opt/airflow/dags/lead_data_pipeline.py                           1           0  0.34s           2025-06-27T20:25:55                      12
================================================================================
[2025-06-27T20:26:46.516+0000] {manager.py:997} INFO - 
================================================================================
DAG File Processing Stats

File Path                                PID    Runtime      # DAGs    # Errors  Last Runtime    Last Run               Last # of DB Queries
---------------------------------------  -----  ---------  --------  ----------  --------------  -------------------  ----------------------
/opt/airflow/dags/lead_data_pipeline.py                           1           0  0.40s           2025-06-27T20:26:26                      12
================================================================================
[2025-06-27T20:27:17.146+0000] {manager.py:997} INFO - 
================================================================================
DAG File Processing Stats

File Path                                PID    Runtime      # DAGs    # Errors  Last Runtime    Last Run               Last # of DB Queries
---------------------------------------  -----  ---------  --------  ----------  --------------  -------------------  ----------------------
/opt/airflow/dags/lead_data_pipeline.py                           1           0  0.32s           2025-06-27T20:26:57                      12
================================================================================
[2025-06-27T20:27:47.456+0000] {manager.py:997} INFO - 
================================================================================
DAG File Processing Stats

File Path                                PID    Runtime      # DAGs    # Errors  Last Runtime    Last Run               Last # of DB Queries
---------------------------------------  -----  ---------  --------  ----------  --------------  -------------------  ----------------------
/opt/airflow/dags/lead_data_pipeline.py                           1           0  0.67s           2025-06-27T20:27:28                      12
================================================================================
[2025-06-27T20:28:17.998+0000] {manager.py:997} INFO - 
================================================================================
DAG File Processing Stats

File Path                                PID    Runtime      # DAGs    # Errors  Last Runtime    Last Run               Last # of DB Queries
---------------------------------------  -----  ---------  --------  ----------  --------------  -------------------  ----------------------
/opt/airflow/dags/lead_data_pipeline.py                           1           0  0.26s           2025-06-27T20:27:58                      12
================================================================================
[2025-06-27T20:28:48.461+0000] {manager.py:997} INFO - 
================================================================================
DAG File Processing Stats

File Path                                PID    Runtime      # DAGs    # Errors  Last Runtime    Last Run               Last # of DB Queries
---------------------------------------  -----  ---------  --------  ----------  --------------  -------------------  ----------------------
/opt/airflow/dags/lead_data_pipeline.py                           1           0  0.29s           2025-06-27T20:28:29                      12
================================================================================
[2025-06-27T20:29:18.944+0000] {manager.py:997} INFO - 
================================================================================
DAG File Processing Stats

File Path                                PID    Runtime      # DAGs    # Errors  Last Runtime    Last Run               Last # of DB Queries
---------------------------------------  -----  ---------  --------  ----------  --------------  -------------------  ----------------------
/opt/airflow/dags/lead_data_pipeline.py                           1           0  0.23s           2025-06-27T20:28:59                      12
================================================================================
[2025-06-27T20:29:49.447+0000] {manager.py:997} INFO - 
================================================================================
DAG File Processing Stats

File Path                                PID    Runtime      # DAGs    # Errors  Last Runtime    Last Run               Last # of DB Queries
---------------------------------------  -----  ---------  --------  ----------  --------------  -------------------  ----------------------
/opt/airflow/dags/lead_data_pipeline.py                           1           0  0.51s           2025-06-27T20:29:30                      12
================================================================================
[2025-06-27T20:30:20.212+0000] {manager.py:997} INFO - 
================================================================================
DAG File Processing Stats

File Path                                PID    Runtime      # DAGs    # Errors  Last Runtime    Last Run               Last # of DB Queries
---------------------------------------  -----  ---------  --------  ----------  --------------  -------------------  ----------------------
/opt/airflow/dags/lead_data_pipeline.py                           1           0  0.21s           2025-06-27T20:30:01                      12
================================================================================
[2025-06-27T20:30:45.638+0000] {manager.py:821} INFO - Searching for files in /opt/airflow/dags
[2025-06-27T20:30:45.656+0000] {manager.py:824} INFO - There are 1 files in /opt/airflow/dags
[2025-06-27T20:30:50.776+0000] {manager.py:997} INFO - 
================================================================================
DAG File Processing Stats

File Path                                PID    Runtime      # DAGs    # Errors  Last Runtime    Last Run               Last # of DB Queries
---------------------------------------  -----  ---------  --------  ----------  --------------  -------------------  ----------------------
/opt/airflow/dags/lead_data_pipeline.py                           1           0  0.19s           2025-06-27T20:30:31                      12
================================================================================
[2025-06-27T20:31:21.069+0000] {manager.py:997} INFO - 
================================================================================
DAG File Processing Stats

File Path                                PID    Runtime      # DAGs    # Errors  Last Runtime    Last Run               Last # of DB Queries
---------------------------------------  -----  ---------  --------  ----------  --------------  -------------------  ----------------------
/opt/airflow/dags/lead_data_pipeline.py                           1           0  0.19s           2025-06-27T20:31:02                      12
================================================================================
[2025-06-27T20:31:51.491+0000] {manager.py:997} INFO - 
================================================================================
DAG File Processing Stats

File Path                                PID    Runtime      # DAGs    # Errors  Last Runtime    Last Run               Last # of DB Queries
---------------------------------------  -----  ---------  --------  ----------  --------------  -------------------  ----------------------
/opt/airflow/dags/lead_data_pipeline.py                           1           0  0.20s           2025-06-27T20:31:32                      12
================================================================================
[2025-06-27T20:32:21.854+0000] {manager.py:997} INFO - 
================================================================================
DAG File Processing Stats

File Path                                PID    Runtime      # DAGs    # Errors  Last Runtime    Last Run               Last # of DB Queries
---------------------------------------  -----  ---------  --------  ----------  --------------  -------------------  ----------------------
/opt/airflow/dags/lead_data_pipeline.py                           1           0  0.31s           2025-06-27T20:32:02                      12
================================================================================
[2025-06-27T20:32:52.324+0000] {manager.py:997} INFO - 
================================================================================
DAG File Processing Stats

File Path                                PID    Runtime      # DAGs    # Errors  Last Runtime    Last Run               Last # of DB Queries
---------------------------------------  -----  ---------  --------  ----------  --------------  -------------------  ----------------------
/opt/airflow/dags/lead_data_pipeline.py                           1           0  0.27s           2025-06-27T20:32:33                      12
================================================================================
[2025-06-27T20:33:22.700+0000] {manager.py:997} INFO - 
================================================================================
DAG File Processing Stats

File Path                                PID    Runtime      # DAGs    # Errors  Last Runtime    Last Run               Last # of DB Queries
---------------------------------------  -----  ---------  --------  ----------  --------------  -------------------  ----------------------
/opt/airflow/dags/lead_data_pipeline.py                           1           0  0.19s           2025-06-27T20:33:03                      12
================================================================================
[2025-06-27T20:33:53.124+0000] {manager.py:997} INFO - 
================================================================================
DAG File Processing Stats

File Path                                PID    Runtime      # DAGs    # Errors  Last Runtime    Last Run               Last # of DB Queries
---------------------------------------  -----  ---------  --------  ----------  --------------  -------------------  ----------------------
/opt/airflow/dags/lead_data_pipeline.py                           1           0  0.34s           2025-06-27T20:33:34                      12
================================================================================
[2025-06-27T20:34:23.554+0000] {manager.py:997} INFO - 
================================================================================
DAG File Processing Stats

File Path                                PID    Runtime      # DAGs    # Errors  Last Runtime    Last Run               Last # of DB Queries
---------------------------------------  -----  ---------  --------  ----------  --------------  -------------------  ----------------------
/opt/airflow/dags/lead_data_pipeline.py                           1           0  0.19s           2025-06-27T20:34:04                      12
================================================================================
[2025-06-27T20:34:54.049+0000] {manager.py:997} INFO - 
================================================================================
DAG File Processing Stats

File Path                                PID    Runtime      # DAGs    # Errors  Last Runtime    Last Run               Last # of DB Queries
---------------------------------------  -----  ---------  --------  ----------  --------------  -------------------  ----------------------
/opt/airflow/dags/lead_data_pipeline.py                           1           0  0.23s           2025-06-27T20:34:34                      12
================================================================================
[2025-06-27T20:35:24.425+0000] {manager.py:997} INFO - 
================================================================================
DAG File Processing Stats

File Path                                PID    Runtime      # DAGs    # Errors  Last Runtime    Last Run               Last # of DB Queries
---------------------------------------  -----  ---------  --------  ----------  --------------  -------------------  ----------------------
/opt/airflow/dags/lead_data_pipeline.py                           1           0  0.97s           2025-06-27T20:35:06                      12
================================================================================
[2025-06-27T20:35:45.687+0000] {manager.py:821} INFO - Searching for files in /opt/airflow/dags
[2025-06-27T20:35:45.746+0000] {manager.py:824} INFO - There are 1 files in /opt/airflow/dags
[2025-06-27T20:35:54.892+0000] {manager.py:997} INFO - 
================================================================================
DAG File Processing Stats

File Path                                PID    Runtime      # DAGs    # Errors  Last Runtime    Last Run               Last # of DB Queries
---------------------------------------  -----  ---------  --------  ----------  --------------  -------------------  ----------------------
/opt/airflow/dags/lead_data_pipeline.py                           1           0  0.39s           2025-06-27T20:35:36                      12
================================================================================
[2025-06-27T20:36:25.618+0000] {manager.py:997} INFO - 
================================================================================
DAG File Processing Stats

File Path                                PID    Runtime      # DAGs    # Errors  Last Runtime    Last Run               Last # of DB Queries
---------------------------------------  -----  ---------  --------  ----------  --------------  -------------------  ----------------------
/opt/airflow/dags/lead_data_pipeline.py                           1           0  0.33s           2025-06-27T20:36:07                      12
================================================================================
[2025-06-27T20:36:56.119+0000] {manager.py:997} INFO - 
================================================================================
DAG File Processing Stats

File Path                                PID    Runtime      # DAGs    # Errors  Last Runtime    Last Run               Last # of DB Queries
---------------------------------------  -----  ---------  --------  ----------  --------------  -------------------  ----------------------
/opt/airflow/dags/lead_data_pipeline.py                           1           0  0.31s           2025-06-27T20:36:38                      12
================================================================================
[2025-06-27T20:37:26.879+0000] {manager.py:997} INFO - 
================================================================================
DAG File Processing Stats

File Path                                PID    Runtime      # DAGs    # Errors  Last Runtime    Last Run               Last # of DB Queries
---------------------------------------  -----  ---------  --------  ----------  --------------  -------------------  ----------------------
/opt/airflow/dags/lead_data_pipeline.py                           1           0  0.43s           2025-06-27T20:37:08                      12
================================================================================
[2025-06-27T20:37:56.980+0000] {manager.py:997} INFO - 
================================================================================
DAG File Processing Stats

File Path                                PID    Runtime      # DAGs    # Errors  Last Runtime    Last Run               Last # of DB Queries
---------------------------------------  -----  ---------  --------  ----------  --------------  -------------------  ----------------------
/opt/airflow/dags/lead_data_pipeline.py                           1           0  0.58s           2025-06-27T20:37:39                      12
================================================================================
[2025-06-27T20:38:27.352+0000] {manager.py:997} INFO - 
================================================================================
DAG File Processing Stats

File Path                                PID    Runtime      # DAGs    # Errors  Last Runtime    Last Run               Last # of DB Queries
---------------------------------------  -----  ---------  --------  ----------  --------------  -------------------  ----------------------
/opt/airflow/dags/lead_data_pipeline.py                           1           0  1.40s           2025-06-27T20:38:11                      12
================================================================================
[2025-06-27T20:38:57.566+0000] {manager.py:997} INFO - 
================================================================================
DAG File Processing Stats

File Path                                PID    Runtime      # DAGs    # Errors  Last Runtime    Last Run               Last # of DB Queries
---------------------------------------  -----  ---------  --------  ----------  --------------  -------------------  ----------------------
/opt/airflow/dags/lead_data_pipeline.py                           1           0  0.40s           2025-06-27T20:38:42                      12
================================================================================
[2025-06-27T20:39:27.594+0000] {manager.py:997} INFO - 
================================================================================
DAG File Processing Stats

File Path                                PID    Runtime      # DAGs    # Errors  Last Runtime    Last Run               Last # of DB Queries
---------------------------------------  -----  ---------  --------  ----------  --------------  -------------------  ----------------------
/opt/airflow/dags/lead_data_pipeline.py                           1           0  0.94s           2025-06-27T20:39:13                      12
================================================================================
[2025-06-27T20:39:57.941+0000] {manager.py:997} INFO - 
================================================================================
DAG File Processing Stats

File Path                                PID    Runtime      # DAGs    # Errors  Last Runtime    Last Run               Last # of DB Queries
---------------------------------------  -----  ---------  --------  ----------  --------------  -------------------  ----------------------
/opt/airflow/dags/lead_data_pipeline.py                           1           0  0.63s           2025-06-27T20:39:44                      12
================================================================================
[2025-06-27T20:40:28.018+0000] {manager.py:997} INFO - 
================================================================================
DAG File Processing Stats

File Path                                PID    Runtime      # DAGs    # Errors  Last Runtime    Last Run               Last # of DB Queries
---------------------------------------  -----  ---------  --------  ----------  --------------  -------------------  ----------------------
/opt/airflow/dags/lead_data_pipeline.py                           1           0  0.22s           2025-06-27T20:40:14                      12
================================================================================
[2025-06-27T20:40:46.191+0000] {manager.py:821} INFO - Searching for files in /opt/airflow/dags
[2025-06-27T20:40:46.206+0000] {manager.py:824} INFO - There are 1 files in /opt/airflow/dags
[2025-06-27T20:40:58.354+0000] {manager.py:997} INFO - 
================================================================================
DAG File Processing Stats

File Path                                PID    Runtime      # DAGs    # Errors  Last Runtime    Last Run               Last # of DB Queries
---------------------------------------  -----  ---------  --------  ----------  --------------  -------------------  ----------------------
/opt/airflow/dags/lead_data_pipeline.py                           1           0  0.21s           2025-06-27T20:40:45                      12
================================================================================
[2025-06-27T20:41:28.788+0000] {manager.py:997} INFO - 
================================================================================
DAG File Processing Stats

File Path                                PID    Runtime      # DAGs    # Errors  Last Runtime    Last Run               Last # of DB Queries
---------------------------------------  -----  ---------  --------  ----------  --------------  -------------------  ----------------------
/opt/airflow/dags/lead_data_pipeline.py                           1           0  0.40s           2025-06-27T20:41:15                      12
================================================================================
[2025-06-27T20:41:58.843+0000] {manager.py:997} INFO - 
================================================================================
DAG File Processing Stats

File Path                                PID    Runtime      # DAGs    # Errors  Last Runtime    Last Run               Last # of DB Queries
---------------------------------------  -----  ---------  --------  ----------  --------------  -------------------  ----------------------
/opt/airflow/dags/lead_data_pipeline.py                           1           0  0.59s           2025-06-27T20:41:46                      12
================================================================================
[2025-06-27T20:42:28.969+0000] {manager.py:997} INFO - 
================================================================================
DAG File Processing Stats

File Path                                PID    Runtime      # DAGs    # Errors  Last Runtime    Last Run               Last # of DB Queries
---------------------------------------  -----  ---------  --------  ----------  --------------  -------------------  ----------------------
/opt/airflow/dags/lead_data_pipeline.py                           1           0  0.45s           2025-06-27T20:42:17                      12
================================================================================
[2025-06-27T20:42:59.281+0000] {manager.py:997} INFO - 
================================================================================
DAG File Processing Stats

File Path                                PID    Runtime      # DAGs    # Errors  Last Runtime    Last Run               Last # of DB Queries
---------------------------------------  -----  ---------  --------  ----------  --------------  -------------------  ----------------------
/opt/airflow/dags/lead_data_pipeline.py                           1           0  0.29s           2025-06-27T20:42:48                      12
================================================================================
[2025-06-27T20:43:29.402+0000] {manager.py:997} INFO - 
================================================================================
DAG File Processing Stats

File Path                                PID    Runtime      # DAGs    # Errors  Last Runtime    Last Run               Last # of DB Queries
---------------------------------------  -----  ---------  --------  ----------  --------------  -------------------  ----------------------
/opt/airflow/dags/lead_data_pipeline.py                           1           0  0.31s           2025-06-27T20:43:18                      12
================================================================================
[2025-06-27T20:44:00.112+0000] {manager.py:997} INFO - 
================================================================================
DAG File Processing Stats

File Path                                PID    Runtime      # DAGs    # Errors  Last Runtime    Last Run               Last # of DB Queries
---------------------------------------  -----  ---------  --------  ----------  --------------  -------------------  ----------------------
/opt/airflow/dags/lead_data_pipeline.py                           1           0  0.41s           2025-06-27T20:43:49                      12
================================================================================
[2025-06-27T20:44:30.737+0000] {manager.py:997} INFO - 
================================================================================
DAG File Processing Stats

File Path                                PID    Runtime      # DAGs    # Errors  Last Runtime    Last Run               Last # of DB Queries
---------------------------------------  -----  ---------  --------  ----------  --------------  -------------------  ----------------------
/opt/airflow/dags/lead_data_pipeline.py                           1           0  1.56s           2025-06-27T20:44:20                      12
================================================================================
[2025-06-27T20:45:01.300+0000] {manager.py:997} INFO - 
================================================================================
DAG File Processing Stats

File Path                                PID    Runtime      # DAGs    # Errors  Last Runtime    Last Run               Last # of DB Queries
---------------------------------------  -----  ---------  --------  ----------  --------------  -------------------  ----------------------
/opt/airflow/dags/lead_data_pipeline.py                           1           0  0.29s           2025-06-27T20:44:51                      12
================================================================================
[2025-06-27T20:45:31.599+0000] {manager.py:997} INFO - 
================================================================================
DAG File Processing Stats

File Path                                PID    Runtime      # DAGs    # Errors  Last Runtime    Last Run               Last # of DB Queries
---------------------------------------  -----  ---------  --------  ----------  --------------  -------------------  ----------------------
/opt/airflow/dags/lead_data_pipeline.py                           1           0  0.18s           2025-06-27T20:45:21                      12
================================================================================
[2025-06-27T20:45:46.776+0000] {manager.py:821} INFO - Searching for files in /opt/airflow/dags
[2025-06-27T20:45:46.787+0000] {manager.py:824} INFO - There are 1 files in /opt/airflow/dags
[2025-06-27T20:46:02.135+0000] {manager.py:997} INFO - 
================================================================================
DAG File Processing Stats

File Path                                PID    Runtime      # DAGs    # Errors  Last Runtime    Last Run               Last # of DB Queries
---------------------------------------  -----  ---------  --------  ----------  --------------  -------------------  ----------------------
/opt/airflow/dags/lead_data_pipeline.py                           1           0  0.32s           2025-06-27T20:45:52                      12
================================================================================
[2025-06-27T20:46:32.898+0000] {manager.py:997} INFO - 
================================================================================
DAG File Processing Stats

File Path                                PID    Runtime      # DAGs    # Errors  Last Runtime    Last Run               Last # of DB Queries
---------------------------------------  -----  ---------  --------  ----------  --------------  -------------------  ----------------------
/opt/airflow/dags/lead_data_pipeline.py                           1           0  0.31s           2025-06-27T20:46:22                      12
================================================================================
[2025-06-27T20:47:03.558+0000] {manager.py:997} INFO - 
================================================================================
DAG File Processing Stats

File Path                                PID    Runtime      # DAGs    # Errors  Last Runtime    Last Run               Last # of DB Queries
---------------------------------------  -----  ---------  --------  ----------  --------------  -------------------  ----------------------
/opt/airflow/dags/lead_data_pipeline.py                           1           0  0.32s           2025-06-27T20:46:53                      12
================================================================================
[2025-06-27T20:47:33.798+0000] {manager.py:997} INFO - 
================================================================================
DAG File Processing Stats

File Path                                PID    Runtime      # DAGs    # Errors  Last Runtime    Last Run               Last # of DB Queries
---------------------------------------  -----  ---------  --------  ----------  --------------  -------------------  ----------------------
/opt/airflow/dags/lead_data_pipeline.py                           1           0  0.74s           2025-06-27T20:47:24                      12
================================================================================
[2025-06-27T20:48:04.210+0000] {manager.py:997} INFO - 
================================================================================
DAG File Processing Stats

File Path                                PID    Runtime      # DAGs    # Errors  Last Runtime    Last Run               Last # of DB Queries
---------------------------------------  -----  ---------  --------  ----------  --------------  -------------------  ----------------------
/opt/airflow/dags/lead_data_pipeline.py                           1           0  0.23s           2025-06-27T20:47:55                      12
================================================================================
[2025-06-27T20:48:34.910+0000] {manager.py:997} INFO - 
================================================================================
DAG File Processing Stats

File Path                                PID    Runtime      # DAGs    # Errors  Last Runtime    Last Run               Last # of DB Queries
---------------------------------------  -----  ---------  --------  ----------  --------------  -------------------  ----------------------
/opt/airflow/dags/lead_data_pipeline.py                           1           0  0.28s           2025-06-27T20:48:25                      12
================================================================================
[2025-06-27T20:49:05.415+0000] {manager.py:997} INFO - 
================================================================================
DAG File Processing Stats

File Path                                PID    Runtime      # DAGs    # Errors  Last Runtime    Last Run               Last # of DB Queries
---------------------------------------  -----  ---------  --------  ----------  --------------  -------------------  ----------------------
/opt/airflow/dags/lead_data_pipeline.py                           1           0  0.30s           2025-06-27T20:48:56                      12
================================================================================
[2025-06-27T20:49:35.887+0000] {manager.py:997} INFO - 
================================================================================
DAG File Processing Stats

File Path                                PID    Runtime      # DAGs    # Errors  Last Runtime    Last Run               Last # of DB Queries
---------------------------------------  -----  ---------  --------  ----------  --------------  -------------------  ----------------------
/opt/airflow/dags/lead_data_pipeline.py                           1           0  0.26s           2025-06-27T20:49:26                      12
================================================================================
[2025-06-27T20:50:06.438+0000] {manager.py:997} INFO - 
================================================================================
DAG File Processing Stats

File Path                                PID    Runtime      # DAGs    # Errors  Last Runtime    Last Run               Last # of DB Queries
---------------------------------------  -----  ---------  --------  ----------  --------------  -------------------  ----------------------
/opt/airflow/dags/lead_data_pipeline.py                           1           0  0.30s           2025-06-27T20:49:57                      12
================================================================================
[2025-06-27T20:50:36.828+0000] {manager.py:997} INFO - 
================================================================================
DAG File Processing Stats

File Path                                PID    Runtime      # DAGs    # Errors  Last Runtime    Last Run               Last # of DB Queries
---------------------------------------  -----  ---------  --------  ----------  --------------  -------------------  ----------------------
/opt/airflow/dags/lead_data_pipeline.py                           1           0  0.22s           2025-06-27T20:50:27                      12
================================================================================
[2025-06-27T20:50:46.941+0000] {manager.py:821} INFO - Searching for files in /opt/airflow/dags
[2025-06-27T20:50:46.953+0000] {manager.py:824} INFO - There are 1 files in /opt/airflow/dags
[2025-06-27T20:51:07.224+0000] {manager.py:997} INFO - 
================================================================================
DAG File Processing Stats

File Path                                PID    Runtime      # DAGs    # Errors  Last Runtime    Last Run               Last # of DB Queries
---------------------------------------  -----  ---------  --------  ----------  --------------  -------------------  ----------------------
/opt/airflow/dags/lead_data_pipeline.py                           1           0  0.20s           2025-06-27T20:50:58                      12
================================================================================
[2025-06-27T20:51:37.535+0000] {manager.py:997} INFO - 
================================================================================
DAG File Processing Stats

File Path                                PID    Runtime      # DAGs    # Errors  Last Runtime    Last Run               Last # of DB Queries
---------------------------------------  -----  ---------  --------  ----------  --------------  -------------------  ----------------------
/opt/airflow/dags/lead_data_pipeline.py                           1           0  0.67s           2025-06-27T20:51:26                      12
================================================================================
[2025-06-27T20:52:08.071+0000] {manager.py:997} INFO - 
================================================================================
DAG File Processing Stats

File Path                                PID    Runtime      # DAGs    # Errors  Last Runtime    Last Run               Last # of DB Queries
---------------------------------------  -----  ---------  --------  ----------  --------------  -------------------  ----------------------
/opt/airflow/dags/lead_data_pipeline.py                           1           0  0.48s           2025-06-27T20:51:56                      12
================================================================================
[2025-06-27T20:52:38.488+0000] {manager.py:997} INFO - 
================================================================================
DAG File Processing Stats

File Path                                PID    Runtime      # DAGs    # Errors  Last Runtime    Last Run               Last # of DB Queries
---------------------------------------  -----  ---------  --------  ----------  --------------  -------------------  ----------------------
/opt/airflow/dags/lead_data_pipeline.py                           1           0  0.26s           2025-06-27T20:52:27                      12
================================================================================
[2025-06-27T20:53:08.925+0000] {manager.py:997} INFO - 
================================================================================
DAG File Processing Stats

File Path                                PID    Runtime      # DAGs    # Errors  Last Runtime    Last Run               Last # of DB Queries
---------------------------------------  -----  ---------  --------  ----------  --------------  -------------------  ----------------------
/opt/airflow/dags/lead_data_pipeline.py                           1           0  0.19s           2025-06-27T20:52:57                      12
================================================================================
[2025-06-27T20:53:39.363+0000] {manager.py:997} INFO - 
================================================================================
DAG File Processing Stats

File Path                                PID    Runtime      # DAGs    # Errors  Last Runtime    Last Run               Last # of DB Queries
---------------------------------------  -----  ---------  --------  ----------  --------------  -------------------  ----------------------
/opt/airflow/dags/lead_data_pipeline.py                           1           0  0.39s           2025-06-27T20:53:28                      12
================================================================================
[2025-06-27T20:54:09.717+0000] {manager.py:997} INFO - 
================================================================================
DAG File Processing Stats

File Path                                PID    Runtime      # DAGs    # Errors  Last Runtime    Last Run               Last # of DB Queries
---------------------------------------  -----  ---------  --------  ----------  --------------  -------------------  ----------------------
/opt/airflow/dags/lead_data_pipeline.py                           1           0  0.27s           2025-06-27T20:53:58                      12
================================================================================
[2025-06-27T20:54:40.342+0000] {manager.py:997} INFO - 
================================================================================
DAG File Processing Stats

File Path                                PID    Runtime      # DAGs    # Errors  Last Runtime    Last Run               Last # of DB Queries
---------------------------------------  -----  ---------  --------  ----------  --------------  -------------------  ----------------------
/opt/airflow/dags/lead_data_pipeline.py                           1           0  0.24s           2025-06-27T20:54:29                      12
================================================================================
[2025-06-27T20:55:10.758+0000] {manager.py:997} INFO - 
================================================================================
DAG File Processing Stats

File Path                                PID    Runtime      # DAGs    # Errors  Last Runtime    Last Run               Last # of DB Queries
---------------------------------------  -----  ---------  --------  ----------  --------------  -------------------  ----------------------
/opt/airflow/dags/lead_data_pipeline.py                           1           0  0.31s           2025-06-27T20:54:59                      12
================================================================================
[2025-06-27T20:55:41.341+0000] {manager.py:997} INFO - 
================================================================================
DAG File Processing Stats

File Path                                PID    Runtime      # DAGs    # Errors  Last Runtime    Last Run               Last # of DB Queries
---------------------------------------  -----  ---------  --------  ----------  --------------  -------------------  ----------------------
/opt/airflow/dags/lead_data_pipeline.py                           1           0  0.27s           2025-06-27T20:55:30                      12
================================================================================
[2025-06-27T20:55:47.441+0000] {manager.py:821} INFO - Searching for files in /opt/airflow/dags
[2025-06-27T20:55:47.457+0000] {manager.py:824} INFO - There are 1 files in /opt/airflow/dags
[2025-06-27T20:56:12.057+0000] {manager.py:997} INFO - 
================================================================================
DAG File Processing Stats

File Path                                PID    Runtime      # DAGs    # Errors  Last Runtime    Last Run               Last # of DB Queries
---------------------------------------  -----  ---------  --------  ----------  --------------  -------------------  ----------------------
/opt/airflow/dags/lead_data_pipeline.py                           1           0  6.26s           2025-06-27T20:56:02                      45
================================================================================
[2025-06-27T20:56:42.918+0000] {manager.py:997} INFO - 
================================================================================
DAG File Processing Stats

File Path                                PID    Runtime      # DAGs    # Errors  Last Runtime    Last Run               Last # of DB Queries
---------------------------------------  -----  ---------  --------  ----------  --------------  -------------------  ----------------------
/opt/airflow/dags/lead_data_pipeline.py                           1           0  0.81s           2025-06-27T20:56:34                      12
================================================================================
[2025-06-27T20:57:13.403+0000] {manager.py:997} INFO - 
================================================================================
DAG File Processing Stats

File Path                                PID    Runtime      # DAGs    # Errors  Last Runtime    Last Run               Last # of DB Queries
---------------------------------------  -----  ---------  --------  ----------  --------------  -------------------  ----------------------
/opt/airflow/dags/lead_data_pipeline.py                           1           0  0.94s           2025-06-27T20:57:05                      12
================================================================================
[2025-06-27T20:57:44.227+0000] {manager.py:997} INFO - 
================================================================================
DAG File Processing Stats

File Path                                PID    Runtime      # DAGs    # Errors  Last Runtime    Last Run               Last # of DB Queries
---------------------------------------  -----  ---------  --------  ----------  --------------  -------------------  ----------------------
/opt/airflow/dags/lead_data_pipeline.py                           1           0  3.47s           2025-06-27T20:57:39                      33
================================================================================
[2025-06-27T20:58:14.885+0000] {manager.py:997} INFO - 
================================================================================
DAG File Processing Stats

File Path                                PID    Runtime      # DAGs    # Errors  Last Runtime    Last Run               Last # of DB Queries
---------------------------------------  -----  ---------  --------  ----------  --------------  -------------------  ----------------------
/opt/airflow/dags/lead_data_pipeline.py                           1           0  3.39s           2025-06-27T20:58:12                      12
================================================================================
[2025-06-27T20:58:45.254+0000] {manager.py:997} INFO - 
================================================================================
DAG File Processing Stats

File Path                                PID    Runtime      # DAGs    # Errors  Last Runtime    Last Run               Last # of DB Queries
---------------------------------------  -----  ---------  --------  ----------  --------------  -------------------  ----------------------
/opt/airflow/dags/lead_data_pipeline.py                           1           0  0.83s           2025-06-27T20:58:44                      12
================================================================================
[2025-06-27T20:59:15.942+0000] {manager.py:997} INFO - 
================================================================================
DAG File Processing Stats

File Path                                PID    Runtime      # DAGs    # Errors  Last Runtime    Last Run               Last # of DB Queries
---------------------------------------  -----  ---------  --------  ----------  --------------  -------------------  ----------------------
/opt/airflow/dags/lead_data_pipeline.py                           1           0  0.47s           2025-06-27T20:59:15                      12
================================================================================
[2025-06-27T20:59:46.461+0000] {manager.py:997} INFO - 
================================================================================
DAG File Processing Stats

File Path                                  PID  Runtime      # DAGs    # Errors  Last Runtime    Last Run               Last # of DB Queries
---------------------------------------  -----  ---------  --------  ----------  --------------  -------------------  ----------------------
/opt/airflow/dags/lead_data_pipeline.py   1037  1.04s             1           0  0.47s           2025-06-27T20:59:15                      12
================================================================================
[2025-06-27T21:00:17.275+0000] {manager.py:997} INFO - 
================================================================================
DAG File Processing Stats

File Path                                PID    Runtime      # DAGs    # Errors  Last Runtime    Last Run               Last # of DB Queries
---------------------------------------  -----  ---------  --------  ----------  --------------  -------------------  ----------------------
/opt/airflow/dags/lead_data_pipeline.py                           1           0  1.05s           2025-06-27T20:59:49                      12
================================================================================
[2025-06-27T21:00:47.623+0000] {manager.py:821} INFO - Searching for files in /opt/airflow/dags
[2025-06-27T21:00:47.665+0000] {manager.py:824} INFO - There are 1 files in /opt/airflow/dags
[2025-06-27T21:00:47.702+0000] {manager.py:997} INFO - 
================================================================================
DAG File Processing Stats

File Path                                PID    Runtime      # DAGs    # Errors  Last Runtime    Last Run               Last # of DB Queries
---------------------------------------  -----  ---------  --------  ----------  --------------  -------------------  ----------------------
/opt/airflow/dags/lead_data_pipeline.py                           1           0  1.50s           2025-06-27T21:00:21                      12
================================================================================
[2025-06-27T21:01:17.770+0000] {manager.py:997} INFO - 
================================================================================
DAG File Processing Stats

File Path                                PID    Runtime      # DAGs    # Errors  Last Runtime    Last Run               Last # of DB Queries
---------------------------------------  -----  ---------  --------  ----------  --------------  -------------------  ----------------------
/opt/airflow/dags/lead_data_pipeline.py                           1           0  1.22s           2025-06-27T21:00:53                      12
================================================================================
[2025-06-27T21:01:48.335+0000] {manager.py:997} INFO - 
================================================================================
DAG File Processing Stats

File Path                                PID    Runtime      # DAGs    # Errors  Last Runtime    Last Run               Last # of DB Queries
---------------------------------------  -----  ---------  --------  ----------  --------------  -------------------  ----------------------
/opt/airflow/dags/lead_data_pipeline.py                           1           0  1.23s           2025-06-27T21:01:24                      12
================================================================================
[2025-06-27T21:02:18.901+0000] {manager.py:997} INFO - 
================================================================================
DAG File Processing Stats

File Path                                PID    Runtime      # DAGs    # Errors  Last Runtime    Last Run               Last # of DB Queries
---------------------------------------  -----  ---------  --------  ----------  --------------  -------------------  ----------------------
/opt/airflow/dags/lead_data_pipeline.py                           1           0  0.46s           2025-06-27T21:01:55                      12
================================================================================
[2025-06-27T21:02:49.696+0000] {manager.py:997} INFO - 
================================================================================
DAG File Processing Stats

File Path                                PID    Runtime      # DAGs    # Errors  Last Runtime    Last Run               Last # of DB Queries
---------------------------------------  -----  ---------  --------  ----------  --------------  -------------------  ----------------------
/opt/airflow/dags/lead_data_pipeline.py                           1           0  0.91s           2025-06-27T21:02:28                      12
================================================================================
[2025-06-27T21:03:20.058+0000] {manager.py:997} INFO - 
================================================================================
DAG File Processing Stats

File Path                                PID    Runtime      # DAGs    # Errors  Last Runtime    Last Run               Last # of DB Queries
---------------------------------------  -----  ---------  --------  ----------  --------------  -------------------  ----------------------
/opt/airflow/dags/lead_data_pipeline.py                           1           0  0.72s           2025-06-27T21:02:59                      12
================================================================================
[2025-06-27T21:03:50.623+0000] {manager.py:997} INFO - 
================================================================================
DAG File Processing Stats

File Path                                PID    Runtime      # DAGs    # Errors  Last Runtime    Last Run               Last # of DB Queries
---------------------------------------  -----  ---------  --------  ----------  --------------  -------------------  ----------------------
/opt/airflow/dags/lead_data_pipeline.py                           1           0  1.80s           2025-06-27T21:03:48                      33
================================================================================
[2025-06-27T21:04:20.968+0000] {manager.py:997} INFO - 
================================================================================
DAG File Processing Stats

File Path                                PID    Runtime      # DAGs    # Errors  Last Runtime    Last Run               Last # of DB Queries
---------------------------------------  -----  ---------  --------  ----------  --------------  -------------------  ----------------------
/opt/airflow/dags/lead_data_pipeline.py                           1           0  0.60s           2025-06-27T21:04:19                      12
================================================================================
[2025-06-27T21:04:51.238+0000] {manager.py:997} INFO - 
================================================================================
DAG File Processing Stats

File Path                                PID    Runtime      # DAGs    # Errors  Last Runtime    Last Run               Last # of DB Queries
---------------------------------------  -----  ---------  --------  ----------  --------------  -------------------  ----------------------
/opt/airflow/dags/lead_data_pipeline.py                           1           0  0.86s           2025-06-27T21:04:51                      12
================================================================================
[2025-06-27T21:05:21.611+0000] {manager.py:997} INFO - 
================================================================================
DAG File Processing Stats

File Path                                  PID  Runtime      # DAGs    # Errors  Last Runtime    Last Run               Last # of DB Queries
---------------------------------------  -----  ---------  --------  ----------  --------------  -------------------  ----------------------
/opt/airflow/dags/lead_data_pipeline.py   1152  0.01s             1           0  0.86s           2025-06-27T21:04:51                      12
================================================================================
[2025-06-27T21:05:48.529+0000] {manager.py:821} INFO - Searching for files in /opt/airflow/dags
[2025-06-27T21:05:48.579+0000] {manager.py:824} INFO - There are 1 files in /opt/airflow/dags
[2025-06-27T21:05:51.664+0000] {manager.py:997} INFO - 
================================================================================
DAG File Processing Stats

File Path                                PID    Runtime      # DAGs    # Errors  Last Runtime    Last Run               Last # of DB Queries
---------------------------------------  -----  ---------  --------  ----------  --------------  -------------------  ----------------------
/opt/airflow/dags/lead_data_pipeline.py                           1           0  0.72s           2025-06-27T21:05:22                      12
================================================================================
[2025-06-27T21:06:22.124+0000] {manager.py:997} INFO - 
================================================================================
DAG File Processing Stats

File Path                                PID    Runtime      # DAGs    # Errors  Last Runtime    Last Run               Last # of DB Queries
---------------------------------------  -----  ---------  --------  ----------  --------------  -------------------  ----------------------
/opt/airflow/dags/lead_data_pipeline.py                           1           0  0.53s           2025-06-27T21:05:53                      12
================================================================================
[2025-06-27T21:06:52.583+0000] {manager.py:997} INFO - 
================================================================================
DAG File Processing Stats

File Path                                PID    Runtime      # DAGs    # Errors  Last Runtime    Last Run               Last # of DB Queries
---------------------------------------  -----  ---------  --------  ----------  --------------  -------------------  ----------------------
/opt/airflow/dags/lead_data_pipeline.py                           1           0  0.85s           2025-06-27T21:06:24                      12
================================================================================
[2025-06-27T21:07:23.065+0000] {manager.py:997} INFO - 
================================================================================
DAG File Processing Stats

File Path                                PID    Runtime      # DAGs    # Errors  Last Runtime    Last Run               Last # of DB Queries
---------------------------------------  -----  ---------  --------  ----------  --------------  -------------------  ----------------------
/opt/airflow/dags/lead_data_pipeline.py                           1           0  1.56s           2025-06-27T21:07:20                      34
================================================================================
[2025-06-27T21:07:53.444+0000] {manager.py:997} INFO - 
================================================================================
DAG File Processing Stats

File Path                                PID    Runtime      # DAGs    # Errors  Last Runtime    Last Run               Last # of DB Queries
---------------------------------------  -----  ---------  --------  ----------  --------------  -------------------  ----------------------
/opt/airflow/dags/lead_data_pipeline.py                           1           0  1.85s           2025-06-27T21:07:52                      12
================================================================================
[2025-06-27T21:08:24.276+0000] {manager.py:997} INFO - 
================================================================================
DAG File Processing Stats

File Path                                  PID  Runtime      # DAGs    # Errors  Last Runtime    Last Run               Last # of DB Queries
---------------------------------------  -----  ---------  --------  ----------  --------------  -------------------  ----------------------
/opt/airflow/dags/lead_data_pipeline.py   1204  1.09s             1           0  1.85s           2025-06-27T21:07:52                      12
================================================================================
[2025-06-27T21:08:55.246+0000] {manager.py:997} INFO - 
================================================================================
DAG File Processing Stats

File Path                                PID    Runtime      # DAGs    # Errors  Last Runtime    Last Run               Last # of DB Queries
---------------------------------------  -----  ---------  --------  ----------  --------------  -------------------  ----------------------
/opt/airflow/dags/lead_data_pipeline.py                           1           0  2.37s           2025-06-27T21:08:25                      12
================================================================================
[2025-06-27T21:09:25.777+0000] {manager.py:997} INFO - 
================================================================================
DAG File Processing Stats

File Path                                PID    Runtime      # DAGs    # Errors  Last Runtime    Last Run               Last # of DB Queries
---------------------------------------  -----  ---------  --------  ----------  --------------  -------------------  ----------------------
/opt/airflow/dags/lead_data_pipeline.py                           1           0  0.88s           2025-06-27T21:08:57                      12
================================================================================
[2025-06-27T21:09:56.335+0000] {manager.py:997} INFO - 
================================================================================
DAG File Processing Stats

File Path                                PID    Runtime      # DAGs    # Errors  Last Runtime    Last Run               Last # of DB Queries
---------------------------------------  -----  ---------  --------  ----------  --------------  -------------------  ----------------------
/opt/airflow/dags/lead_data_pipeline.py                           1           0  1.26s           2025-06-27T21:09:29                      12
================================================================================
[2025-06-27T21:10:26.955+0000] {manager.py:997} INFO - 
================================================================================
DAG File Processing Stats

File Path                                PID    Runtime      # DAGs    # Errors  Last Runtime    Last Run               Last # of DB Queries
---------------------------------------  -----  ---------  --------  ----------  --------------  -------------------  ----------------------
/opt/airflow/dags/lead_data_pipeline.py                           1           0  1.28s           2025-06-27T21:10:00                      12
================================================================================
[2025-06-27T21:10:49.327+0000] {manager.py:821} INFO - Searching for files in /opt/airflow/dags
[2025-06-27T21:10:49.349+0000] {manager.py:824} INFO - There are 1 files in /opt/airflow/dags
[2025-06-27T21:10:57.483+0000] {manager.py:997} INFO - 
================================================================================
DAG File Processing Stats

File Path                                PID    Runtime      # DAGs    # Errors  Last Runtime    Last Run               Last # of DB Queries
---------------------------------------  -----  ---------  --------  ----------  --------------  -------------------  ----------------------
/opt/airflow/dags/lead_data_pipeline.py                           1           0  1.06s           2025-06-27T21:10:32                      12
================================================================================
[2025-06-27T21:11:27.943+0000] {manager.py:997} INFO - 
================================================================================
DAG File Processing Stats

File Path                                PID    Runtime      # DAGs    # Errors  Last Runtime    Last Run               Last # of DB Queries
---------------------------------------  -----  ---------  --------  ----------  --------------  -------------------  ----------------------
/opt/airflow/dags/lead_data_pipeline.py                           1           0  0.47s           2025-06-27T21:11:03                      12
================================================================================
[2025-06-27T21:11:58.402+0000] {manager.py:997} INFO - 
================================================================================
DAG File Processing Stats

File Path                                PID    Runtime      # DAGs    # Errors  Last Runtime    Last Run               Last # of DB Queries
---------------------------------------  -----  ---------  --------  ----------  --------------  -------------------  ----------------------
/opt/airflow/dags/lead_data_pipeline.py                           1           0  2.30s           2025-06-27T21:11:35                      12
================================================================================
[2025-06-27T21:12:28.413+0000] {manager.py:997} INFO - 
================================================================================
DAG File Processing Stats

File Path                                PID    Runtime      # DAGs    # Errors  Last Runtime    Last Run               Last # of DB Queries
---------------------------------------  -----  ---------  --------  ----------  --------------  -------------------  ----------------------
/opt/airflow/dags/lead_data_pipeline.py                           1           0  0.63s           2025-06-27T21:12:06                      12
================================================================================
[2025-06-27T21:12:59.405+0000] {manager.py:997} INFO - 
================================================================================
DAG File Processing Stats

File Path                                PID    Runtime      # DAGs    # Errors  Last Runtime    Last Run               Last # of DB Queries
---------------------------------------  -----  ---------  --------  ----------  --------------  -------------------  ----------------------
/opt/airflow/dags/lead_data_pipeline.py                           1           0  0.59s           2025-06-27T21:12:37                      12
================================================================================
[2025-06-27T21:13:29.638+0000] {manager.py:997} INFO - 
================================================================================
DAG File Processing Stats

File Path                                PID    Runtime      # DAGs    # Errors  Last Runtime    Last Run               Last # of DB Queries
---------------------------------------  -----  ---------  --------  ----------  --------------  -------------------  ----------------------
/opt/airflow/dags/lead_data_pipeline.py                           1           0  0.68s           2025-06-27T21:13:08                      12
================================================================================
[2025-06-27T21:13:59.779+0000] {manager.py:997} INFO - 
================================================================================
DAG File Processing Stats

File Path                                PID    Runtime      # DAGs    # Errors  Last Runtime    Last Run               Last # of DB Queries
---------------------------------------  -----  ---------  --------  ----------  --------------  -------------------  ----------------------
/opt/airflow/dags/lead_data_pipeline.py                           1           0  0.62s           2025-06-27T21:13:39                      12
================================================================================
[2025-06-27T21:14:30.140+0000] {manager.py:997} INFO - 
================================================================================
DAG File Processing Stats

File Path                                PID    Runtime      # DAGs    # Errors  Last Runtime    Last Run               Last # of DB Queries
---------------------------------------  -----  ---------  --------  ----------  --------------  -------------------  ----------------------
/opt/airflow/dags/lead_data_pipeline.py                           1           0  0.67s           2025-06-27T21:14:10                      12
================================================================================
[2025-06-27T21:15:00.628+0000] {manager.py:997} INFO - 
================================================================================
DAG File Processing Stats

File Path                                PID    Runtime      # DAGs    # Errors  Last Runtime    Last Run               Last # of DB Queries
---------------------------------------  -----  ---------  --------  ----------  --------------  -------------------  ----------------------
/opt/airflow/dags/lead_data_pipeline.py                           1           0  0.41s           2025-06-27T21:14:40                      12
================================================================================
[2025-06-27T21:15:31.321+0000] {manager.py:997} INFO - 
================================================================================
DAG File Processing Stats

File Path                                PID    Runtime      # DAGs    # Errors  Last Runtime    Last Run               Last # of DB Queries
---------------------------------------  -----  ---------  --------  ----------  --------------  -------------------  ----------------------
/opt/airflow/dags/lead_data_pipeline.py                           1           0  1.40s           2025-06-27T21:15:12                      12
================================================================================
[2025-06-27T21:15:49.594+0000] {manager.py:821} INFO - Searching for files in /opt/airflow/dags
[2025-06-27T21:15:49.618+0000] {manager.py:824} INFO - There are 1 files in /opt/airflow/dags
[2025-06-27T21:16:01.794+0000] {manager.py:997} INFO - 
================================================================================
DAG File Processing Stats

File Path                                PID    Runtime      # DAGs    # Errors  Last Runtime    Last Run               Last # of DB Queries
---------------------------------------  -----  ---------  --------  ----------  --------------  -------------------  ----------------------
/opt/airflow/dags/lead_data_pipeline.py                           1           0  1.31s           2025-06-27T21:15:43                      12
================================================================================
[2025-06-27T21:16:32.245+0000] {manager.py:997} INFO - 
================================================================================
DAG File Processing Stats

File Path                                PID    Runtime      # DAGs    # Errors  Last Runtime    Last Run               Last # of DB Queries
---------------------------------------  -----  ---------  --------  ----------  --------------  -------------------  ----------------------
/opt/airflow/dags/lead_data_pipeline.py                           1           0  1.23s           2025-06-27T21:16:15                      12
================================================================================
[2025-06-27T21:17:02.268+0000] {manager.py:997} INFO - 
================================================================================
DAG File Processing Stats

File Path                                PID    Runtime      # DAGs    # Errors  Last Runtime    Last Run               Last # of DB Queries
---------------------------------------  -----  ---------  --------  ----------  --------------  -------------------  ----------------------
/opt/airflow/dags/lead_data_pipeline.py                           1           0  0.52s           2025-06-27T21:16:45                      12
================================================================================
[2025-06-27T21:17:32.391+0000] {manager.py:997} INFO - 
================================================================================
DAG File Processing Stats

File Path                                PID    Runtime      # DAGs    # Errors  Last Runtime    Last Run               Last # of DB Queries
---------------------------------------  -----  ---------  --------  ----------  --------------  -------------------  ----------------------
/opt/airflow/dags/lead_data_pipeline.py                           1           0  0.71s           2025-06-27T21:17:17                      12
================================================================================
[2025-06-27T21:18:02.898+0000] {manager.py:997} INFO - 
================================================================================
DAG File Processing Stats

File Path                                PID    Runtime      # DAGs    # Errors  Last Runtime    Last Run               Last # of DB Queries
---------------------------------------  -----  ---------  --------  ----------  --------------  -------------------  ----------------------
/opt/airflow/dags/lead_data_pipeline.py                           1           0  0.54s           2025-06-27T21:17:47                      12
================================================================================
[2025-06-27T21:18:33.692+0000] {manager.py:997} INFO - 
================================================================================
DAG File Processing Stats

File Path                                PID    Runtime      # DAGs    # Errors  Last Runtime    Last Run               Last # of DB Queries
---------------------------------------  -----  ---------  --------  ----------  --------------  -------------------  ----------------------
/opt/airflow/dags/lead_data_pipeline.py                           1           0  0.58s           2025-06-27T21:18:18                      12
================================================================================
[2025-06-27T21:19:04.079+0000] {manager.py:997} INFO - 
================================================================================
DAG File Processing Stats

File Path                                PID    Runtime      # DAGs    # Errors  Last Runtime    Last Run               Last # of DB Queries
---------------------------------------  -----  ---------  --------  ----------  --------------  -------------------  ----------------------
/opt/airflow/dags/lead_data_pipeline.py                           1           0  1.06s           2025-06-27T21:18:49                      12
================================================================================
[2025-06-27T21:19:34.275+0000] {manager.py:997} INFO - 
================================================================================
DAG File Processing Stats

File Path                                PID    Runtime      # DAGs    # Errors  Last Runtime    Last Run               Last # of DB Queries
---------------------------------------  -----  ---------  --------  ----------  --------------  -------------------  ----------------------
/opt/airflow/dags/lead_data_pipeline.py                           1           0  0.81s           2025-06-27T21:19:21                      12
================================================================================
[2025-06-27T21:20:04.572+0000] {manager.py:997} INFO - 
================================================================================
DAG File Processing Stats

File Path                                PID    Runtime      # DAGs    # Errors  Last Runtime    Last Run               Last # of DB Queries
---------------------------------------  -----  ---------  --------  ----------  --------------  -------------------  ----------------------
/opt/airflow/dags/lead_data_pipeline.py                           1           0  0.87s           2025-06-27T21:19:52                      12
================================================================================
[2025-06-27T21:20:34.640+0000] {manager.py:997} INFO - 
================================================================================
DAG File Processing Stats

File Path                                PID    Runtime      # DAGs    # Errors  Last Runtime    Last Run               Last # of DB Queries
---------------------------------------  -----  ---------  --------  ----------  --------------  -------------------  ----------------------
/opt/airflow/dags/lead_data_pipeline.py                           1           0  0.68s           2025-06-27T21:20:23                      12
================================================================================
[2025-06-27T21:20:49.852+0000] {manager.py:821} INFO - Searching for files in /opt/airflow/dags
[2025-06-27T21:20:49.862+0000] {manager.py:824} INFO - There are 1 files in /opt/airflow/dags
[2025-06-27T21:21:05.528+0000] {manager.py:997} INFO - 
================================================================================
DAG File Processing Stats

File Path                                PID    Runtime      # DAGs    # Errors  Last Runtime    Last Run               Last # of DB Queries
---------------------------------------  -----  ---------  --------  ----------  --------------  -------------------  ----------------------
/opt/airflow/dags/lead_data_pipeline.py                           1           0  0.56s           2025-06-27T21:20:54                      12
================================================================================
[2025-06-27T21:21:35.595+0000] {manager.py:997} INFO - 
================================================================================
DAG File Processing Stats

File Path                                PID    Runtime      # DAGs    # Errors  Last Runtime    Last Run               Last # of DB Queries
---------------------------------------  -----  ---------  --------  ----------  --------------  -------------------  ----------------------
/opt/airflow/dags/lead_data_pipeline.py                           1           0  1.59s           2025-06-27T21:21:26                      12
================================================================================
[2025-06-27T21:22:05.746+0000] {manager.py:997} INFO - 
================================================================================
DAG File Processing Stats

File Path                                PID    Runtime      # DAGs    # Errors  Last Runtime    Last Run               Last # of DB Queries
---------------------------------------  -----  ---------  --------  ----------  --------------  -------------------  ----------------------
/opt/airflow/dags/lead_data_pipeline.py                           1           0  0.84s           2025-06-27T21:21:57                      12
================================================================================
[2025-06-27T21:22:35.749+0000] {manager.py:997} INFO - 
================================================================================
DAG File Processing Stats

File Path                                PID    Runtime      # DAGs    # Errors  Last Runtime    Last Run               Last # of DB Queries
---------------------------------------  -----  ---------  --------  ----------  --------------  -------------------  ----------------------
/opt/airflow/dags/lead_data_pipeline.py                           1           0  0.62s           2025-06-27T21:22:28                      12
================================================================================
[2025-06-27T21:23:06.137+0000] {manager.py:997} INFO - 
================================================================================
DAG File Processing Stats

File Path                                PID    Runtime      # DAGs    # Errors  Last Runtime    Last Run               Last # of DB Queries
---------------------------------------  -----  ---------  --------  ----------  --------------  -------------------  ----------------------
/opt/airflow/dags/lead_data_pipeline.py                           1           0  0.57s           2025-06-27T21:22:59                      12
================================================================================
[2025-06-27T21:23:36.263+0000] {manager.py:997} INFO - 
================================================================================
DAG File Processing Stats

File Path                                PID    Runtime      # DAGs    # Errors  Last Runtime    Last Run               Last # of DB Queries
---------------------------------------  -----  ---------  --------  ----------  --------------  -------------------  ----------------------
/opt/airflow/dags/lead_data_pipeline.py                           1           0  0.72s           2025-06-27T21:23:30                      12
================================================================================
[2025-06-27T21:24:06.719+0000] {manager.py:997} INFO - 
================================================================================
DAG File Processing Stats

File Path                                PID    Runtime      # DAGs    # Errors  Last Runtime    Last Run               Last # of DB Queries
---------------------------------------  -----  ---------  --------  ----------  --------------  -------------------  ----------------------
/opt/airflow/dags/lead_data_pipeline.py                           1           0  0.82s           2025-06-27T21:24:01                      12
================================================================================
[2025-06-27T21:24:37.029+0000] {manager.py:997} INFO - 
================================================================================
DAG File Processing Stats

File Path                                PID    Runtime      # DAGs    # Errors  Last Runtime    Last Run               Last # of DB Queries
---------------------------------------  -----  ---------  --------  ----------  --------------  -------------------  ----------------------
/opt/airflow/dags/lead_data_pipeline.py                           1           0  0.51s           2025-06-27T21:24:31                      12
================================================================================
[2025-06-27T21:25:07.194+0000] {manager.py:997} INFO - 
================================================================================
DAG File Processing Stats

File Path                                PID    Runtime      # DAGs    # Errors  Last Runtime    Last Run               Last # of DB Queries
---------------------------------------  -----  ---------  --------  ----------  --------------  -------------------  ----------------------
/opt/airflow/dags/lead_data_pipeline.py                           1           0  0.66s           2025-06-27T21:25:02                      12
================================================================================
[2025-06-27T21:25:37.594+0000] {manager.py:997} INFO - 
================================================================================
DAG File Processing Stats

File Path                                PID    Runtime      # DAGs    # Errors  Last Runtime    Last Run               Last # of DB Queries
---------------------------------------  -----  ---------  --------  ----------  --------------  -------------------  ----------------------
/opt/airflow/dags/lead_data_pipeline.py                           1           0  1.83s           2025-06-27T21:25:14                      34
================================================================================
[2025-06-27T21:25:50.026+0000] {manager.py:821} INFO - Searching for files in /opt/airflow/dags
[2025-06-27T21:25:50.041+0000] {manager.py:824} INFO - There are 1 files in /opt/airflow/dags
[2025-06-27T21:26:08.292+0000] {manager.py:997} INFO - 
================================================================================
DAG File Processing Stats

File Path                                PID    Runtime      # DAGs    # Errors  Last Runtime    Last Run               Last # of DB Queries
---------------------------------------  -----  ---------  --------  ----------  --------------  -------------------  ----------------------
/opt/airflow/dags/lead_data_pipeline.py                           1           0  1.08s           2025-06-27T21:25:45                      12
================================================================================
[2025-06-27T21:26:39.000+0000] {manager.py:997} INFO - 
================================================================================
DAG File Processing Stats

File Path                                PID    Runtime      # DAGs    # Errors  Last Runtime    Last Run               Last # of DB Queries
---------------------------------------  -----  ---------  --------  ----------  --------------  -------------------  ----------------------
/opt/airflow/dags/lead_data_pipeline.py                           1           0  1.23s           2025-06-27T21:26:17                      12
================================================================================
[2025-06-27T21:27:09.071+0000] {manager.py:997} INFO - 
================================================================================
DAG File Processing Stats

File Path                                PID    Runtime      # DAGs    # Errors  Last Runtime    Last Run               Last # of DB Queries
---------------------------------------  -----  ---------  --------  ----------  --------------  -------------------  ----------------------
/opt/airflow/dags/lead_data_pipeline.py                           1           0  0.59s           2025-06-27T21:26:48                      12
================================================================================
[2025-06-27T21:27:39.410+0000] {manager.py:997} INFO - 
================================================================================
DAG File Processing Stats

File Path                                PID    Runtime      # DAGs    # Errors  Last Runtime    Last Run               Last # of DB Queries
---------------------------------------  -----  ---------  --------  ----------  --------------  -------------------  ----------------------
/opt/airflow/dags/lead_data_pipeline.py                           1           0  0.53s           2025-06-27T21:27:19                      12
================================================================================
[2025-06-27T21:28:09.689+0000] {manager.py:997} INFO - 
================================================================================
DAG File Processing Stats

File Path                                PID    Runtime      # DAGs    # Errors  Last Runtime    Last Run               Last # of DB Queries
---------------------------------------  -----  ---------  --------  ----------  --------------  -------------------  ----------------------
/opt/airflow/dags/lead_data_pipeline.py                           1           0  0.57s           2025-06-27T21:27:50                      12
================================================================================
[2025-06-27T21:28:40.070+0000] {manager.py:997} INFO - 
================================================================================
DAG File Processing Stats

File Path                                PID    Runtime      # DAGs    # Errors  Last Runtime    Last Run               Last # of DB Queries
---------------------------------------  -----  ---------  --------  ----------  --------------  -------------------  ----------------------
/opt/airflow/dags/lead_data_pipeline.py                           1           0  1.73s           2025-06-27T21:28:35                      34
================================================================================
[2025-06-27T21:29:10.172+0000] {manager.py:997} INFO - 
================================================================================
DAG File Processing Stats

File Path                                PID    Runtime      # DAGs    # Errors  Last Runtime    Last Run               Last # of DB Queries
---------------------------------------  -----  ---------  --------  ----------  --------------  -------------------  ----------------------
/opt/airflow/dags/lead_data_pipeline.py                           1           0  0.74s           2025-06-27T21:29:06                      12
================================================================================
[2025-06-27T21:29:40.448+0000] {manager.py:997} INFO - 
================================================================================
DAG File Processing Stats

File Path                                PID    Runtime      # DAGs    # Errors  Last Runtime    Last Run               Last # of DB Queries
---------------------------------------  -----  ---------  --------  ----------  --------------  -------------------  ----------------------
/opt/airflow/dags/lead_data_pipeline.py                           1           0  2.05s           2025-06-27T21:29:19                      33
================================================================================
[2025-06-27T21:30:11.050+0000] {manager.py:997} INFO - 
================================================================================
DAG File Processing Stats

File Path                                PID    Runtime      # DAGs    # Errors  Last Runtime    Last Run               Last # of DB Queries
---------------------------------------  -----  ---------  --------  ----------  --------------  -------------------  ----------------------
/opt/airflow/dags/lead_data_pipeline.py                           1           0  0.78s           2025-06-27T21:29:50                      12
================================================================================
[2025-06-27T21:30:41.152+0000] {manager.py:997} INFO - 
================================================================================
DAG File Processing Stats

File Path                                PID    Runtime      # DAGs    # Errors  Last Runtime    Last Run               Last # of DB Queries
---------------------------------------  -----  ---------  --------  ----------  --------------  -------------------  ----------------------
/opt/airflow/dags/lead_data_pipeline.py                           1           0  0.90s           2025-06-27T21:30:22                      12
================================================================================
[2025-06-27T21:30:50.397+0000] {manager.py:821} INFO - Searching for files in /opt/airflow/dags
[2025-06-27T21:30:50.425+0000] {manager.py:824} INFO - There are 1 files in /opt/airflow/dags
[2025-06-27T21:31:11.671+0000] {manager.py:997} INFO - 
================================================================================
DAG File Processing Stats

File Path                                PID    Runtime      # DAGs    # Errors  Last Runtime    Last Run               Last # of DB Queries
---------------------------------------  -----  ---------  --------  ----------  --------------  -------------------  ----------------------
/opt/airflow/dags/lead_data_pipeline.py                           1           0  1.43s           2025-06-27T21:30:53                      12
================================================================================
[2025-06-27T21:31:42.533+0000] {manager.py:997} INFO - 
================================================================================
DAG File Processing Stats

File Path                                PID    Runtime      # DAGs    # Errors  Last Runtime    Last Run               Last # of DB Queries
---------------------------------------  -----  ---------  --------  ----------  --------------  -------------------  ----------------------
/opt/airflow/dags/lead_data_pipeline.py                           1           0  1.24s           2025-06-27T21:31:27                      11
================================================================================
[2025-06-27T21:32:12.791+0000] {manager.py:997} INFO - 
================================================================================
DAG File Processing Stats

File Path                                PID    Runtime      # DAGs    # Errors  Last Runtime    Last Run               Last # of DB Queries
---------------------------------------  -----  ---------  --------  ----------  --------------  -------------------  ----------------------
/opt/airflow/dags/lead_data_pipeline.py                           1           0  0.66s           2025-06-27T21:31:58                      12
================================================================================
[2025-06-27T21:32:43.071+0000] {manager.py:997} INFO - 
================================================================================
DAG File Processing Stats

File Path                                PID    Runtime      # DAGs    # Errors  Last Runtime    Last Run               Last # of DB Queries
---------------------------------------  -----  ---------  --------  ----------  --------------  -------------------  ----------------------
/opt/airflow/dags/lead_data_pipeline.py                           1           0  0.57s           2025-06-27T21:32:29                      12
================================================================================
[2025-06-27T21:33:13.720+0000] {manager.py:997} INFO - 
================================================================================
DAG File Processing Stats

File Path                                PID    Runtime      # DAGs    # Errors  Last Runtime    Last Run               Last # of DB Queries
---------------------------------------  -----  ---------  --------  ----------  --------------  -------------------  ----------------------
/opt/airflow/dags/lead_data_pipeline.py                           1           0  1.11s           2025-06-27T21:33:01                      12
================================================================================
[2025-06-27T21:33:44.703+0000] {manager.py:997} INFO - 
================================================================================
DAG File Processing Stats

File Path                                PID    Runtime      # DAGs    # Errors  Last Runtime    Last Run               Last # of DB Queries
---------------------------------------  -----  ---------  --------  ----------  --------------  -------------------  ----------------------
/opt/airflow/dags/lead_data_pipeline.py                           1           0  0.91s           2025-06-27T21:33:32                      12
================================================================================
[2025-06-27T21:34:15.026+0000] {manager.py:997} INFO - 
================================================================================
DAG File Processing Stats

File Path                                PID    Runtime      # DAGs    # Errors  Last Runtime    Last Run               Last # of DB Queries
---------------------------------------  -----  ---------  --------  ----------  --------------  -------------------  ----------------------
/opt/airflow/dags/lead_data_pipeline.py                           1           0  0.63s           2025-06-27T21:34:03                      12
================================================================================
[2025-06-27T21:34:45.143+0000] {manager.py:997} INFO - 
================================================================================
DAG File Processing Stats

File Path                                  PID  Runtime      # DAGs    # Errors  Last Runtime    Last Run               Last # of DB Queries
---------------------------------------  -----  ---------  --------  ----------  --------------  -------------------  ----------------------
/opt/airflow/dags/lead_data_pipeline.py   1641  3.16s             1           0  1.89s           2025-06-27T21:34:35                      12
================================================================================
[2025-06-27T21:35:15.853+0000] {manager.py:997} INFO - 
================================================================================
DAG File Processing Stats

File Path                                PID    Runtime      # DAGs    # Errors  Last Runtime    Last Run               Last # of DB Queries
---------------------------------------  -----  ---------  --------  ----------  --------------  -------------------  ----------------------
/opt/airflow/dags/lead_data_pipeline.py                           1           0  6.39s           2025-06-27T21:34:48                      12
================================================================================
[2025-06-27T21:35:46.090+0000] {manager.py:997} INFO - 
================================================================================
DAG File Processing Stats

File Path                                PID    Runtime      # DAGs    # Errors  Last Runtime    Last Run               Last # of DB Queries
---------------------------------------  -----  ---------  --------  ----------  --------------  -------------------  ----------------------
/opt/airflow/dags/lead_data_pipeline.py                           1           0  1.88s           2025-06-27T21:35:20                      12
================================================================================
[2025-06-27T21:35:50.619+0000] {manager.py:821} INFO - Searching for files in /opt/airflow/dags
[2025-06-27T21:35:50.719+0000] {manager.py:824} INFO - There are 1 files in /opt/airflow/dags
[2025-06-27T21:36:16.454+0000] {manager.py:997} INFO - 
================================================================================
DAG File Processing Stats

File Path                                PID    Runtime      # DAGs    # Errors  Last Runtime    Last Run               Last # of DB Queries
---------------------------------------  -----  ---------  --------  ----------  --------------  -------------------  ----------------------
/opt/airflow/dags/lead_data_pipeline.py                           1           0  1.43s           2025-06-27T21:36:16                      11
================================================================================
[2025-06-27T21:36:46.566+0000] {manager.py:997} INFO - 
================================================================================
DAG File Processing Stats

File Path                                  PID  Runtime      # DAGs    # Errors  Last Runtime    Last Run               Last # of DB Queries
---------------------------------------  -----  ---------  --------  ----------  --------------  -------------------  ----------------------
/opt/airflow/dags/lead_data_pipeline.py   1682  0.01s             1           0  1.43s           2025-06-27T21:36:16                      11
================================================================================
[2025-06-27T21:37:16.767+0000] {manager.py:997} INFO - 
================================================================================
DAG File Processing Stats

File Path                                PID    Runtime      # DAGs    # Errors  Last Runtime    Last Run               Last # of DB Queries
---------------------------------------  -----  ---------  --------  ----------  --------------  -------------------  ----------------------
/opt/airflow/dags/lead_data_pipeline.py                           1           0  0.77s           2025-06-27T21:36:47                      12
================================================================================
[2025-06-27T21:37:46.825+0000] {manager.py:997} INFO - 
================================================================================
DAG File Processing Stats

File Path                                PID    Runtime      # DAGs    # Errors  Last Runtime    Last Run               Last # of DB Queries
---------------------------------------  -----  ---------  --------  ----------  --------------  -------------------  ----------------------
/opt/airflow/dags/lead_data_pipeline.py                           1           0  0.49s           2025-06-27T21:37:18                      12
================================================================================
[2025-06-27T21:38:17.314+0000] {manager.py:997} INFO - 
================================================================================
DAG File Processing Stats

File Path                                PID    Runtime      # DAGs    # Errors  Last Runtime    Last Run               Last # of DB Queries
---------------------------------------  -----  ---------  --------  ----------  --------------  -------------------  ----------------------
/opt/airflow/dags/lead_data_pipeline.py                           1           0  0.58s           2025-06-27T21:37:49                      12
================================================================================
[2025-06-27T21:38:47.651+0000] {manager.py:997} INFO - 
================================================================================
DAG File Processing Stats

File Path                                PID    Runtime      # DAGs    # Errors  Last Runtime    Last Run               Last # of DB Queries
---------------------------------------  -----  ---------  --------  ----------  --------------  -------------------  ----------------------
/opt/airflow/dags/lead_data_pipeline.py                           1           0  0.89s           2025-06-27T21:38:20                      12
================================================================================
[2025-06-27T21:39:17.925+0000] {manager.py:997} INFO - 
================================================================================
DAG File Processing Stats

File Path                                PID    Runtime      # DAGs    # Errors  Last Runtime    Last Run               Last # of DB Queries
---------------------------------------  -----  ---------  --------  ----------  --------------  -------------------  ----------------------
/opt/airflow/dags/lead_data_pipeline.py                           1           0  0.83s           2025-06-27T21:38:51                      12
================================================================================
[2025-06-27T21:39:48.415+0000] {manager.py:997} INFO - 
================================================================================
DAG File Processing Stats

File Path                                PID    Runtime      # DAGs    # Errors  Last Runtime    Last Run               Last # of DB Queries
---------------------------------------  -----  ---------  --------  ----------  --------------  -------------------  ----------------------
/opt/airflow/dags/lead_data_pipeline.py                           1           0  1.48s           2025-06-27T21:39:23                      12
================================================================================
[2025-06-27T21:40:18.547+0000] {manager.py:997} INFO - 
================================================================================
DAG File Processing Stats

File Path                                PID    Runtime      # DAGs    # Errors  Last Runtime    Last Run               Last # of DB Queries
---------------------------------------  -----  ---------  --------  ----------  --------------  -------------------  ----------------------
/opt/airflow/dags/lead_data_pipeline.py                           1           0  0.99s           2025-06-27T21:39:54                      12
================================================================================
[2025-06-27T21:40:48.855+0000] {manager.py:997} INFO - 
================================================================================
DAG File Processing Stats

File Path                                PID    Runtime      # DAGs    # Errors  Last Runtime    Last Run               Last # of DB Queries
---------------------------------------  -----  ---------  --------  ----------  --------------  -------------------  ----------------------
/opt/airflow/dags/lead_data_pipeline.py                           1           0  0.98s           2025-06-27T21:40:25                      12
================================================================================
[2025-06-27T21:40:50.884+0000] {manager.py:821} INFO - Searching for files in /opt/airflow/dags
[2025-06-27T21:40:50.903+0000] {manager.py:824} INFO - There are 1 files in /opt/airflow/dags
[2025-06-27T21:41:18.931+0000] {manager.py:997} INFO - 
================================================================================
DAG File Processing Stats

File Path                                PID    Runtime      # DAGs    # Errors  Last Runtime    Last Run               Last # of DB Queries
---------------------------------------  -----  ---------  --------  ----------  --------------  -------------------  ----------------------
/opt/airflow/dags/lead_data_pipeline.py                           1           0  1.06s           2025-06-27T21:40:57                      12
================================================================================
[2025-06-27T21:41:49.691+0000] {manager.py:997} INFO - 
================================================================================
DAG File Processing Stats

File Path                                PID    Runtime      # DAGs    # Errors  Last Runtime    Last Run               Last # of DB Queries
---------------------------------------  -----  ---------  --------  ----------  --------------  -------------------  ----------------------
/opt/airflow/dags/lead_data_pipeline.py                           1           0  1.16s           2025-06-27T21:41:29                      12
================================================================================
[2025-06-27T21:42:20.626+0000] {manager.py:997} INFO - 
================================================================================
DAG File Processing Stats

File Path                                PID    Runtime      # DAGs    # Errors  Last Runtime    Last Run               Last # of DB Queries
---------------------------------------  -----  ---------  --------  ----------  --------------  -------------------  ----------------------
/opt/airflow/dags/lead_data_pipeline.py                           1           0  0.94s           2025-06-27T21:42:00                      12
================================================================================
[2025-06-27T21:42:50.986+0000] {manager.py:997} INFO - 
================================================================================
DAG File Processing Stats

File Path                                PID    Runtime      # DAGs    # Errors  Last Runtime    Last Run               Last # of DB Queries
---------------------------------------  -----  ---------  --------  ----------  --------------  -------------------  ----------------------
/opt/airflow/dags/lead_data_pipeline.py                           1           0  1.58s           2025-06-27T21:42:27                      12
================================================================================
[2025-06-27T21:43:21.609+0000] {manager.py:997} INFO - 
================================================================================
DAG File Processing Stats

File Path                                PID    Runtime      # DAGs    # Errors  Last Runtime    Last Run               Last # of DB Queries
---------------------------------------  -----  ---------  --------  ----------  --------------  -------------------  ----------------------
/opt/airflow/dags/lead_data_pipeline.py                           1           0  1.66s           2025-06-27T21:42:59                      12
================================================================================
[2025-06-27T21:43:52.331+0000] {manager.py:997} INFO - 
================================================================================
DAG File Processing Stats

File Path                                PID    Runtime      # DAGs    # Errors  Last Runtime    Last Run               Last # of DB Queries
---------------------------------------  -----  ---------  --------  ----------  --------------  -------------------  ----------------------
/opt/airflow/dags/lead_data_pipeline.py                           1           0  1.06s           2025-06-27T21:43:30                      12
================================================================================
[2025-06-27T21:44:23.047+0000] {manager.py:997} INFO - 
================================================================================
DAG File Processing Stats

File Path                                PID    Runtime      # DAGs    # Errors  Last Runtime    Last Run               Last # of DB Queries
---------------------------------------  -----  ---------  --------  ----------  --------------  -------------------  ----------------------
/opt/airflow/dags/lead_data_pipeline.py                           1           0  1.39s           2025-06-27T21:44:02                      12
================================================================================
[2025-06-27T21:44:53.245+0000] {manager.py:997} INFO - 
================================================================================
DAG File Processing Stats

File Path                                PID    Runtime      # DAGs    # Errors  Last Runtime    Last Run               Last # of DB Queries
---------------------------------------  -----  ---------  --------  ----------  --------------  -------------------  ----------------------
/opt/airflow/dags/lead_data_pipeline.py                           1           0  2.23s           2025-06-27T21:44:40                      11
================================================================================
[2025-06-27T21:45:23.258+0000] {manager.py:997} INFO - 
================================================================================
DAG File Processing Stats

File Path                                PID    Runtime      # DAGs    # Errors  Last Runtime    Last Run               Last # of DB Queries
---------------------------------------  -----  ---------  --------  ----------  --------------  -------------------  ----------------------
/opt/airflow/dags/lead_data_pipeline.py                           1           0  1.43s           2025-06-27T21:45:12                      12
================================================================================
[2025-06-27T21:45:50.887+0000] {manager.py:821} INFO - Searching for files in /opt/airflow/dags
[2025-06-27T21:45:50.920+0000] {manager.py:824} INFO - There are 1 files in /opt/airflow/dags
[2025-06-27T21:45:53.334+0000] {manager.py:997} INFO - 
================================================================================
DAG File Processing Stats

File Path                                  PID  Runtime      # DAGs    # Errors  Last Runtime    Last Run               Last # of DB Queries
---------------------------------------  -----  ---------  --------  ----------  --------------  -------------------  ----------------------
/opt/airflow/dags/lead_data_pipeline.py   1831  1.23s             1           0  2.40s           2025-06-27T21:45:44                      12
================================================================================
[2025-06-27T21:46:23.866+0000] {manager.py:997} INFO - 
================================================================================
DAG File Processing Stats

File Path                                PID    Runtime      # DAGs    # Errors  Last Runtime    Last Run               Last # of DB Queries
---------------------------------------  -----  ---------  --------  ----------  --------------  -------------------  ----------------------
/opt/airflow/dags/lead_data_pipeline.py                           1           0  1.17s           2025-06-27T21:46:08                      11
================================================================================
[2025-06-27T21:46:54.639+0000] {manager.py:997} INFO - 
================================================================================
DAG File Processing Stats

File Path                                PID    Runtime      # DAGs    # Errors  Last Runtime    Last Run               Last # of DB Queries
---------------------------------------  -----  ---------  --------  ----------  --------------  -------------------  ----------------------
/opt/airflow/dags/lead_data_pipeline.py                           1           0  0.94s           2025-06-27T21:46:40                      12
================================================================================
[2025-06-27T21:47:25.451+0000] {manager.py:997} INFO - 
================================================================================
DAG File Processing Stats

File Path                                PID    Runtime      # DAGs    # Errors  Last Runtime    Last Run               Last # of DB Queries
---------------------------------------  -----  ---------  --------  ----------  --------------  -------------------  ----------------------
/opt/airflow/dags/lead_data_pipeline.py                           1           0  1.30s           2025-06-27T21:47:12                      12
================================================================================
[2025-06-27T21:47:55.895+0000] {manager.py:997} INFO - 
================================================================================
DAG File Processing Stats

File Path                                PID    Runtime      # DAGs    # Errors  Last Runtime    Last Run               Last # of DB Queries
---------------------------------------  -----  ---------  --------  ----------  --------------  -------------------  ----------------------
/opt/airflow/dags/lead_data_pipeline.py                           1           0  1.61s           2025-06-27T21:47:47                      11
================================================================================
[2025-06-27T21:48:26.073+0000] {manager.py:997} INFO - 
================================================================================
DAG File Processing Stats

File Path                                PID    Runtime      # DAGs    # Errors  Last Runtime    Last Run               Last # of DB Queries
---------------------------------------  -----  ---------  --------  ----------  --------------  -------------------  ----------------------
/opt/airflow/dags/lead_data_pipeline.py                           1           0  1.15s           2025-06-27T21:48:19                      12
================================================================================
[2025-06-27T21:48:56.198+0000] {manager.py:997} INFO - 
================================================================================
DAG File Processing Stats

File Path                                PID    Runtime      # DAGs    # Errors  Last Runtime    Last Run               Last # of DB Queries
---------------------------------------  -----  ---------  --------  ----------  --------------  -------------------  ----------------------
/opt/airflow/dags/lead_data_pipeline.py                           1           0  0.84s           2025-06-27T21:48:50                      12
================================================================================
[2025-06-27T21:49:26.395+0000] {manager.py:997} INFO - 
================================================================================
DAG File Processing Stats

File Path                                PID    Runtime      # DAGs    # Errors  Last Runtime    Last Run               Last # of DB Queries
---------------------------------------  -----  ---------  --------  ----------  --------------  -------------------  ----------------------
/opt/airflow/dags/lead_data_pipeline.py                           1           0  0.68s           2025-06-27T21:49:21                      12
================================================================================
[2025-06-27T21:49:57.097+0000] {manager.py:997} INFO - 
================================================================================
DAG File Processing Stats

File Path                                PID    Runtime      # DAGs    # Errors  Last Runtime    Last Run               Last # of DB Queries
---------------------------------------  -----  ---------  --------  ----------  --------------  -------------------  ----------------------
/opt/airflow/dags/lead_data_pipeline.py                           1           0  1.22s           2025-06-27T21:49:53                      12
================================================================================
[2025-06-27T21:50:27.775+0000] {manager.py:997} INFO - 
================================================================================
DAG File Processing Stats

File Path                                PID    Runtime      # DAGs    # Errors  Last Runtime    Last Run               Last # of DB Queries
---------------------------------------  -----  ---------  --------  ----------  --------------  -------------------  ----------------------
/opt/airflow/dags/lead_data_pipeline.py                           1           0  1.07s           2025-06-27T21:50:24                      12
================================================================================
[2025-06-27T21:50:51.191+0000] {manager.py:821} INFO - Searching for files in /opt/airflow/dags
[2025-06-27T21:50:51.205+0000] {manager.py:824} INFO - There are 1 files in /opt/airflow/dags
[2025-06-27T21:50:58.389+0000] {manager.py:997} INFO - 
================================================================================
DAG File Processing Stats

File Path                                PID    Runtime      # DAGs    # Errors  Last Runtime    Last Run               Last # of DB Queries
---------------------------------------  -----  ---------  --------  ----------  --------------  -------------------  ----------------------
/opt/airflow/dags/lead_data_pipeline.py                           1           0  1.12s           2025-06-27T21:50:56                      12
================================================================================
[2025-06-27T21:51:28.515+0000] {manager.py:997} INFO - 
================================================================================
DAG File Processing Stats

File Path                                PID    Runtime      # DAGs    # Errors  Last Runtime    Last Run               Last # of DB Queries
---------------------------------------  -----  ---------  --------  ----------  --------------  -------------------  ----------------------
/opt/airflow/dags/lead_data_pipeline.py                           1           0  1.07s           2025-06-27T21:51:28                      12
================================================================================
[2025-06-27T21:51:59.397+0000] {manager.py:997} INFO - 
================================================================================
DAG File Processing Stats

File Path                                  PID  Runtime      # DAGs    # Errors  Last Runtime    Last Run               Last # of DB Queries
---------------------------------------  -----  ---------  --------  ----------  --------------  -------------------  ----------------------
/opt/airflow/dags/lead_data_pipeline.py   1934  0.01s             1           0  1.07s           2025-06-27T21:51:28                      12
================================================================================
[2025-06-27T21:52:29.860+0000] {manager.py:997} INFO - 
================================================================================
DAG File Processing Stats

File Path                                PID    Runtime      # DAGs    # Errors  Last Runtime    Last Run               Last # of DB Queries
---------------------------------------  -----  ---------  --------  ----------  --------------  -------------------  ----------------------
/opt/airflow/dags/lead_data_pipeline.py                           1           0  0.60s           2025-06-27T21:51:59                      12
================================================================================
[2025-06-27T21:53:00.375+0000] {manager.py:997} INFO - 
================================================================================
DAG File Processing Stats

File Path                                PID    Runtime      # DAGs    # Errors  Last Runtime    Last Run               Last # of DB Queries
---------------------------------------  -----  ---------  --------  ----------  --------------  -------------------  ----------------------
/opt/airflow/dags/lead_data_pipeline.py                           1           0  0.88s           2025-06-27T21:52:31                      12
================================================================================
[2025-06-27T21:53:30.756+0000] {manager.py:997} INFO - 
================================================================================
DAG File Processing Stats

File Path                                PID    Runtime      # DAGs    # Errors  Last Runtime    Last Run               Last # of DB Queries
---------------------------------------  -----  ---------  --------  ----------  --------------  -------------------  ----------------------
/opt/airflow/dags/lead_data_pipeline.py                           1           0  1.03s           2025-06-27T21:53:02                      12
================================================================================
