[2025-06-27T20:00:46.446+0000] {processor.py:186} INFO - Started process (PID=192) to work on /opt/airflow/dags/lead_data_pipeline.py
[2025-06-27T20:00:46.448+0000] {processor.py:914} INFO - Processing file /opt/airflow/dags/lead_data_pipeline.py for tasks to queue
[2025-06-27T20:00:46.482+0000] {logging_mixin.py:190} INFO - [2025-06-27T20:00:46.478+0000] {dagbag.py:588} INFO - Filling up the DagBag from /opt/airflow/dags/lead_data_pipeline.py
[2025-06-27T20:00:46.675+0000] {processor.py:925} INFO - DAG(s) 'lead_data_pipeline' retrieved from /opt/airflow/dags/lead_data_pipeline.py
[2025-06-27T20:00:51.536+0000] {logging_mixin.py:190} INFO - [2025-06-27T20:00:51.534+0000] {override.py:1900} INFO - Created Permission View: can read on DAG:lead_data_pipeline
[2025-06-27T20:00:51.574+0000] {logging_mixin.py:190} INFO - [2025-06-27T20:00:51.573+0000] {override.py:1900} INFO - Created Permission View: can edit on DAG:lead_data_pipeline
[2025-06-27T20:00:51.595+0000] {logging_mixin.py:190} INFO - [2025-06-27T20:00:51.594+0000] {override.py:1900} INFO - Created Permission View: can delete on DAG:lead_data_pipeline
[2025-06-27T20:00:51.612+0000] {logging_mixin.py:190} INFO - [2025-06-27T20:00:51.611+0000] {override.py:1900} INFO - Created Permission View: menu access on DAG Run:lead_data_pipeline
[2025-06-27T20:00:51.631+0000] {logging_mixin.py:190} INFO - [2025-06-27T20:00:51.630+0000] {override.py:1900} INFO - Created Permission View: can read on DAG Run:lead_data_pipeline
[2025-06-27T20:00:51.646+0000] {logging_mixin.py:190} INFO - [2025-06-27T20:00:51.646+0000] {override.py:1900} INFO - Created Permission View: can create on DAG Run:lead_data_pipeline
[2025-06-27T20:00:51.662+0000] {logging_mixin.py:190} INFO - [2025-06-27T20:00:51.661+0000] {override.py:1900} INFO - Created Permission View: can delete on DAG Run:lead_data_pipeline
[2025-06-27T20:00:51.663+0000] {logging_mixin.py:190} INFO - [2025-06-27T20:00:51.663+0000] {dag.py:3239} INFO - Sync 1 DAGs
[2025-06-27T20:00:51.696+0000] {logging_mixin.py:190} INFO - [2025-06-27T20:00:51.696+0000] {dag.py:3262} INFO - Creating ORM DAG for lead_data_pipeline
[2025-06-27T20:00:51.718+0000] {logging_mixin.py:190} INFO - [2025-06-27T20:00:51.718+0000] {dag.py:4180} INFO - Setting next_dagrun for lead_data_pipeline to 2025-06-26 10:00:00+00:00, run_after=2025-06-27 10:00:00+00:00
[2025-06-27T20:00:51.758+0000] {processor.py:208} INFO - Processing /opt/airflow/dags/lead_data_pipeline.py took 5.402 seconds
[2025-06-27T20:01:22.004+0000] {processor.py:186} INFO - Started process (PID=199) to work on /opt/airflow/dags/lead_data_pipeline.py
[2025-06-27T20:01:22.007+0000] {processor.py:914} INFO - Processing file /opt/airflow/dags/lead_data_pipeline.py for tasks to queue
[2025-06-27T20:01:22.012+0000] {logging_mixin.py:190} INFO - [2025-06-27T20:01:22.011+0000] {dagbag.py:588} INFO - Filling up the DagBag from /opt/airflow/dags/lead_data_pipeline.py
[2025-06-27T20:01:22.041+0000] {processor.py:925} INFO - DAG(s) 'lead_data_pipeline' retrieved from /opt/airflow/dags/lead_data_pipeline.py
[2025-06-27T20:01:22.118+0000] {logging_mixin.py:190} INFO - [2025-06-27T20:01:22.117+0000] {dag.py:3239} INFO - Sync 1 DAGs
[2025-06-27T20:01:22.493+0000] {logging_mixin.py:190} INFO - [2025-06-27T20:01:22.492+0000] {dag.py:4180} INFO - Setting next_dagrun for lead_data_pipeline to 2025-06-26 10:00:00+00:00, run_after=2025-06-27 10:00:00+00:00
[2025-06-27T20:01:22.534+0000] {processor.py:208} INFO - Processing /opt/airflow/dags/lead_data_pipeline.py took 0.538 seconds
[2025-06-27T20:01:52.685+0000] {processor.py:186} INFO - Started process (PID=206) to work on /opt/airflow/dags/lead_data_pipeline.py
[2025-06-27T20:01:52.688+0000] {processor.py:914} INFO - Processing file /opt/airflow/dags/lead_data_pipeline.py for tasks to queue
[2025-06-27T20:01:52.699+0000] {logging_mixin.py:190} INFO - [2025-06-27T20:01:52.695+0000] {dagbag.py:588} INFO - Filling up the DagBag from /opt/airflow/dags/lead_data_pipeline.py
[2025-06-27T20:01:52.793+0000] {processor.py:925} INFO - DAG(s) 'lead_data_pipeline' retrieved from /opt/airflow/dags/lead_data_pipeline.py
[2025-06-27T20:01:53.599+0000] {logging_mixin.py:190} INFO - [2025-06-27T20:01:53.598+0000] {dag.py:3239} INFO - Sync 1 DAGs
[2025-06-27T20:01:53.671+0000] {logging_mixin.py:190} INFO - [2025-06-27T20:01:53.670+0000] {dag.py:4180} INFO - Setting next_dagrun for lead_data_pipeline to 2025-06-26 10:00:00+00:00, run_after=2025-06-27 10:00:00+00:00
[2025-06-27T20:01:53.719+0000] {processor.py:208} INFO - Processing /opt/airflow/dags/lead_data_pipeline.py took 1.052 seconds
[2025-06-27T20:02:24.349+0000] {processor.py:186} INFO - Started process (PID=220) to work on /opt/airflow/dags/lead_data_pipeline.py
[2025-06-27T20:02:24.352+0000] {processor.py:914} INFO - Processing file /opt/airflow/dags/lead_data_pipeline.py for tasks to queue
[2025-06-27T20:02:24.361+0000] {logging_mixin.py:190} INFO - [2025-06-27T20:02:24.360+0000] {dagbag.py:588} INFO - Filling up the DagBag from /opt/airflow/dags/lead_data_pipeline.py
[2025-06-27T20:02:24.774+0000] {processor.py:925} INFO - DAG(s) 'lead_data_pipeline' retrieved from /opt/airflow/dags/lead_data_pipeline.py
[2025-06-27T20:02:24.951+0000] {logging_mixin.py:190} INFO - [2025-06-27T20:02:24.950+0000] {dag.py:3239} INFO - Sync 1 DAGs
[2025-06-27T20:02:25.064+0000] {logging_mixin.py:190} INFO - [2025-06-27T20:02:25.063+0000] {dag.py:4180} INFO - Setting next_dagrun for lead_data_pipeline to 2025-06-26 10:00:00+00:00, run_after=2025-06-27 10:00:00+00:00
[2025-06-27T20:02:25.121+0000] {processor.py:208} INFO - Processing /opt/airflow/dags/lead_data_pipeline.py took 0.788 seconds
[2025-06-27T20:02:55.997+0000] {processor.py:186} INFO - Started process (PID=227) to work on /opt/airflow/dags/lead_data_pipeline.py
[2025-06-27T20:02:56.000+0000] {processor.py:914} INFO - Processing file /opt/airflow/dags/lead_data_pipeline.py for tasks to queue
[2025-06-27T20:02:56.008+0000] {logging_mixin.py:190} INFO - [2025-06-27T20:02:56.006+0000] {dagbag.py:588} INFO - Filling up the DagBag from /opt/airflow/dags/lead_data_pipeline.py
[2025-06-27T20:02:56.049+0000] {processor.py:925} INFO - DAG(s) 'lead_data_pipeline' retrieved from /opt/airflow/dags/lead_data_pipeline.py
[2025-06-27T20:02:56.142+0000] {logging_mixin.py:190} INFO - [2025-06-27T20:02:56.142+0000] {dag.py:3239} INFO - Sync 1 DAGs
[2025-06-27T20:02:56.220+0000] {logging_mixin.py:190} INFO - [2025-06-27T20:02:56.219+0000] {dag.py:4180} INFO - Setting next_dagrun for lead_data_pipeline to 2025-06-26 10:00:00+00:00, run_after=2025-06-27 10:00:00+00:00
[2025-06-27T20:02:56.266+0000] {processor.py:208} INFO - Processing /opt/airflow/dags/lead_data_pipeline.py took 0.289 seconds
[2025-06-27T20:03:26.360+0000] {processor.py:186} INFO - Started process (PID=234) to work on /opt/airflow/dags/lead_data_pipeline.py
[2025-06-27T20:03:26.367+0000] {processor.py:914} INFO - Processing file /opt/airflow/dags/lead_data_pipeline.py for tasks to queue
[2025-06-27T20:03:26.374+0000] {logging_mixin.py:190} INFO - [2025-06-27T20:03:26.373+0000] {dagbag.py:588} INFO - Filling up the DagBag from /opt/airflow/dags/lead_data_pipeline.py
[2025-06-27T20:03:26.422+0000] {processor.py:925} INFO - DAG(s) 'lead_data_pipeline' retrieved from /opt/airflow/dags/lead_data_pipeline.py
[2025-06-27T20:03:26.479+0000] {logging_mixin.py:190} INFO - [2025-06-27T20:03:26.478+0000] {dag.py:3239} INFO - Sync 1 DAGs
[2025-06-27T20:03:26.531+0000] {logging_mixin.py:190} INFO - [2025-06-27T20:03:26.531+0000] {dag.py:4180} INFO - Setting next_dagrun for lead_data_pipeline to 2025-06-26 10:00:00+00:00, run_after=2025-06-27 10:00:00+00:00
[2025-06-27T20:03:26.563+0000] {processor.py:208} INFO - Processing /opt/airflow/dags/lead_data_pipeline.py took 0.221 seconds
[2025-06-27T20:03:56.658+0000] {processor.py:186} INFO - Started process (PID=241) to work on /opt/airflow/dags/lead_data_pipeline.py
[2025-06-27T20:03:56.660+0000] {processor.py:914} INFO - Processing file /opt/airflow/dags/lead_data_pipeline.py for tasks to queue
[2025-06-27T20:03:56.665+0000] {logging_mixin.py:190} INFO - [2025-06-27T20:03:56.664+0000] {dagbag.py:588} INFO - Filling up the DagBag from /opt/airflow/dags/lead_data_pipeline.py
[2025-06-27T20:03:56.690+0000] {processor.py:925} INFO - DAG(s) 'lead_data_pipeline' retrieved from /opt/airflow/dags/lead_data_pipeline.py
[2025-06-27T20:03:56.738+0000] {logging_mixin.py:190} INFO - [2025-06-27T20:03:56.737+0000] {dag.py:3239} INFO - Sync 1 DAGs
[2025-06-27T20:03:56.780+0000] {logging_mixin.py:190} INFO - [2025-06-27T20:03:56.779+0000] {dag.py:4180} INFO - Setting next_dagrun for lead_data_pipeline to 2025-06-26 10:00:00+00:00, run_after=2025-06-27 10:00:00+00:00
[2025-06-27T20:03:56.811+0000] {processor.py:208} INFO - Processing /opt/airflow/dags/lead_data_pipeline.py took 0.165 seconds
[2025-06-27T20:04:27.113+0000] {processor.py:186} INFO - Started process (PID=248) to work on /opt/airflow/dags/lead_data_pipeline.py
[2025-06-27T20:04:27.114+0000] {processor.py:914} INFO - Processing file /opt/airflow/dags/lead_data_pipeline.py for tasks to queue
[2025-06-27T20:04:27.119+0000] {logging_mixin.py:190} INFO - [2025-06-27T20:04:27.118+0000] {dagbag.py:588} INFO - Filling up the DagBag from /opt/airflow/dags/lead_data_pipeline.py
[2025-06-27T20:04:27.143+0000] {processor.py:925} INFO - DAG(s) 'lead_data_pipeline' retrieved from /opt/airflow/dags/lead_data_pipeline.py
[2025-06-27T20:04:27.195+0000] {logging_mixin.py:190} INFO - [2025-06-27T20:04:27.195+0000] {dag.py:3239} INFO - Sync 1 DAGs
[2025-06-27T20:04:27.239+0000] {logging_mixin.py:190} INFO - [2025-06-27T20:04:27.239+0000] {dag.py:4180} INFO - Setting next_dagrun for lead_data_pipeline to 2025-06-26 10:00:00+00:00, run_after=2025-06-27 10:00:00+00:00
[2025-06-27T20:04:27.272+0000] {processor.py:208} INFO - Processing /opt/airflow/dags/lead_data_pipeline.py took 0.171 seconds
[2025-06-27T20:04:57.481+0000] {processor.py:186} INFO - Started process (PID=255) to work on /opt/airflow/dags/lead_data_pipeline.py
[2025-06-27T20:04:57.483+0000] {processor.py:914} INFO - Processing file /opt/airflow/dags/lead_data_pipeline.py for tasks to queue
[2025-06-27T20:04:57.486+0000] {logging_mixin.py:190} INFO - [2025-06-27T20:04:57.486+0000] {dagbag.py:588} INFO - Filling up the DagBag from /opt/airflow/dags/lead_data_pipeline.py
[2025-06-27T20:04:57.507+0000] {processor.py:925} INFO - DAG(s) 'lead_data_pipeline' retrieved from /opt/airflow/dags/lead_data_pipeline.py
[2025-06-27T20:04:57.559+0000] {logging_mixin.py:190} INFO - [2025-06-27T20:04:57.559+0000] {dag.py:3239} INFO - Sync 1 DAGs
[2025-06-27T20:04:57.597+0000] {logging_mixin.py:190} INFO - [2025-06-27T20:04:57.597+0000] {dag.py:4180} INFO - Setting next_dagrun for lead_data_pipeline to 2025-06-26 10:00:00+00:00, run_after=2025-06-27 10:00:00+00:00
[2025-06-27T20:04:57.631+0000] {processor.py:208} INFO - Processing /opt/airflow/dags/lead_data_pipeline.py took 0.160 seconds
[2025-06-27T20:05:27.869+0000] {processor.py:186} INFO - Started process (PID=262) to work on /opt/airflow/dags/lead_data_pipeline.py
[2025-06-27T20:05:27.871+0000] {processor.py:914} INFO - Processing file /opt/airflow/dags/lead_data_pipeline.py for tasks to queue
[2025-06-27T20:05:27.876+0000] {logging_mixin.py:190} INFO - [2025-06-27T20:05:27.875+0000] {dagbag.py:588} INFO - Filling up the DagBag from /opt/airflow/dags/lead_data_pipeline.py
[2025-06-27T20:05:27.909+0000] {processor.py:925} INFO - DAG(s) 'lead_data_pipeline' retrieved from /opt/airflow/dags/lead_data_pipeline.py
[2025-06-27T20:05:27.976+0000] {logging_mixin.py:190} INFO - [2025-06-27T20:05:27.975+0000] {dag.py:3239} INFO - Sync 1 DAGs
[2025-06-27T20:05:28.029+0000] {logging_mixin.py:190} INFO - [2025-06-27T20:05:28.028+0000] {dag.py:4180} INFO - Setting next_dagrun for lead_data_pipeline to 2025-06-26 10:00:00+00:00, run_after=2025-06-27 10:00:00+00:00
[2025-06-27T20:05:28.077+0000] {processor.py:208} INFO - Processing /opt/airflow/dags/lead_data_pipeline.py took 0.223 seconds
[2025-06-27T20:05:58.510+0000] {processor.py:186} INFO - Started process (PID=269) to work on /opt/airflow/dags/lead_data_pipeline.py
[2025-06-27T20:05:58.512+0000] {processor.py:914} INFO - Processing file /opt/airflow/dags/lead_data_pipeline.py for tasks to queue
[2025-06-27T20:05:58.520+0000] {logging_mixin.py:190} INFO - [2025-06-27T20:05:58.519+0000] {dagbag.py:588} INFO - Filling up the DagBag from /opt/airflow/dags/lead_data_pipeline.py
[2025-06-27T20:05:58.567+0000] {processor.py:925} INFO - DAG(s) 'lead_data_pipeline' retrieved from /opt/airflow/dags/lead_data_pipeline.py
[2025-06-27T20:05:58.689+0000] {logging_mixin.py:190} INFO - [2025-06-27T20:05:58.688+0000] {dag.py:3239} INFO - Sync 1 DAGs
[2025-06-27T20:05:58.781+0000] {logging_mixin.py:190} INFO - [2025-06-27T20:05:58.781+0000] {dag.py:4180} INFO - Setting next_dagrun for lead_data_pipeline to 2025-06-26 10:00:00+00:00, run_after=2025-06-27 10:00:00+00:00
[2025-06-27T20:05:58.855+0000] {processor.py:208} INFO - Processing /opt/airflow/dags/lead_data_pipeline.py took 0.362 seconds
[2025-06-27T20:06:29.198+0000] {processor.py:186} INFO - Started process (PID=275) to work on /opt/airflow/dags/lead_data_pipeline.py
[2025-06-27T20:06:29.199+0000] {processor.py:914} INFO - Processing file /opt/airflow/dags/lead_data_pipeline.py for tasks to queue
[2025-06-27T20:06:29.206+0000] {logging_mixin.py:190} INFO - [2025-06-27T20:06:29.205+0000] {dagbag.py:588} INFO - Filling up the DagBag from /opt/airflow/dags/lead_data_pipeline.py
[2025-06-27T20:06:29.238+0000] {processor.py:925} INFO - DAG(s) 'lead_data_pipeline' retrieved from /opt/airflow/dags/lead_data_pipeline.py
[2025-06-27T20:06:29.299+0000] {logging_mixin.py:190} INFO - [2025-06-27T20:06:29.298+0000] {dag.py:3239} INFO - Sync 1 DAGs
[2025-06-27T20:06:29.351+0000] {logging_mixin.py:190} INFO - [2025-06-27T20:06:29.351+0000] {dag.py:4180} INFO - Setting next_dagrun for lead_data_pipeline to 2025-06-26 10:00:00+00:00, run_after=2025-06-27 10:00:00+00:00
[2025-06-27T20:06:29.392+0000] {processor.py:208} INFO - Processing /opt/airflow/dags/lead_data_pipeline.py took 0.207 seconds
[2025-06-27T20:06:59.515+0000] {processor.py:186} INFO - Started process (PID=282) to work on /opt/airflow/dags/lead_data_pipeline.py
[2025-06-27T20:06:59.517+0000] {processor.py:914} INFO - Processing file /opt/airflow/dags/lead_data_pipeline.py for tasks to queue
[2025-06-27T20:06:59.522+0000] {logging_mixin.py:190} INFO - [2025-06-27T20:06:59.522+0000] {dagbag.py:588} INFO - Filling up the DagBag from /opt/airflow/dags/lead_data_pipeline.py
[2025-06-27T20:06:59.548+0000] {processor.py:925} INFO - DAG(s) 'lead_data_pipeline' retrieved from /opt/airflow/dags/lead_data_pipeline.py
[2025-06-27T20:06:59.609+0000] {logging_mixin.py:190} INFO - [2025-06-27T20:06:59.608+0000] {dag.py:3239} INFO - Sync 1 DAGs
[2025-06-27T20:06:59.657+0000] {logging_mixin.py:190} INFO - [2025-06-27T20:06:59.656+0000] {dag.py:4180} INFO - Setting next_dagrun for lead_data_pipeline to 2025-06-26 10:00:00+00:00, run_after=2025-06-27 10:00:00+00:00
[2025-06-27T20:06:59.696+0000] {processor.py:208} INFO - Processing /opt/airflow/dags/lead_data_pipeline.py took 0.192 seconds
[2025-06-27T20:07:29.820+0000] {processor.py:186} INFO - Started process (PID=302) to work on /opt/airflow/dags/lead_data_pipeline.py
[2025-06-27T20:07:29.824+0000] {processor.py:914} INFO - Processing file /opt/airflow/dags/lead_data_pipeline.py for tasks to queue
[2025-06-27T20:07:29.834+0000] {logging_mixin.py:190} INFO - [2025-06-27T20:07:29.833+0000] {dagbag.py:588} INFO - Filling up the DagBag from /opt/airflow/dags/lead_data_pipeline.py
[2025-06-27T20:07:29.902+0000] {processor.py:925} INFO - DAG(s) 'lead_data_pipeline' retrieved from /opt/airflow/dags/lead_data_pipeline.py
[2025-06-27T20:07:30.055+0000] {logging_mixin.py:190} INFO - [2025-06-27T20:07:30.054+0000] {dag.py:3239} INFO - Sync 1 DAGs
[2025-06-27T20:07:30.179+0000] {logging_mixin.py:190} INFO - [2025-06-27T20:07:30.178+0000] {dag.py:4180} INFO - Setting next_dagrun for lead_data_pipeline to 2025-06-27 10:00:00+00:00, run_after=2025-06-28 10:00:00+00:00
[2025-06-27T20:07:30.265+0000] {processor.py:208} INFO - Processing /opt/airflow/dags/lead_data_pipeline.py took 0.471 seconds
[2025-06-27T20:08:00.427+0000] {processor.py:186} INFO - Started process (PID=309) to work on /opt/airflow/dags/lead_data_pipeline.py
[2025-06-27T20:08:00.432+0000] {processor.py:914} INFO - Processing file /opt/airflow/dags/lead_data_pipeline.py for tasks to queue
[2025-06-27T20:08:00.442+0000] {logging_mixin.py:190} INFO - [2025-06-27T20:08:00.441+0000] {dagbag.py:588} INFO - Filling up the DagBag from /opt/airflow/dags/lead_data_pipeline.py
[2025-06-27T20:08:00.505+0000] {processor.py:925} INFO - DAG(s) 'lead_data_pipeline' retrieved from /opt/airflow/dags/lead_data_pipeline.py
[2025-06-27T20:08:00.831+0000] {logging_mixin.py:190} INFO - [2025-06-27T20:08:00.830+0000] {dag.py:3239} INFO - Sync 1 DAGs
[2025-06-27T20:08:00.958+0000] {logging_mixin.py:190} INFO - [2025-06-27T20:08:00.957+0000] {dag.py:4180} INFO - Setting next_dagrun for lead_data_pipeline to 2025-06-27 10:00:00+00:00, run_after=2025-06-28 10:00:00+00:00
[2025-06-27T20:08:01.019+0000] {processor.py:208} INFO - Processing /opt/airflow/dags/lead_data_pipeline.py took 0.615 seconds
[2025-06-27T20:08:31.500+0000] {processor.py:186} INFO - Started process (PID=316) to work on /opt/airflow/dags/lead_data_pipeline.py
[2025-06-27T20:08:31.502+0000] {processor.py:914} INFO - Processing file /opt/airflow/dags/lead_data_pipeline.py for tasks to queue
[2025-06-27T20:08:31.511+0000] {logging_mixin.py:190} INFO - [2025-06-27T20:08:31.509+0000] {dagbag.py:588} INFO - Filling up the DagBag from /opt/airflow/dags/lead_data_pipeline.py
[2025-06-27T20:08:31.569+0000] {processor.py:925} INFO - DAG(s) 'lead_data_pipeline' retrieved from /opt/airflow/dags/lead_data_pipeline.py
[2025-06-27T20:08:31.679+0000] {logging_mixin.py:190} INFO - [2025-06-27T20:08:31.678+0000] {dag.py:3239} INFO - Sync 1 DAGs
[2025-06-27T20:08:31.784+0000] {logging_mixin.py:190} INFO - [2025-06-27T20:08:31.783+0000] {dag.py:4180} INFO - Setting next_dagrun for lead_data_pipeline to 2025-06-27 10:00:00+00:00, run_after=2025-06-28 10:00:00+00:00
[2025-06-27T20:08:31.858+0000] {processor.py:208} INFO - Processing /opt/airflow/dags/lead_data_pipeline.py took 0.375 seconds
[2025-06-27T20:09:02.321+0000] {processor.py:186} INFO - Started process (PID=323) to work on /opt/airflow/dags/lead_data_pipeline.py
[2025-06-27T20:09:02.324+0000] {processor.py:914} INFO - Processing file /opt/airflow/dags/lead_data_pipeline.py for tasks to queue
[2025-06-27T20:09:02.331+0000] {logging_mixin.py:190} INFO - [2025-06-27T20:09:02.330+0000] {dagbag.py:588} INFO - Filling up the DagBag from /opt/airflow/dags/lead_data_pipeline.py
[2025-06-27T20:09:02.365+0000] {processor.py:925} INFO - DAG(s) 'lead_data_pipeline' retrieved from /opt/airflow/dags/lead_data_pipeline.py
[2025-06-27T20:09:02.432+0000] {logging_mixin.py:190} INFO - [2025-06-27T20:09:02.431+0000] {dag.py:3239} INFO - Sync 1 DAGs
[2025-06-27T20:09:02.495+0000] {logging_mixin.py:190} INFO - [2025-06-27T20:09:02.494+0000] {dag.py:4180} INFO - Setting next_dagrun for lead_data_pipeline to 2025-06-27 10:00:00+00:00, run_after=2025-06-28 10:00:00+00:00
[2025-06-27T20:09:02.540+0000] {processor.py:208} INFO - Processing /opt/airflow/dags/lead_data_pipeline.py took 0.233 seconds
[2025-06-27T20:09:32.670+0000] {processor.py:186} INFO - Started process (PID=330) to work on /opt/airflow/dags/lead_data_pipeline.py
[2025-06-27T20:09:32.673+0000] {processor.py:914} INFO - Processing file /opt/airflow/dags/lead_data_pipeline.py for tasks to queue
[2025-06-27T20:09:32.681+0000] {logging_mixin.py:190} INFO - [2025-06-27T20:09:32.680+0000] {dagbag.py:588} INFO - Filling up the DagBag from /opt/airflow/dags/lead_data_pipeline.py
[2025-06-27T20:09:32.720+0000] {processor.py:925} INFO - DAG(s) 'lead_data_pipeline' retrieved from /opt/airflow/dags/lead_data_pipeline.py
[2025-06-27T20:09:32.783+0000] {logging_mixin.py:190} INFO - [2025-06-27T20:09:32.782+0000] {dag.py:3239} INFO - Sync 1 DAGs
[2025-06-27T20:09:32.836+0000] {logging_mixin.py:190} INFO - [2025-06-27T20:09:32.835+0000] {dag.py:4180} INFO - Setting next_dagrun for lead_data_pipeline to 2025-06-27 10:00:00+00:00, run_after=2025-06-28 10:00:00+00:00
[2025-06-27T20:09:32.870+0000] {processor.py:208} INFO - Processing /opt/airflow/dags/lead_data_pipeline.py took 0.219 seconds
[2025-06-27T20:10:03.306+0000] {processor.py:186} INFO - Started process (PID=337) to work on /opt/airflow/dags/lead_data_pipeline.py
[2025-06-27T20:10:03.307+0000] {processor.py:914} INFO - Processing file /opt/airflow/dags/lead_data_pipeline.py for tasks to queue
[2025-06-27T20:10:03.312+0000] {logging_mixin.py:190} INFO - [2025-06-27T20:10:03.312+0000] {dagbag.py:588} INFO - Filling up the DagBag from /opt/airflow/dags/lead_data_pipeline.py
[2025-06-27T20:10:03.340+0000] {processor.py:925} INFO - DAG(s) 'lead_data_pipeline' retrieved from /opt/airflow/dags/lead_data_pipeline.py
[2025-06-27T20:10:03.403+0000] {logging_mixin.py:190} INFO - [2025-06-27T20:10:03.402+0000] {dag.py:3239} INFO - Sync 1 DAGs
[2025-06-27T20:10:03.453+0000] {logging_mixin.py:190} INFO - [2025-06-27T20:10:03.452+0000] {dag.py:4180} INFO - Setting next_dagrun for lead_data_pipeline to 2025-06-27 10:00:00+00:00, run_after=2025-06-28 10:00:00+00:00
[2025-06-27T20:10:03.489+0000] {processor.py:208} INFO - Processing /opt/airflow/dags/lead_data_pipeline.py took 0.195 seconds
[2025-06-27T20:10:33.734+0000] {processor.py:186} INFO - Started process (PID=344) to work on /opt/airflow/dags/lead_data_pipeline.py
[2025-06-27T20:10:33.739+0000] {processor.py:914} INFO - Processing file /opt/airflow/dags/lead_data_pipeline.py for tasks to queue
[2025-06-27T20:10:33.755+0000] {logging_mixin.py:190} INFO - [2025-06-27T20:10:33.752+0000] {dagbag.py:588} INFO - Filling up the DagBag from /opt/airflow/dags/lead_data_pipeline.py
[2025-06-27T20:10:33.886+0000] {processor.py:925} INFO - DAG(s) 'lead_data_pipeline' retrieved from /opt/airflow/dags/lead_data_pipeline.py
[2025-06-27T20:10:34.091+0000] {logging_mixin.py:190} INFO - [2025-06-27T20:10:34.091+0000] {dag.py:3239} INFO - Sync 1 DAGs
[2025-06-27T20:10:34.195+0000] {logging_mixin.py:190} INFO - [2025-06-27T20:10:34.195+0000] {dag.py:4180} INFO - Setting next_dagrun for lead_data_pipeline to 2025-06-27 10:00:00+00:00, run_after=2025-06-28 10:00:00+00:00
[2025-06-27T20:10:34.254+0000] {processor.py:208} INFO - Processing /opt/airflow/dags/lead_data_pipeline.py took 0.539 seconds
[2025-06-27T20:11:04.382+0000] {processor.py:186} INFO - Started process (PID=355) to work on /opt/airflow/dags/lead_data_pipeline.py
[2025-06-27T20:11:04.385+0000] {processor.py:914} INFO - Processing file /opt/airflow/dags/lead_data_pipeline.py for tasks to queue
[2025-06-27T20:11:04.393+0000] {logging_mixin.py:190} INFO - [2025-06-27T20:11:04.392+0000] {dagbag.py:588} INFO - Filling up the DagBag from /opt/airflow/dags/lead_data_pipeline.py
[2025-06-27T20:11:04.432+0000] {processor.py:925} INFO - DAG(s) 'lead_data_pipeline' retrieved from /opt/airflow/dags/lead_data_pipeline.py
[2025-06-27T20:11:04.508+0000] {logging_mixin.py:190} INFO - [2025-06-27T20:11:04.507+0000] {dag.py:3239} INFO - Sync 1 DAGs
[2025-06-27T20:11:04.577+0000] {logging_mixin.py:190} INFO - [2025-06-27T20:11:04.576+0000] {dag.py:4180} INFO - Setting next_dagrun for lead_data_pipeline to 2025-06-27 10:00:00+00:00, run_after=2025-06-28 10:00:00+00:00
[2025-06-27T20:11:04.637+0000] {processor.py:208} INFO - Processing /opt/airflow/dags/lead_data_pipeline.py took 0.274 seconds
[2025-06-27T20:11:34.766+0000] {processor.py:186} INFO - Started process (PID=361) to work on /opt/airflow/dags/lead_data_pipeline.py
[2025-06-27T20:11:34.768+0000] {processor.py:914} INFO - Processing file /opt/airflow/dags/lead_data_pipeline.py for tasks to queue
[2025-06-27T20:11:34.777+0000] {logging_mixin.py:190} INFO - [2025-06-27T20:11:34.775+0000] {dagbag.py:588} INFO - Filling up the DagBag from /opt/airflow/dags/lead_data_pipeline.py
[2025-06-27T20:11:34.832+0000] {processor.py:925} INFO - DAG(s) 'lead_data_pipeline' retrieved from /opt/airflow/dags/lead_data_pipeline.py
[2025-06-27T20:11:35.122+0000] {logging_mixin.py:190} INFO - [2025-06-27T20:11:35.122+0000] {dag.py:3239} INFO - Sync 1 DAGs
[2025-06-27T20:11:35.248+0000] {logging_mixin.py:190} INFO - [2025-06-27T20:11:35.248+0000] {dag.py:4180} INFO - Setting next_dagrun for lead_data_pipeline to 2025-06-27 10:00:00+00:00, run_after=2025-06-28 10:00:00+00:00
[2025-06-27T20:11:35.331+0000] {processor.py:208} INFO - Processing /opt/airflow/dags/lead_data_pipeline.py took 0.595 seconds
[2025-06-27T20:12:05.915+0000] {processor.py:186} INFO - Started process (PID=368) to work on /opt/airflow/dags/lead_data_pipeline.py
[2025-06-27T20:12:05.917+0000] {processor.py:914} INFO - Processing file /opt/airflow/dags/lead_data_pipeline.py for tasks to queue
[2025-06-27T20:12:05.939+0000] {logging_mixin.py:190} INFO - [2025-06-27T20:12:05.938+0000] {dagbag.py:588} INFO - Filling up the DagBag from /opt/airflow/dags/lead_data_pipeline.py
[2025-06-27T20:12:06.147+0000] {processor.py:925} INFO - DAG(s) 'lead_data_pipeline' retrieved from /opt/airflow/dags/lead_data_pipeline.py
[2025-06-27T20:12:06.260+0000] {logging_mixin.py:190} INFO - [2025-06-27T20:12:06.260+0000] {dag.py:3239} INFO - Sync 1 DAGs
[2025-06-27T20:12:06.428+0000] {logging_mixin.py:190} INFO - [2025-06-27T20:12:06.428+0000] {dag.py:4180} INFO - Setting next_dagrun for lead_data_pipeline to 2025-06-27 10:00:00+00:00, run_after=2025-06-28 10:00:00+00:00
[2025-06-27T20:12:06.514+0000] {processor.py:208} INFO - Processing /opt/airflow/dags/lead_data_pipeline.py took 0.615 seconds
[2025-06-27T20:12:37.193+0000] {processor.py:186} INFO - Started process (PID=375) to work on /opt/airflow/dags/lead_data_pipeline.py
[2025-06-27T20:12:37.196+0000] {processor.py:914} INFO - Processing file /opt/airflow/dags/lead_data_pipeline.py for tasks to queue
[2025-06-27T20:12:37.203+0000] {logging_mixin.py:190} INFO - [2025-06-27T20:12:37.202+0000] {dagbag.py:588} INFO - Filling up the DagBag from /opt/airflow/dags/lead_data_pipeline.py
[2025-06-27T20:12:37.239+0000] {processor.py:925} INFO - DAG(s) 'lead_data_pipeline' retrieved from /opt/airflow/dags/lead_data_pipeline.py
[2025-06-27T20:12:37.303+0000] {logging_mixin.py:190} INFO - [2025-06-27T20:12:37.302+0000] {dag.py:3239} INFO - Sync 1 DAGs
[2025-06-27T20:12:37.361+0000] {logging_mixin.py:190} INFO - [2025-06-27T20:12:37.360+0000] {dag.py:4180} INFO - Setting next_dagrun for lead_data_pipeline to 2025-06-27 10:00:00+00:00, run_after=2025-06-28 10:00:00+00:00
[2025-06-27T20:12:37.401+0000] {processor.py:208} INFO - Processing /opt/airflow/dags/lead_data_pipeline.py took 0.225 seconds
[2025-06-27T20:13:07.850+0000] {processor.py:186} INFO - Started process (PID=381) to work on /opt/airflow/dags/lead_data_pipeline.py
[2025-06-27T20:13:07.853+0000] {processor.py:914} INFO - Processing file /opt/airflow/dags/lead_data_pipeline.py for tasks to queue
[2025-06-27T20:13:07.857+0000] {logging_mixin.py:190} INFO - [2025-06-27T20:13:07.856+0000] {dagbag.py:588} INFO - Filling up the DagBag from /opt/airflow/dags/lead_data_pipeline.py
[2025-06-27T20:13:07.884+0000] {processor.py:925} INFO - DAG(s) 'lead_data_pipeline' retrieved from /opt/airflow/dags/lead_data_pipeline.py
[2025-06-27T20:13:07.944+0000] {logging_mixin.py:190} INFO - [2025-06-27T20:13:07.943+0000] {dag.py:3239} INFO - Sync 1 DAGs
[2025-06-27T20:13:07.999+0000] {logging_mixin.py:190} INFO - [2025-06-27T20:13:07.999+0000] {dag.py:4180} INFO - Setting next_dagrun for lead_data_pipeline to 2025-06-27 10:00:00+00:00, run_after=2025-06-28 10:00:00+00:00
[2025-06-27T20:13:08.038+0000] {processor.py:208} INFO - Processing /opt/airflow/dags/lead_data_pipeline.py took 0.198 seconds
[2025-06-27T20:13:38.444+0000] {processor.py:186} INFO - Started process (PID=387) to work on /opt/airflow/dags/lead_data_pipeline.py
[2025-06-27T20:13:38.449+0000] {processor.py:914} INFO - Processing file /opt/airflow/dags/lead_data_pipeline.py for tasks to queue
[2025-06-27T20:13:38.485+0000] {logging_mixin.py:190} INFO - [2025-06-27T20:13:38.484+0000] {dagbag.py:588} INFO - Filling up the DagBag from /opt/airflow/dags/lead_data_pipeline.py
[2025-06-27T20:13:38.619+0000] {processor.py:925} INFO - DAG(s) 'lead_data_pipeline' retrieved from /opt/airflow/dags/lead_data_pipeline.py
[2025-06-27T20:13:38.879+0000] {logging_mixin.py:190} INFO - [2025-06-27T20:13:38.878+0000] {dag.py:3239} INFO - Sync 1 DAGs
[2025-06-27T20:13:38.996+0000] {logging_mixin.py:190} INFO - [2025-06-27T20:13:38.995+0000] {dag.py:4180} INFO - Setting next_dagrun for lead_data_pipeline to 2025-06-27 10:00:00+00:00, run_after=2025-06-28 10:00:00+00:00
[2025-06-27T20:13:39.049+0000] {processor.py:208} INFO - Processing /opt/airflow/dags/lead_data_pipeline.py took 0.636 seconds
[2025-06-27T20:14:09.182+0000] {processor.py:186} INFO - Started process (PID=394) to work on /opt/airflow/dags/lead_data_pipeline.py
[2025-06-27T20:14:09.184+0000] {processor.py:914} INFO - Processing file /opt/airflow/dags/lead_data_pipeline.py for tasks to queue
[2025-06-27T20:14:09.195+0000] {logging_mixin.py:190} INFO - [2025-06-27T20:14:09.190+0000] {dagbag.py:588} INFO - Filling up the DagBag from /opt/airflow/dags/lead_data_pipeline.py
[2025-06-27T20:14:09.245+0000] {processor.py:925} INFO - DAG(s) 'lead_data_pipeline' retrieved from /opt/airflow/dags/lead_data_pipeline.py
[2025-06-27T20:14:09.340+0000] {logging_mixin.py:190} INFO - [2025-06-27T20:14:09.339+0000] {dag.py:3239} INFO - Sync 1 DAGs
[2025-06-27T20:14:09.397+0000] {logging_mixin.py:190} INFO - [2025-06-27T20:14:09.397+0000] {dag.py:4180} INFO - Setting next_dagrun for lead_data_pipeline to 2025-06-27 10:00:00+00:00, run_after=2025-06-28 10:00:00+00:00
[2025-06-27T20:14:09.453+0000] {processor.py:208} INFO - Processing /opt/airflow/dags/lead_data_pipeline.py took 0.297 seconds
[2025-06-27T20:14:39.609+0000] {processor.py:186} INFO - Started process (PID=401) to work on /opt/airflow/dags/lead_data_pipeline.py
[2025-06-27T20:14:39.613+0000] {processor.py:914} INFO - Processing file /opt/airflow/dags/lead_data_pipeline.py for tasks to queue
[2025-06-27T20:14:39.622+0000] {logging_mixin.py:190} INFO - [2025-06-27T20:14:39.621+0000] {dagbag.py:588} INFO - Filling up the DagBag from /opt/airflow/dags/lead_data_pipeline.py
[2025-06-27T20:14:39.680+0000] {processor.py:925} INFO - DAG(s) 'lead_data_pipeline' retrieved from /opt/airflow/dags/lead_data_pipeline.py
[2025-06-27T20:14:39.763+0000] {logging_mixin.py:190} INFO - [2025-06-27T20:14:39.762+0000] {dag.py:3239} INFO - Sync 1 DAGs
[2025-06-27T20:14:39.826+0000] {logging_mixin.py:190} INFO - [2025-06-27T20:14:39.825+0000] {dag.py:4180} INFO - Setting next_dagrun for lead_data_pipeline to 2025-06-27 10:00:00+00:00, run_after=2025-06-28 10:00:00+00:00
[2025-06-27T20:14:39.875+0000] {processor.py:208} INFO - Processing /opt/airflow/dags/lead_data_pipeline.py took 0.283 seconds
[2025-06-27T20:15:10.297+0000] {processor.py:186} INFO - Started process (PID=408) to work on /opt/airflow/dags/lead_data_pipeline.py
[2025-06-27T20:15:10.300+0000] {processor.py:914} INFO - Processing file /opt/airflow/dags/lead_data_pipeline.py for tasks to queue
[2025-06-27T20:15:10.309+0000] {logging_mixin.py:190} INFO - [2025-06-27T20:15:10.308+0000] {dagbag.py:588} INFO - Filling up the DagBag from /opt/airflow/dags/lead_data_pipeline.py
[2025-06-27T20:15:10.347+0000] {processor.py:925} INFO - DAG(s) 'lead_data_pipeline' retrieved from /opt/airflow/dags/lead_data_pipeline.py
[2025-06-27T20:15:10.417+0000] {logging_mixin.py:190} INFO - [2025-06-27T20:15:10.417+0000] {dag.py:3239} INFO - Sync 1 DAGs
[2025-06-27T20:15:10.502+0000] {logging_mixin.py:190} INFO - [2025-06-27T20:15:10.501+0000] {dag.py:4180} INFO - Setting next_dagrun for lead_data_pipeline to 2025-06-27 10:00:00+00:00, run_after=2025-06-28 10:00:00+00:00
[2025-06-27T20:15:10.599+0000] {processor.py:208} INFO - Processing /opt/airflow/dags/lead_data_pipeline.py took 0.319 seconds
[2025-06-27T20:15:40.703+0000] {processor.py:186} INFO - Started process (PID=415) to work on /opt/airflow/dags/lead_data_pipeline.py
[2025-06-27T20:15:40.705+0000] {processor.py:914} INFO - Processing file /opt/airflow/dags/lead_data_pipeline.py for tasks to queue
[2025-06-27T20:15:40.720+0000] {logging_mixin.py:190} INFO - [2025-06-27T20:15:40.719+0000] {dagbag.py:588} INFO - Filling up the DagBag from /opt/airflow/dags/lead_data_pipeline.py
[2025-06-27T20:15:40.757+0000] {processor.py:925} INFO - DAG(s) 'lead_data_pipeline' retrieved from /opt/airflow/dags/lead_data_pipeline.py
[2025-06-27T20:15:40.810+0000] {logging_mixin.py:190} INFO - [2025-06-27T20:15:40.809+0000] {dag.py:3239} INFO - Sync 1 DAGs
[2025-06-27T20:15:40.852+0000] {logging_mixin.py:190} INFO - [2025-06-27T20:15:40.852+0000] {dag.py:4180} INFO - Setting next_dagrun for lead_data_pipeline to 2025-06-27 10:00:00+00:00, run_after=2025-06-28 10:00:00+00:00
[2025-06-27T20:15:40.889+0000] {processor.py:208} INFO - Processing /opt/airflow/dags/lead_data_pipeline.py took 0.201 seconds
[2025-06-27T20:16:11.298+0000] {processor.py:186} INFO - Started process (PID=422) to work on /opt/airflow/dags/lead_data_pipeline.py
[2025-06-27T20:16:11.303+0000] {processor.py:914} INFO - Processing file /opt/airflow/dags/lead_data_pipeline.py for tasks to queue
[2025-06-27T20:16:11.314+0000] {logging_mixin.py:190} INFO - [2025-06-27T20:16:11.312+0000] {dagbag.py:588} INFO - Filling up the DagBag from /opt/airflow/dags/lead_data_pipeline.py
[2025-06-27T20:16:11.373+0000] {processor.py:925} INFO - DAG(s) 'lead_data_pipeline' retrieved from /opt/airflow/dags/lead_data_pipeline.py
[2025-06-27T20:16:11.460+0000] {logging_mixin.py:190} INFO - [2025-06-27T20:16:11.459+0000] {dag.py:3239} INFO - Sync 1 DAGs
[2025-06-27T20:16:11.540+0000] {logging_mixin.py:190} INFO - [2025-06-27T20:16:11.540+0000] {dag.py:4180} INFO - Setting next_dagrun for lead_data_pipeline to 2025-06-27 10:00:00+00:00, run_after=2025-06-28 10:00:00+00:00
[2025-06-27T20:16:11.593+0000] {processor.py:208} INFO - Processing /opt/airflow/dags/lead_data_pipeline.py took 0.325 seconds
[2025-06-27T20:16:41.690+0000] {processor.py:186} INFO - Started process (PID=428) to work on /opt/airflow/dags/lead_data_pipeline.py
[2025-06-27T20:16:41.692+0000] {processor.py:914} INFO - Processing file /opt/airflow/dags/lead_data_pipeline.py for tasks to queue
[2025-06-27T20:16:41.697+0000] {logging_mixin.py:190} INFO - [2025-06-27T20:16:41.696+0000] {dagbag.py:588} INFO - Filling up the DagBag from /opt/airflow/dags/lead_data_pipeline.py
[2025-06-27T20:16:41.729+0000] {processor.py:925} INFO - DAG(s) 'lead_data_pipeline' retrieved from /opt/airflow/dags/lead_data_pipeline.py
[2025-06-27T20:16:41.795+0000] {logging_mixin.py:190} INFO - [2025-06-27T20:16:41.794+0000] {dag.py:3239} INFO - Sync 1 DAGs
[2025-06-27T20:16:41.848+0000] {logging_mixin.py:190} INFO - [2025-06-27T20:16:41.848+0000] {dag.py:4180} INFO - Setting next_dagrun for lead_data_pipeline to 2025-06-27 10:00:00+00:00, run_after=2025-06-28 10:00:00+00:00
[2025-06-27T20:16:41.899+0000] {processor.py:208} INFO - Processing /opt/airflow/dags/lead_data_pipeline.py took 0.222 seconds
[2025-06-27T20:17:12.101+0000] {processor.py:186} INFO - Started process (PID=435) to work on /opt/airflow/dags/lead_data_pipeline.py
[2025-06-27T20:17:12.103+0000] {processor.py:914} INFO - Processing file /opt/airflow/dags/lead_data_pipeline.py for tasks to queue
[2025-06-27T20:17:12.107+0000] {logging_mixin.py:190} INFO - [2025-06-27T20:17:12.106+0000] {dagbag.py:588} INFO - Filling up the DagBag from /opt/airflow/dags/lead_data_pipeline.py
[2025-06-27T20:17:12.134+0000] {processor.py:925} INFO - DAG(s) 'lead_data_pipeline' retrieved from /opt/airflow/dags/lead_data_pipeline.py
[2025-06-27T20:17:12.184+0000] {logging_mixin.py:190} INFO - [2025-06-27T20:17:12.184+0000] {dag.py:3239} INFO - Sync 1 DAGs
[2025-06-27T20:17:12.228+0000] {logging_mixin.py:190} INFO - [2025-06-27T20:17:12.228+0000] {dag.py:4180} INFO - Setting next_dagrun for lead_data_pipeline to 2025-06-27 10:00:00+00:00, run_after=2025-06-28 10:00:00+00:00
[2025-06-27T20:17:12.261+0000] {processor.py:208} INFO - Processing /opt/airflow/dags/lead_data_pipeline.py took 0.171 seconds
[2025-06-27T20:17:42.569+0000] {processor.py:186} INFO - Started process (PID=442) to work on /opt/airflow/dags/lead_data_pipeline.py
[2025-06-27T20:17:42.573+0000] {processor.py:914} INFO - Processing file /opt/airflow/dags/lead_data_pipeline.py for tasks to queue
[2025-06-27T20:17:42.585+0000] {logging_mixin.py:190} INFO - [2025-06-27T20:17:42.583+0000] {dagbag.py:588} INFO - Filling up the DagBag from /opt/airflow/dags/lead_data_pipeline.py
[2025-06-27T20:17:42.633+0000] {processor.py:925} INFO - DAG(s) 'lead_data_pipeline' retrieved from /opt/airflow/dags/lead_data_pipeline.py
[2025-06-27T20:17:42.801+0000] {logging_mixin.py:190} INFO - [2025-06-27T20:17:42.800+0000] {dag.py:3239} INFO - Sync 1 DAGs
[2025-06-27T20:17:42.918+0000] {logging_mixin.py:190} INFO - [2025-06-27T20:17:42.918+0000] {dag.py:4180} INFO - Setting next_dagrun for lead_data_pipeline to 2025-06-27 10:00:00+00:00, run_after=2025-06-28 10:00:00+00:00
[2025-06-27T20:17:42.982+0000] {processor.py:208} INFO - Processing /opt/airflow/dags/lead_data_pipeline.py took 0.436 seconds
[2025-06-27T20:18:13.408+0000] {processor.py:186} INFO - Started process (PID=449) to work on /opt/airflow/dags/lead_data_pipeline.py
[2025-06-27T20:18:13.411+0000] {processor.py:914} INFO - Processing file /opt/airflow/dags/lead_data_pipeline.py for tasks to queue
[2025-06-27T20:18:13.429+0000] {logging_mixin.py:190} INFO - [2025-06-27T20:18:13.427+0000] {dagbag.py:588} INFO - Filling up the DagBag from /opt/airflow/dags/lead_data_pipeline.py
[2025-06-27T20:18:13.493+0000] {processor.py:925} INFO - DAG(s) 'lead_data_pipeline' retrieved from /opt/airflow/dags/lead_data_pipeline.py
[2025-06-27T20:18:13.588+0000] {logging_mixin.py:190} INFO - [2025-06-27T20:18:13.587+0000] {dag.py:3239} INFO - Sync 1 DAGs
[2025-06-27T20:18:14.995+0000] {logging_mixin.py:190} INFO - [2025-06-27T20:18:14.993+0000] {dag.py:4180} INFO - Setting next_dagrun for lead_data_pipeline to 2025-06-27 10:00:00+00:00, run_after=2025-06-28 10:00:00+00:00
[2025-06-27T20:18:15.130+0000] {processor.py:208} INFO - Processing /opt/airflow/dags/lead_data_pipeline.py took 1.809 seconds
[2025-06-27T20:18:45.492+0000] {processor.py:186} INFO - Started process (PID=456) to work on /opt/airflow/dags/lead_data_pipeline.py
[2025-06-27T20:18:45.494+0000] {processor.py:914} INFO - Processing file /opt/airflow/dags/lead_data_pipeline.py for tasks to queue
[2025-06-27T20:18:45.501+0000] {logging_mixin.py:190} INFO - [2025-06-27T20:18:45.501+0000] {dagbag.py:588} INFO - Filling up the DagBag from /opt/airflow/dags/lead_data_pipeline.py
[2025-06-27T20:18:45.528+0000] {processor.py:925} INFO - DAG(s) 'lead_data_pipeline' retrieved from /opt/airflow/dags/lead_data_pipeline.py
[2025-06-27T20:18:45.579+0000] {logging_mixin.py:190} INFO - [2025-06-27T20:18:45.578+0000] {dag.py:3239} INFO - Sync 1 DAGs
[2025-06-27T20:18:45.627+0000] {logging_mixin.py:190} INFO - [2025-06-27T20:18:45.626+0000] {dag.py:4180} INFO - Setting next_dagrun for lead_data_pipeline to 2025-06-27 10:00:00+00:00, run_after=2025-06-28 10:00:00+00:00
[2025-06-27T20:18:45.661+0000] {processor.py:208} INFO - Processing /opt/airflow/dags/lead_data_pipeline.py took 0.183 seconds
[2025-06-27T20:19:15.769+0000] {processor.py:186} INFO - Started process (PID=463) to work on /opt/airflow/dags/lead_data_pipeline.py
[2025-06-27T20:19:15.770+0000] {processor.py:914} INFO - Processing file /opt/airflow/dags/lead_data_pipeline.py for tasks to queue
[2025-06-27T20:19:15.778+0000] {logging_mixin.py:190} INFO - [2025-06-27T20:19:15.777+0000] {dagbag.py:588} INFO - Filling up the DagBag from /opt/airflow/dags/lead_data_pipeline.py
[2025-06-27T20:19:15.806+0000] {processor.py:925} INFO - DAG(s) 'lead_data_pipeline' retrieved from /opt/airflow/dags/lead_data_pipeline.py
[2025-06-27T20:19:15.899+0000] {logging_mixin.py:190} INFO - [2025-06-27T20:19:15.899+0000] {dag.py:3239} INFO - Sync 1 DAGs
[2025-06-27T20:19:15.982+0000] {logging_mixin.py:190} INFO - [2025-06-27T20:19:15.981+0000] {dag.py:4180} INFO - Setting next_dagrun for lead_data_pipeline to 2025-06-27 10:00:00+00:00, run_after=2025-06-28 10:00:00+00:00
[2025-06-27T20:19:16.038+0000] {processor.py:208} INFO - Processing /opt/airflow/dags/lead_data_pipeline.py took 0.284 seconds
[2025-06-27T20:19:46.211+0000] {processor.py:186} INFO - Started process (PID=470) to work on /opt/airflow/dags/lead_data_pipeline.py
[2025-06-27T20:19:46.213+0000] {processor.py:914} INFO - Processing file /opt/airflow/dags/lead_data_pipeline.py for tasks to queue
[2025-06-27T20:19:46.218+0000] {logging_mixin.py:190} INFO - [2025-06-27T20:19:46.218+0000] {dagbag.py:588} INFO - Filling up the DagBag from /opt/airflow/dags/lead_data_pipeline.py
[2025-06-27T20:19:46.241+0000] {processor.py:925} INFO - DAG(s) 'lead_data_pipeline' retrieved from /opt/airflow/dags/lead_data_pipeline.py
[2025-06-27T20:19:46.286+0000] {logging_mixin.py:190} INFO - [2025-06-27T20:19:46.285+0000] {dag.py:3239} INFO - Sync 1 DAGs
[2025-06-27T20:19:46.328+0000] {logging_mixin.py:190} INFO - [2025-06-27T20:19:46.328+0000] {dag.py:4180} INFO - Setting next_dagrun for lead_data_pipeline to 2025-06-27 10:00:00+00:00, run_after=2025-06-28 10:00:00+00:00
[2025-06-27T20:19:46.358+0000] {processor.py:208} INFO - Processing /opt/airflow/dags/lead_data_pipeline.py took 0.156 seconds
[2025-06-27T20:20:16.593+0000] {processor.py:186} INFO - Started process (PID=477) to work on /opt/airflow/dags/lead_data_pipeline.py
[2025-06-27T20:20:16.597+0000] {processor.py:914} INFO - Processing file /opt/airflow/dags/lead_data_pipeline.py for tasks to queue
[2025-06-27T20:20:16.603+0000] {logging_mixin.py:190} INFO - [2025-06-27T20:20:16.602+0000] {dagbag.py:588} INFO - Filling up the DagBag from /opt/airflow/dags/lead_data_pipeline.py
[2025-06-27T20:20:16.640+0000] {processor.py:925} INFO - DAG(s) 'lead_data_pipeline' retrieved from /opt/airflow/dags/lead_data_pipeline.py
[2025-06-27T20:20:16.710+0000] {logging_mixin.py:190} INFO - [2025-06-27T20:20:16.709+0000] {dag.py:3239} INFO - Sync 1 DAGs
[2025-06-27T20:20:16.753+0000] {logging_mixin.py:190} INFO - [2025-06-27T20:20:16.753+0000] {dag.py:4180} INFO - Setting next_dagrun for lead_data_pipeline to 2025-06-27 10:00:00+00:00, run_after=2025-06-28 10:00:00+00:00
[2025-06-27T20:20:16.797+0000] {processor.py:208} INFO - Processing /opt/airflow/dags/lead_data_pipeline.py took 0.215 seconds
[2025-06-27T20:20:46.986+0000] {processor.py:186} INFO - Started process (PID=484) to work on /opt/airflow/dags/lead_data_pipeline.py
[2025-06-27T20:20:46.987+0000] {processor.py:914} INFO - Processing file /opt/airflow/dags/lead_data_pipeline.py for tasks to queue
[2025-06-27T20:20:46.991+0000] {logging_mixin.py:190} INFO - [2025-06-27T20:20:46.991+0000] {dagbag.py:588} INFO - Filling up the DagBag from /opt/airflow/dags/lead_data_pipeline.py
[2025-06-27T20:20:47.013+0000] {processor.py:925} INFO - DAG(s) 'lead_data_pipeline' retrieved from /opt/airflow/dags/lead_data_pipeline.py
[2025-06-27T20:20:47.059+0000] {logging_mixin.py:190} INFO - [2025-06-27T20:20:47.059+0000] {dag.py:3239} INFO - Sync 1 DAGs
[2025-06-27T20:20:47.101+0000] {logging_mixin.py:190} INFO - [2025-06-27T20:20:47.101+0000] {dag.py:4180} INFO - Setting next_dagrun for lead_data_pipeline to 2025-06-27 10:00:00+00:00, run_after=2025-06-28 10:00:00+00:00
[2025-06-27T20:20:47.136+0000] {processor.py:208} INFO - Processing /opt/airflow/dags/lead_data_pipeline.py took 0.161 seconds
[2025-06-27T20:21:17.678+0000] {processor.py:186} INFO - Started process (PID=491) to work on /opt/airflow/dags/lead_data_pipeline.py
[2025-06-27T20:21:17.681+0000] {processor.py:914} INFO - Processing file /opt/airflow/dags/lead_data_pipeline.py for tasks to queue
[2025-06-27T20:21:17.691+0000] {logging_mixin.py:190} INFO - [2025-06-27T20:21:17.690+0000] {dagbag.py:588} INFO - Filling up the DagBag from /opt/airflow/dags/lead_data_pipeline.py
[2025-06-27T20:21:17.745+0000] {processor.py:925} INFO - DAG(s) 'lead_data_pipeline' retrieved from /opt/airflow/dags/lead_data_pipeline.py
[2025-06-27T20:21:17.816+0000] {logging_mixin.py:190} INFO - [2025-06-27T20:21:17.816+0000] {dag.py:3239} INFO - Sync 1 DAGs
[2025-06-27T20:21:17.869+0000] {logging_mixin.py:190} INFO - [2025-06-27T20:21:17.868+0000] {dag.py:4180} INFO - Setting next_dagrun for lead_data_pipeline to 2025-06-27 10:00:00+00:00, run_after=2025-06-28 10:00:00+00:00
[2025-06-27T20:21:17.908+0000] {processor.py:208} INFO - Processing /opt/airflow/dags/lead_data_pipeline.py took 0.257 seconds
[2025-06-27T20:21:48.065+0000] {processor.py:186} INFO - Started process (PID=498) to work on /opt/airflow/dags/lead_data_pipeline.py
[2025-06-27T20:21:48.067+0000] {processor.py:914} INFO - Processing file /opt/airflow/dags/lead_data_pipeline.py for tasks to queue
[2025-06-27T20:21:48.073+0000] {logging_mixin.py:190} INFO - [2025-06-27T20:21:48.072+0000] {dagbag.py:588} INFO - Filling up the DagBag from /opt/airflow/dags/lead_data_pipeline.py
[2025-06-27T20:21:48.102+0000] {processor.py:925} INFO - DAG(s) 'lead_data_pipeline' retrieved from /opt/airflow/dags/lead_data_pipeline.py
[2025-06-27T20:21:48.172+0000] {logging_mixin.py:190} INFO - [2025-06-27T20:21:48.171+0000] {dag.py:3239} INFO - Sync 1 DAGs
[2025-06-27T20:21:48.232+0000] {logging_mixin.py:190} INFO - [2025-06-27T20:21:48.231+0000] {dag.py:4180} INFO - Setting next_dagrun for lead_data_pipeline to 2025-06-27 10:00:00+00:00, run_after=2025-06-28 10:00:00+00:00
[2025-06-27T20:21:48.272+0000] {processor.py:208} INFO - Processing /opt/airflow/dags/lead_data_pipeline.py took 0.220 seconds
[2025-06-27T20:22:18.497+0000] {processor.py:186} INFO - Started process (PID=505) to work on /opt/airflow/dags/lead_data_pipeline.py
[2025-06-27T20:22:18.499+0000] {processor.py:914} INFO - Processing file /opt/airflow/dags/lead_data_pipeline.py for tasks to queue
[2025-06-27T20:22:18.505+0000] {logging_mixin.py:190} INFO - [2025-06-27T20:22:18.505+0000] {dagbag.py:588} INFO - Filling up the DagBag from /opt/airflow/dags/lead_data_pipeline.py
[2025-06-27T20:22:18.548+0000] {processor.py:925} INFO - DAG(s) 'lead_data_pipeline' retrieved from /opt/airflow/dags/lead_data_pipeline.py
[2025-06-27T20:22:18.602+0000] {logging_mixin.py:190} INFO - [2025-06-27T20:22:18.602+0000] {dag.py:3239} INFO - Sync 1 DAGs
[2025-06-27T20:22:18.645+0000] {logging_mixin.py:190} INFO - [2025-06-27T20:22:18.644+0000] {dag.py:4180} INFO - Setting next_dagrun for lead_data_pipeline to 2025-06-27 10:00:00+00:00, run_after=2025-06-28 10:00:00+00:00
[2025-06-27T20:22:18.676+0000] {processor.py:208} INFO - Processing /opt/airflow/dags/lead_data_pipeline.py took 0.197 seconds
[2025-06-27T20:22:49.311+0000] {processor.py:186} INFO - Started process (PID=512) to work on /opt/airflow/dags/lead_data_pipeline.py
[2025-06-27T20:22:49.314+0000] {processor.py:914} INFO - Processing file /opt/airflow/dags/lead_data_pipeline.py for tasks to queue
[2025-06-27T20:22:49.326+0000] {logging_mixin.py:190} INFO - [2025-06-27T20:22:49.323+0000] {dagbag.py:588} INFO - Filling up the DagBag from /opt/airflow/dags/lead_data_pipeline.py
[2025-06-27T20:22:49.380+0000] {processor.py:925} INFO - DAG(s) 'lead_data_pipeline' retrieved from /opt/airflow/dags/lead_data_pipeline.py
[2025-06-27T20:22:49.538+0000] {logging_mixin.py:190} INFO - [2025-06-27T20:22:49.537+0000] {dag.py:3239} INFO - Sync 1 DAGs
[2025-06-27T20:22:49.692+0000] {logging_mixin.py:190} INFO - [2025-06-27T20:22:49.691+0000] {dag.py:4180} INFO - Setting next_dagrun for lead_data_pipeline to 2025-06-27 10:00:00+00:00, run_after=2025-06-28 10:00:00+00:00
[2025-06-27T20:22:49.749+0000] {processor.py:208} INFO - Processing /opt/airflow/dags/lead_data_pipeline.py took 0.457 seconds
[2025-06-27T20:23:20.058+0000] {processor.py:186} INFO - Started process (PID=519) to work on /opt/airflow/dags/lead_data_pipeline.py
[2025-06-27T20:23:20.060+0000] {processor.py:914} INFO - Processing file /opt/airflow/dags/lead_data_pipeline.py for tasks to queue
[2025-06-27T20:23:20.066+0000] {logging_mixin.py:190} INFO - [2025-06-27T20:23:20.066+0000] {dagbag.py:588} INFO - Filling up the DagBag from /opt/airflow/dags/lead_data_pipeline.py
[2025-06-27T20:23:20.090+0000] {processor.py:925} INFO - DAG(s) 'lead_data_pipeline' retrieved from /opt/airflow/dags/lead_data_pipeline.py
[2025-06-27T20:23:20.135+0000] {logging_mixin.py:190} INFO - [2025-06-27T20:23:20.135+0000] {dag.py:3239} INFO - Sync 1 DAGs
[2025-06-27T20:23:20.177+0000] {logging_mixin.py:190} INFO - [2025-06-27T20:23:20.177+0000] {dag.py:4180} INFO - Setting next_dagrun for lead_data_pipeline to 2025-06-27 10:00:00+00:00, run_after=2025-06-28 10:00:00+00:00
[2025-06-27T20:23:20.211+0000] {processor.py:208} INFO - Processing /opt/airflow/dags/lead_data_pipeline.py took 0.163 seconds
[2025-06-27T20:23:50.418+0000] {processor.py:186} INFO - Started process (PID=530) to work on /opt/airflow/dags/lead_data_pipeline.py
[2025-06-27T20:23:50.422+0000] {processor.py:914} INFO - Processing file /opt/airflow/dags/lead_data_pipeline.py for tasks to queue
[2025-06-27T20:23:50.431+0000] {logging_mixin.py:190} INFO - [2025-06-27T20:23:50.430+0000] {dagbag.py:588} INFO - Filling up the DagBag from /opt/airflow/dags/lead_data_pipeline.py
[2025-06-27T20:23:50.474+0000] {processor.py:925} INFO - DAG(s) 'lead_data_pipeline' retrieved from /opt/airflow/dags/lead_data_pipeline.py
[2025-06-27T20:23:50.560+0000] {logging_mixin.py:190} INFO - [2025-06-27T20:23:50.559+0000] {dag.py:3239} INFO - Sync 1 DAGs
[2025-06-27T20:23:50.646+0000] {logging_mixin.py:190} INFO - [2025-06-27T20:23:50.645+0000] {dag.py:4180} INFO - Setting next_dagrun for lead_data_pipeline to 2025-06-27 10:00:00+00:00, run_after=2025-06-28 10:00:00+00:00
[2025-06-27T20:23:50.723+0000] {processor.py:208} INFO - Processing /opt/airflow/dags/lead_data_pipeline.py took 0.323 seconds
[2025-06-27T20:24:21.143+0000] {processor.py:186} INFO - Started process (PID=536) to work on /opt/airflow/dags/lead_data_pipeline.py
[2025-06-27T20:24:21.147+0000] {processor.py:914} INFO - Processing file /opt/airflow/dags/lead_data_pipeline.py for tasks to queue
[2025-06-27T20:24:21.159+0000] {logging_mixin.py:190} INFO - [2025-06-27T20:24:21.158+0000] {dagbag.py:588} INFO - Filling up the DagBag from /opt/airflow/dags/lead_data_pipeline.py
[2025-06-27T20:24:21.295+0000] {processor.py:925} INFO - DAG(s) 'lead_data_pipeline' retrieved from /opt/airflow/dags/lead_data_pipeline.py
[2025-06-27T20:24:21.495+0000] {logging_mixin.py:190} INFO - [2025-06-27T20:24:21.495+0000] {dag.py:3239} INFO - Sync 1 DAGs
[2025-06-27T20:24:21.625+0000] {logging_mixin.py:190} INFO - [2025-06-27T20:24:21.624+0000] {dag.py:4180} INFO - Setting next_dagrun for lead_data_pipeline to 2025-06-27 10:00:00+00:00, run_after=2025-06-28 10:00:00+00:00
[2025-06-27T20:24:21.676+0000] {processor.py:208} INFO - Processing /opt/airflow/dags/lead_data_pipeline.py took 0.558 seconds
[2025-06-27T20:24:52.063+0000] {processor.py:186} INFO - Started process (PID=542) to work on /opt/airflow/dags/lead_data_pipeline.py
[2025-06-27T20:24:52.064+0000] {processor.py:914} INFO - Processing file /opt/airflow/dags/lead_data_pipeline.py for tasks to queue
[2025-06-27T20:24:52.069+0000] {logging_mixin.py:190} INFO - [2025-06-27T20:24:52.068+0000] {dagbag.py:588} INFO - Filling up the DagBag from /opt/airflow/dags/lead_data_pipeline.py
[2025-06-27T20:24:52.097+0000] {processor.py:925} INFO - DAG(s) 'lead_data_pipeline' retrieved from /opt/airflow/dags/lead_data_pipeline.py
[2025-06-27T20:24:52.151+0000] {logging_mixin.py:190} INFO - [2025-06-27T20:24:52.150+0000] {dag.py:3239} INFO - Sync 1 DAGs
[2025-06-27T20:24:52.205+0000] {logging_mixin.py:190} INFO - [2025-06-27T20:24:52.204+0000] {dag.py:4180} INFO - Setting next_dagrun for lead_data_pipeline to 2025-06-27 10:00:00+00:00, run_after=2025-06-28 10:00:00+00:00
[2025-06-27T20:24:52.242+0000] {processor.py:208} INFO - Processing /opt/airflow/dags/lead_data_pipeline.py took 0.192 seconds
[2025-06-27T20:25:24.097+0000] {processor.py:186} INFO - Started process (PID=549) to work on /opt/airflow/dags/lead_data_pipeline.py
[2025-06-27T20:25:24.099+0000] {processor.py:914} INFO - Processing file /opt/airflow/dags/lead_data_pipeline.py for tasks to queue
[2025-06-27T20:25:24.108+0000] {logging_mixin.py:190} INFO - [2025-06-27T20:25:24.107+0000] {dagbag.py:588} INFO - Filling up the DagBag from /opt/airflow/dags/lead_data_pipeline.py
[2025-06-27T20:25:24.245+0000] {processor.py:925} INFO - DAG(s) 'lead_data_pipeline' retrieved from /opt/airflow/dags/lead_data_pipeline.py
[2025-06-27T20:25:24.388+0000] {logging_mixin.py:190} INFO - [2025-06-27T20:25:24.388+0000] {dag.py:3239} INFO - Sync 1 DAGs
[2025-06-27T20:25:24.549+0000] {logging_mixin.py:190} INFO - [2025-06-27T20:25:24.548+0000] {dag.py:4180} INFO - Setting next_dagrun for lead_data_pipeline to 2025-06-27 10:00:00+00:00, run_after=2025-06-28 10:00:00+00:00
[2025-06-27T20:25:24.679+0000] {processor.py:208} INFO - Processing /opt/airflow/dags/lead_data_pipeline.py took 0.676 seconds
[2025-06-27T20:25:55.457+0000] {processor.py:186} INFO - Started process (PID=555) to work on /opt/airflow/dags/lead_data_pipeline.py
[2025-06-27T20:25:55.460+0000] {processor.py:914} INFO - Processing file /opt/airflow/dags/lead_data_pipeline.py for tasks to queue
[2025-06-27T20:25:55.468+0000] {logging_mixin.py:190} INFO - [2025-06-27T20:25:55.467+0000] {dagbag.py:588} INFO - Filling up the DagBag from /opt/airflow/dags/lead_data_pipeline.py
[2025-06-27T20:25:55.533+0000] {processor.py:925} INFO - DAG(s) 'lead_data_pipeline' retrieved from /opt/airflow/dags/lead_data_pipeline.py
[2025-06-27T20:25:55.646+0000] {logging_mixin.py:190} INFO - [2025-06-27T20:25:55.646+0000] {dag.py:3239} INFO - Sync 1 DAGs
[2025-06-27T20:25:55.712+0000] {logging_mixin.py:190} INFO - [2025-06-27T20:25:55.711+0000] {dag.py:4180} INFO - Setting next_dagrun for lead_data_pipeline to 2025-06-27 10:00:00+00:00, run_after=2025-06-28 10:00:00+00:00
[2025-06-27T20:25:55.749+0000] {processor.py:208} INFO - Processing /opt/airflow/dags/lead_data_pipeline.py took 0.311 seconds
[2025-06-27T20:26:26.048+0000] {processor.py:186} INFO - Started process (PID=562) to work on /opt/airflow/dags/lead_data_pipeline.py
[2025-06-27T20:26:26.050+0000] {processor.py:914} INFO - Processing file /opt/airflow/dags/lead_data_pipeline.py for tasks to queue
[2025-06-27T20:26:26.057+0000] {logging_mixin.py:190} INFO - [2025-06-27T20:26:26.056+0000] {dagbag.py:588} INFO - Filling up the DagBag from /opt/airflow/dags/lead_data_pipeline.py
[2025-06-27T20:26:26.108+0000] {processor.py:925} INFO - DAG(s) 'lead_data_pipeline' retrieved from /opt/airflow/dags/lead_data_pipeline.py
[2025-06-27T20:26:26.225+0000] {logging_mixin.py:190} INFO - [2025-06-27T20:26:26.224+0000] {dag.py:3239} INFO - Sync 1 DAGs
[2025-06-27T20:26:26.325+0000] {logging_mixin.py:190} INFO - [2025-06-27T20:26:26.322+0000] {dag.py:4180} INFO - Setting next_dagrun for lead_data_pipeline to 2025-06-27 10:00:00+00:00, run_after=2025-06-28 10:00:00+00:00
[2025-06-27T20:26:26.394+0000] {processor.py:208} INFO - Processing /opt/airflow/dags/lead_data_pipeline.py took 0.365 seconds
[2025-06-27T20:26:56.744+0000] {processor.py:186} INFO - Started process (PID=569) to work on /opt/airflow/dags/lead_data_pipeline.py
[2025-06-27T20:26:56.748+0000] {processor.py:914} INFO - Processing file /opt/airflow/dags/lead_data_pipeline.py for tasks to queue
[2025-06-27T20:26:56.761+0000] {logging_mixin.py:190} INFO - [2025-06-27T20:26:56.760+0000] {dagbag.py:588} INFO - Filling up the DagBag from /opt/airflow/dags/lead_data_pipeline.py
[2025-06-27T20:26:56.810+0000] {processor.py:925} INFO - DAG(s) 'lead_data_pipeline' retrieved from /opt/airflow/dags/lead_data_pipeline.py
[2025-06-27T20:26:56.886+0000] {logging_mixin.py:190} INFO - [2025-06-27T20:26:56.886+0000] {dag.py:3239} INFO - Sync 1 DAGs
[2025-06-27T20:26:56.965+0000] {logging_mixin.py:190} INFO - [2025-06-27T20:26:56.965+0000] {dag.py:4180} INFO - Setting next_dagrun for lead_data_pipeline to 2025-06-27 10:00:00+00:00, run_after=2025-06-28 10:00:00+00:00
[2025-06-27T20:26:57.010+0000] {processor.py:208} INFO - Processing /opt/airflow/dags/lead_data_pipeline.py took 0.290 seconds
[2025-06-27T20:27:27.756+0000] {processor.py:186} INFO - Started process (PID=576) to work on /opt/airflow/dags/lead_data_pipeline.py
[2025-06-27T20:27:27.766+0000] {processor.py:914} INFO - Processing file /opt/airflow/dags/lead_data_pipeline.py for tasks to queue
[2025-06-27T20:27:27.776+0000] {logging_mixin.py:190} INFO - [2025-06-27T20:27:27.775+0000] {dagbag.py:588} INFO - Filling up the DagBag from /opt/airflow/dags/lead_data_pipeline.py
[2025-06-27T20:27:27.871+0000] {processor.py:925} INFO - DAG(s) 'lead_data_pipeline' retrieved from /opt/airflow/dags/lead_data_pipeline.py
[2025-06-27T20:27:28.005+0000] {logging_mixin.py:190} INFO - [2025-06-27T20:27:28.005+0000] {dag.py:3239} INFO - Sync 1 DAGs
[2025-06-27T20:27:28.129+0000] {logging_mixin.py:190} INFO - [2025-06-27T20:27:28.129+0000] {dag.py:4180} INFO - Setting next_dagrun for lead_data_pipeline to 2025-06-27 10:00:00+00:00, run_after=2025-06-28 10:00:00+00:00
[2025-06-27T20:27:28.231+0000] {processor.py:208} INFO - Processing /opt/airflow/dags/lead_data_pipeline.py took 0.517 seconds
[2025-06-27T20:27:58.656+0000] {processor.py:186} INFO - Started process (PID=583) to work on /opt/airflow/dags/lead_data_pipeline.py
[2025-06-27T20:27:58.658+0000] {processor.py:914} INFO - Processing file /opt/airflow/dags/lead_data_pipeline.py for tasks to queue
[2025-06-27T20:27:58.666+0000] {logging_mixin.py:190} INFO - [2025-06-27T20:27:58.665+0000] {dagbag.py:588} INFO - Filling up the DagBag from /opt/airflow/dags/lead_data_pipeline.py
[2025-06-27T20:27:58.708+0000] {processor.py:925} INFO - DAG(s) 'lead_data_pipeline' retrieved from /opt/airflow/dags/lead_data_pipeline.py
[2025-06-27T20:27:58.774+0000] {logging_mixin.py:190} INFO - [2025-06-27T20:27:58.774+0000] {dag.py:3239} INFO - Sync 1 DAGs
[2025-06-27T20:27:58.827+0000] {logging_mixin.py:190} INFO - [2025-06-27T20:27:58.827+0000] {dag.py:4180} INFO - Setting next_dagrun for lead_data_pipeline to 2025-06-27 10:00:00+00:00, run_after=2025-06-28 10:00:00+00:00
[2025-06-27T20:27:58.860+0000] {processor.py:208} INFO - Processing /opt/airflow/dags/lead_data_pipeline.py took 0.223 seconds
[2025-06-27T20:28:29.248+0000] {processor.py:186} INFO - Started process (PID=590) to work on /opt/airflow/dags/lead_data_pipeline.py
[2025-06-27T20:28:29.250+0000] {processor.py:914} INFO - Processing file /opt/airflow/dags/lead_data_pipeline.py for tasks to queue
[2025-06-27T20:28:29.256+0000] {logging_mixin.py:190} INFO - [2025-06-27T20:28:29.255+0000] {dagbag.py:588} INFO - Filling up the DagBag from /opt/airflow/dags/lead_data_pipeline.py
[2025-06-27T20:28:29.297+0000] {processor.py:925} INFO - DAG(s) 'lead_data_pipeline' retrieved from /opt/airflow/dags/lead_data_pipeline.py
[2025-06-27T20:28:29.375+0000] {logging_mixin.py:190} INFO - [2025-06-27T20:28:29.375+0000] {dag.py:3239} INFO - Sync 1 DAGs
[2025-06-27T20:28:29.440+0000] {logging_mixin.py:190} INFO - [2025-06-27T20:28:29.440+0000] {dag.py:4180} INFO - Setting next_dagrun for lead_data_pipeline to 2025-06-27 10:00:00+00:00, run_after=2025-06-28 10:00:00+00:00
[2025-06-27T20:28:29.490+0000] {processor.py:208} INFO - Processing /opt/airflow/dags/lead_data_pipeline.py took 0.256 seconds
[2025-06-27T20:28:59.601+0000] {processor.py:186} INFO - Started process (PID=597) to work on /opt/airflow/dags/lead_data_pipeline.py
[2025-06-27T20:28:59.602+0000] {processor.py:914} INFO - Processing file /opt/airflow/dags/lead_data_pipeline.py for tasks to queue
[2025-06-27T20:28:59.607+0000] {logging_mixin.py:190} INFO - [2025-06-27T20:28:59.607+0000] {dagbag.py:588} INFO - Filling up the DagBag from /opt/airflow/dags/lead_data_pipeline.py
[2025-06-27T20:28:59.648+0000] {processor.py:925} INFO - DAG(s) 'lead_data_pipeline' retrieved from /opt/airflow/dags/lead_data_pipeline.py
[2025-06-27T20:28:59.705+0000] {logging_mixin.py:190} INFO - [2025-06-27T20:28:59.704+0000] {dag.py:3239} INFO - Sync 1 DAGs
[2025-06-27T20:28:59.755+0000] {logging_mixin.py:190} INFO - [2025-06-27T20:28:59.755+0000] {dag.py:4180} INFO - Setting next_dagrun for lead_data_pipeline to 2025-06-27 10:00:00+00:00, run_after=2025-06-28 10:00:00+00:00
[2025-06-27T20:28:59.793+0000] {processor.py:208} INFO - Processing /opt/airflow/dags/lead_data_pipeline.py took 0.205 seconds
[2025-06-27T20:29:30.153+0000] {processor.py:186} INFO - Started process (PID=604) to work on /opt/airflow/dags/lead_data_pipeline.py
[2025-06-27T20:29:30.159+0000] {processor.py:914} INFO - Processing file /opt/airflow/dags/lead_data_pipeline.py for tasks to queue
[2025-06-27T20:29:30.169+0000] {logging_mixin.py:190} INFO - [2025-06-27T20:29:30.165+0000] {dagbag.py:588} INFO - Filling up the DagBag from /opt/airflow/dags/lead_data_pipeline.py
[2025-06-27T20:29:30.217+0000] {processor.py:925} INFO - DAG(s) 'lead_data_pipeline' retrieved from /opt/airflow/dags/lead_data_pipeline.py
[2025-06-27T20:29:30.372+0000] {logging_mixin.py:190} INFO - [2025-06-27T20:29:30.371+0000] {dag.py:3239} INFO - Sync 1 DAGs
[2025-06-27T20:29:30.516+0000] {logging_mixin.py:190} INFO - [2025-06-27T20:29:30.515+0000] {dag.py:4180} INFO - Setting next_dagrun for lead_data_pipeline to 2025-06-27 10:00:00+00:00, run_after=2025-06-28 10:00:00+00:00
[2025-06-27T20:29:30.574+0000] {processor.py:208} INFO - Processing /opt/airflow/dags/lead_data_pipeline.py took 0.474 seconds
[2025-06-27T20:30:01.052+0000] {processor.py:186} INFO - Started process (PID=611) to work on /opt/airflow/dags/lead_data_pipeline.py
[2025-06-27T20:30:01.054+0000] {processor.py:914} INFO - Processing file /opt/airflow/dags/lead_data_pipeline.py for tasks to queue
[2025-06-27T20:30:01.057+0000] {logging_mixin.py:190} INFO - [2025-06-27T20:30:01.057+0000] {dagbag.py:588} INFO - Filling up the DagBag from /opt/airflow/dags/lead_data_pipeline.py
[2025-06-27T20:30:01.082+0000] {processor.py:925} INFO - DAG(s) 'lead_data_pipeline' retrieved from /opt/airflow/dags/lead_data_pipeline.py
[2025-06-27T20:30:01.132+0000] {logging_mixin.py:190} INFO - [2025-06-27T20:30:01.131+0000] {dag.py:3239} INFO - Sync 1 DAGs
[2025-06-27T20:30:01.193+0000] {logging_mixin.py:190} INFO - [2025-06-27T20:30:01.193+0000] {dag.py:4180} INFO - Setting next_dagrun for lead_data_pipeline to 2025-06-27 10:00:00+00:00, run_after=2025-06-28 10:00:00+00:00
[2025-06-27T20:30:01.226+0000] {processor.py:208} INFO - Processing /opt/airflow/dags/lead_data_pipeline.py took 0.183 seconds
[2025-06-27T20:30:31.354+0000] {processor.py:186} INFO - Started process (PID=618) to work on /opt/airflow/dags/lead_data_pipeline.py
[2025-06-27T20:30:31.356+0000] {processor.py:914} INFO - Processing file /opt/airflow/dags/lead_data_pipeline.py for tasks to queue
[2025-06-27T20:30:31.361+0000] {logging_mixin.py:190} INFO - [2025-06-27T20:30:31.360+0000] {dagbag.py:588} INFO - Filling up the DagBag from /opt/airflow/dags/lead_data_pipeline.py
[2025-06-27T20:30:31.387+0000] {processor.py:925} INFO - DAG(s) 'lead_data_pipeline' retrieved from /opt/airflow/dags/lead_data_pipeline.py
[2025-06-27T20:30:31.434+0000] {logging_mixin.py:190} INFO - [2025-06-27T20:30:31.434+0000] {dag.py:3239} INFO - Sync 1 DAGs
[2025-06-27T20:30:31.473+0000] {logging_mixin.py:190} INFO - [2025-06-27T20:30:31.473+0000] {dag.py:4180} INFO - Setting next_dagrun for lead_data_pipeline to 2025-06-27 10:00:00+00:00, run_after=2025-06-28 10:00:00+00:00
[2025-06-27T20:30:31.511+0000] {processor.py:208} INFO - Processing /opt/airflow/dags/lead_data_pipeline.py took 0.168 seconds
[2025-06-27T20:31:01.899+0000] {processor.py:186} INFO - Started process (PID=624) to work on /opt/airflow/dags/lead_data_pipeline.py
[2025-06-27T20:31:01.901+0000] {processor.py:914} INFO - Processing file /opt/airflow/dags/lead_data_pipeline.py for tasks to queue
[2025-06-27T20:31:01.905+0000] {logging_mixin.py:190} INFO - [2025-06-27T20:31:01.904+0000] {dagbag.py:588} INFO - Filling up the DagBag from /opt/airflow/dags/lead_data_pipeline.py
[2025-06-27T20:31:01.927+0000] {processor.py:925} INFO - DAG(s) 'lead_data_pipeline' retrieved from /opt/airflow/dags/lead_data_pipeline.py
[2025-06-27T20:31:01.975+0000] {logging_mixin.py:190} INFO - [2025-06-27T20:31:01.975+0000] {dag.py:3239} INFO - Sync 1 DAGs
[2025-06-27T20:31:02.020+0000] {logging_mixin.py:190} INFO - [2025-06-27T20:31:02.019+0000] {dag.py:4180} INFO - Setting next_dagrun for lead_data_pipeline to 2025-06-27 10:00:00+00:00, run_after=2025-06-28 10:00:00+00:00
[2025-06-27T20:31:02.053+0000] {processor.py:208} INFO - Processing /opt/airflow/dags/lead_data_pipeline.py took 0.165 seconds
[2025-06-27T20:31:32.201+0000] {processor.py:186} INFO - Started process (PID=631) to work on /opt/airflow/dags/lead_data_pipeline.py
[2025-06-27T20:31:32.202+0000] {processor.py:914} INFO - Processing file /opt/airflow/dags/lead_data_pipeline.py for tasks to queue
[2025-06-27T20:31:32.207+0000] {logging_mixin.py:190} INFO - [2025-06-27T20:31:32.206+0000] {dagbag.py:588} INFO - Filling up the DagBag from /opt/airflow/dags/lead_data_pipeline.py
[2025-06-27T20:31:32.236+0000] {processor.py:925} INFO - DAG(s) 'lead_data_pipeline' retrieved from /opt/airflow/dags/lead_data_pipeline.py
[2025-06-27T20:31:32.289+0000] {logging_mixin.py:190} INFO - [2025-06-27T20:31:32.289+0000] {dag.py:3239} INFO - Sync 1 DAGs
[2025-06-27T20:31:32.334+0000] {logging_mixin.py:190} INFO - [2025-06-27T20:31:32.334+0000] {dag.py:4180} INFO - Setting next_dagrun for lead_data_pipeline to 2025-06-27 10:00:00+00:00, run_after=2025-06-28 10:00:00+00:00
[2025-06-27T20:31:32.365+0000] {processor.py:208} INFO - Processing /opt/airflow/dags/lead_data_pipeline.py took 0.175 seconds
[2025-06-27T20:32:02.645+0000] {processor.py:186} INFO - Started process (PID=640) to work on /opt/airflow/dags/lead_data_pipeline.py
[2025-06-27T20:32:02.648+0000] {processor.py:914} INFO - Processing file /opt/airflow/dags/lead_data_pipeline.py for tasks to queue
[2025-06-27T20:32:02.659+0000] {logging_mixin.py:190} INFO - [2025-06-27T20:32:02.657+0000] {dagbag.py:588} INFO - Filling up the DagBag from /opt/airflow/dags/lead_data_pipeline.py
[2025-06-27T20:32:02.688+0000] {processor.py:925} INFO - DAG(s) 'lead_data_pipeline' retrieved from /opt/airflow/dags/lead_data_pipeline.py
[2025-06-27T20:32:02.765+0000] {logging_mixin.py:190} INFO - [2025-06-27T20:32:02.764+0000] {dag.py:3239} INFO - Sync 1 DAGs
[2025-06-27T20:32:02.843+0000] {logging_mixin.py:190} INFO - [2025-06-27T20:32:02.842+0000] {dag.py:4180} INFO - Setting next_dagrun for lead_data_pipeline to 2025-06-27 10:00:00+00:00, run_after=2025-06-28 10:00:00+00:00
[2025-06-27T20:32:02.890+0000] {processor.py:208} INFO - Processing /opt/airflow/dags/lead_data_pipeline.py took 0.272 seconds
[2025-06-27T20:32:32.983+0000] {processor.py:186} INFO - Started process (PID=646) to work on /opt/airflow/dags/lead_data_pipeline.py
[2025-06-27T20:32:32.984+0000] {processor.py:914} INFO - Processing file /opt/airflow/dags/lead_data_pipeline.py for tasks to queue
[2025-06-27T20:32:32.990+0000] {logging_mixin.py:190} INFO - [2025-06-27T20:32:32.989+0000] {dagbag.py:588} INFO - Filling up the DagBag from /opt/airflow/dags/lead_data_pipeline.py
[2025-06-27T20:32:33.025+0000] {processor.py:925} INFO - DAG(s) 'lead_data_pipeline' retrieved from /opt/airflow/dags/lead_data_pipeline.py
[2025-06-27T20:32:33.108+0000] {logging_mixin.py:190} INFO - [2025-06-27T20:32:33.107+0000] {dag.py:3239} INFO - Sync 1 DAGs
[2025-06-27T20:32:33.169+0000] {logging_mixin.py:190} INFO - [2025-06-27T20:32:33.168+0000] {dag.py:4180} INFO - Setting next_dagrun for lead_data_pipeline to 2025-06-27 10:00:00+00:00, run_after=2025-06-28 10:00:00+00:00
[2025-06-27T20:32:33.209+0000] {processor.py:208} INFO - Processing /opt/airflow/dags/lead_data_pipeline.py took 0.242 seconds
[2025-06-27T20:33:03.436+0000] {processor.py:186} INFO - Started process (PID=653) to work on /opt/airflow/dags/lead_data_pipeline.py
[2025-06-27T20:33:03.438+0000] {processor.py:914} INFO - Processing file /opt/airflow/dags/lead_data_pipeline.py for tasks to queue
[2025-06-27T20:33:03.442+0000] {logging_mixin.py:190} INFO - [2025-06-27T20:33:03.441+0000] {dagbag.py:588} INFO - Filling up the DagBag from /opt/airflow/dags/lead_data_pipeline.py
[2025-06-27T20:33:03.463+0000] {processor.py:925} INFO - DAG(s) 'lead_data_pipeline' retrieved from /opt/airflow/dags/lead_data_pipeline.py
[2025-06-27T20:33:03.518+0000] {logging_mixin.py:190} INFO - [2025-06-27T20:33:03.518+0000] {dag.py:3239} INFO - Sync 1 DAGs
[2025-06-27T20:33:03.565+0000] {logging_mixin.py:190} INFO - [2025-06-27T20:33:03.564+0000] {dag.py:4180} INFO - Setting next_dagrun for lead_data_pipeline to 2025-06-27 10:00:00+00:00, run_after=2025-06-28 10:00:00+00:00
[2025-06-27T20:33:03.598+0000] {processor.py:208} INFO - Processing /opt/airflow/dags/lead_data_pipeline.py took 0.171 seconds
[2025-06-27T20:33:33.839+0000] {processor.py:186} INFO - Started process (PID=660) to work on /opt/airflow/dags/lead_data_pipeline.py
[2025-06-27T20:33:33.842+0000] {processor.py:914} INFO - Processing file /opt/airflow/dags/lead_data_pipeline.py for tasks to queue
[2025-06-27T20:33:33.848+0000] {logging_mixin.py:190} INFO - [2025-06-27T20:33:33.848+0000] {dagbag.py:588} INFO - Filling up the DagBag from /opt/airflow/dags/lead_data_pipeline.py
[2025-06-27T20:33:33.906+0000] {processor.py:925} INFO - DAG(s) 'lead_data_pipeline' retrieved from /opt/airflow/dags/lead_data_pipeline.py
[2025-06-27T20:33:33.991+0000] {logging_mixin.py:190} INFO - [2025-06-27T20:33:33.990+0000] {dag.py:3239} INFO - Sync 1 DAGs
[2025-06-27T20:33:34.069+0000] {logging_mixin.py:190} INFO - [2025-06-27T20:33:34.067+0000] {dag.py:4180} INFO - Setting next_dagrun for lead_data_pipeline to 2025-06-27 10:00:00+00:00, run_after=2025-06-28 10:00:00+00:00
[2025-06-27T20:33:34.122+0000] {processor.py:208} INFO - Processing /opt/airflow/dags/lead_data_pipeline.py took 0.301 seconds
[2025-06-27T20:34:04.238+0000] {processor.py:186} INFO - Started process (PID=667) to work on /opt/airflow/dags/lead_data_pipeline.py
[2025-06-27T20:34:04.239+0000] {processor.py:914} INFO - Processing file /opt/airflow/dags/lead_data_pipeline.py for tasks to queue
[2025-06-27T20:34:04.244+0000] {logging_mixin.py:190} INFO - [2025-06-27T20:34:04.243+0000] {dagbag.py:588} INFO - Filling up the DagBag from /opt/airflow/dags/lead_data_pipeline.py
[2025-06-27T20:34:04.265+0000] {processor.py:925} INFO - DAG(s) 'lead_data_pipeline' retrieved from /opt/airflow/dags/lead_data_pipeline.py
[2025-06-27T20:34:04.310+0000] {logging_mixin.py:190} INFO - [2025-06-27T20:34:04.310+0000] {dag.py:3239} INFO - Sync 1 DAGs
[2025-06-27T20:34:04.352+0000] {logging_mixin.py:190} INFO - [2025-06-27T20:34:04.351+0000] {dag.py:4180} INFO - Setting next_dagrun for lead_data_pipeline to 2025-06-27 10:00:00+00:00, run_after=2025-06-28 10:00:00+00:00
[2025-06-27T20:34:04.392+0000] {processor.py:208} INFO - Processing /opt/airflow/dags/lead_data_pipeline.py took 0.165 seconds
[2025-06-27T20:34:34.704+0000] {processor.py:186} INFO - Started process (PID=680) to work on /opt/airflow/dags/lead_data_pipeline.py
[2025-06-27T20:34:34.707+0000] {processor.py:914} INFO - Processing file /opt/airflow/dags/lead_data_pipeline.py for tasks to queue
[2025-06-27T20:34:34.719+0000] {logging_mixin.py:190} INFO - [2025-06-27T20:34:34.716+0000] {dagbag.py:588} INFO - Filling up the DagBag from /opt/airflow/dags/lead_data_pipeline.py
[2025-06-27T20:34:34.755+0000] {processor.py:925} INFO - DAG(s) 'lead_data_pipeline' retrieved from /opt/airflow/dags/lead_data_pipeline.py
[2025-06-27T20:34:34.802+0000] {logging_mixin.py:190} INFO - [2025-06-27T20:34:34.802+0000] {dag.py:3239} INFO - Sync 1 DAGs
[2025-06-27T20:34:34.848+0000] {logging_mixin.py:190} INFO - [2025-06-27T20:34:34.848+0000] {dag.py:4180} INFO - Setting next_dagrun for lead_data_pipeline to 2025-06-27 10:00:00+00:00, run_after=2025-06-28 10:00:00+00:00
[2025-06-27T20:34:34.884+0000] {processor.py:208} INFO - Processing /opt/airflow/dags/lead_data_pipeline.py took 0.194 seconds
[2025-06-27T20:35:05.371+0000] {processor.py:186} INFO - Started process (PID=687) to work on /opt/airflow/dags/lead_data_pipeline.py
[2025-06-27T20:35:05.376+0000] {processor.py:914} INFO - Processing file /opt/airflow/dags/lead_data_pipeline.py for tasks to queue
[2025-06-27T20:35:05.388+0000] {logging_mixin.py:190} INFO - [2025-06-27T20:35:05.386+0000] {dagbag.py:588} INFO - Filling up the DagBag from /opt/airflow/dags/lead_data_pipeline.py
[2025-06-27T20:35:05.536+0000] {processor.py:925} INFO - DAG(s) 'lead_data_pipeline' retrieved from /opt/airflow/dags/lead_data_pipeline.py
[2025-06-27T20:35:05.844+0000] {logging_mixin.py:190} INFO - [2025-06-27T20:35:05.843+0000] {dag.py:3239} INFO - Sync 1 DAGs
[2025-06-27T20:35:06.026+0000] {logging_mixin.py:190} INFO - [2025-06-27T20:35:06.025+0000] {dag.py:4180} INFO - Setting next_dagrun for lead_data_pipeline to 2025-06-27 10:00:00+00:00, run_after=2025-06-28 10:00:00+00:00
[2025-06-27T20:35:06.109+0000] {processor.py:208} INFO - Processing /opt/airflow/dags/lead_data_pipeline.py took 0.820 seconds
[2025-06-27T20:35:36.603+0000] {processor.py:186} INFO - Started process (PID=694) to work on /opt/airflow/dags/lead_data_pipeline.py
[2025-06-27T20:35:36.606+0000] {processor.py:914} INFO - Processing file /opt/airflow/dags/lead_data_pipeline.py for tasks to queue
[2025-06-27T20:35:36.624+0000] {logging_mixin.py:190} INFO - [2025-06-27T20:35:36.622+0000] {dagbag.py:588} INFO - Filling up the DagBag from /opt/airflow/dags/lead_data_pipeline.py
[2025-06-27T20:35:36.683+0000] {processor.py:925} INFO - DAG(s) 'lead_data_pipeline' retrieved from /opt/airflow/dags/lead_data_pipeline.py
[2025-06-27T20:35:36.772+0000] {logging_mixin.py:190} INFO - [2025-06-27T20:35:36.771+0000] {dag.py:3239} INFO - Sync 1 DAGs
[2025-06-27T20:35:36.865+0000] {logging_mixin.py:190} INFO - [2025-06-27T20:35:36.865+0000] {dag.py:4180} INFO - Setting next_dagrun for lead_data_pipeline to 2025-06-27 10:00:00+00:00, run_after=2025-06-28 10:00:00+00:00
[2025-06-27T20:35:36.931+0000] {processor.py:208} INFO - Processing /opt/airflow/dags/lead_data_pipeline.py took 0.352 seconds
[2025-06-27T20:36:07.087+0000] {processor.py:186} INFO - Started process (PID=701) to work on /opt/airflow/dags/lead_data_pipeline.py
[2025-06-27T20:36:07.089+0000] {processor.py:914} INFO - Processing file /opt/airflow/dags/lead_data_pipeline.py for tasks to queue
[2025-06-27T20:36:07.097+0000] {logging_mixin.py:190} INFO - [2025-06-27T20:36:07.096+0000] {dagbag.py:588} INFO - Filling up the DagBag from /opt/airflow/dags/lead_data_pipeline.py
[2025-06-27T20:36:07.135+0000] {processor.py:925} INFO - DAG(s) 'lead_data_pipeline' retrieved from /opt/airflow/dags/lead_data_pipeline.py
[2025-06-27T20:36:07.216+0000] {logging_mixin.py:190} INFO - [2025-06-27T20:36:07.215+0000] {dag.py:3239} INFO - Sync 1 DAGs
[2025-06-27T20:36:07.303+0000] {logging_mixin.py:190} INFO - [2025-06-27T20:36:07.303+0000] {dag.py:4180} INFO - Setting next_dagrun for lead_data_pipeline to 2025-06-27 10:00:00+00:00, run_after=2025-06-28 10:00:00+00:00
[2025-06-27T20:36:07.362+0000] {processor.py:208} INFO - Processing /opt/airflow/dags/lead_data_pipeline.py took 0.295 seconds
[2025-06-27T20:36:37.898+0000] {processor.py:186} INFO - Started process (PID=708) to work on /opt/airflow/dags/lead_data_pipeline.py
[2025-06-27T20:36:37.902+0000] {processor.py:914} INFO - Processing file /opt/airflow/dags/lead_data_pipeline.py for tasks to queue
[2025-06-27T20:36:37.909+0000] {logging_mixin.py:190} INFO - [2025-06-27T20:36:37.908+0000] {dagbag.py:588} INFO - Filling up the DagBag from /opt/airflow/dags/lead_data_pipeline.py
[2025-06-27T20:36:37.950+0000] {processor.py:925} INFO - DAG(s) 'lead_data_pipeline' retrieved from /opt/airflow/dags/lead_data_pipeline.py
[2025-06-27T20:36:38.020+0000] {logging_mixin.py:190} INFO - [2025-06-27T20:36:38.019+0000] {dag.py:3239} INFO - Sync 1 DAGs
[2025-06-27T20:36:38.094+0000] {logging_mixin.py:190} INFO - [2025-06-27T20:36:38.093+0000] {dag.py:4180} INFO - Setting next_dagrun for lead_data_pipeline to 2025-06-27 10:00:00+00:00, run_after=2025-06-28 10:00:00+00:00
[2025-06-27T20:36:38.149+0000] {processor.py:208} INFO - Processing /opt/airflow/dags/lead_data_pipeline.py took 0.275 seconds
[2025-06-27T20:37:08.353+0000] {processor.py:186} INFO - Started process (PID=715) to work on /opt/airflow/dags/lead_data_pipeline.py
[2025-06-27T20:37:08.357+0000] {processor.py:914} INFO - Processing file /opt/airflow/dags/lead_data_pipeline.py for tasks to queue
[2025-06-27T20:37:08.363+0000] {logging_mixin.py:190} INFO - [2025-06-27T20:37:08.363+0000] {dagbag.py:588} INFO - Filling up the DagBag from /opt/airflow/dags/lead_data_pipeline.py
[2025-06-27T20:37:08.401+0000] {processor.py:925} INFO - DAG(s) 'lead_data_pipeline' retrieved from /opt/airflow/dags/lead_data_pipeline.py
[2025-06-27T20:37:08.501+0000] {logging_mixin.py:190} INFO - [2025-06-27T20:37:08.501+0000] {dag.py:3239} INFO - Sync 1 DAGs
[2025-06-27T20:37:08.599+0000] {logging_mixin.py:190} INFO - [2025-06-27T20:37:08.598+0000] {dag.py:4180} INFO - Setting next_dagrun for lead_data_pipeline to 2025-06-27 10:00:00+00:00, run_after=2025-06-28 10:00:00+00:00
[2025-06-27T20:37:08.694+0000] {processor.py:208} INFO - Processing /opt/airflow/dags/lead_data_pipeline.py took 0.360 seconds
[2025-06-27T20:37:39.168+0000] {processor.py:186} INFO - Started process (PID=721) to work on /opt/airflow/dags/lead_data_pipeline.py
[2025-06-27T20:37:39.179+0000] {processor.py:914} INFO - Processing file /opt/airflow/dags/lead_data_pipeline.py for tasks to queue
[2025-06-27T20:37:39.189+0000] {logging_mixin.py:190} INFO - [2025-06-27T20:37:39.188+0000] {dagbag.py:588} INFO - Filling up the DagBag from /opt/airflow/dags/lead_data_pipeline.py
[2025-06-27T20:37:39.324+0000] {processor.py:925} INFO - DAG(s) 'lead_data_pipeline' retrieved from /opt/airflow/dags/lead_data_pipeline.py
[2025-06-27T20:37:39.450+0000] {logging_mixin.py:190} INFO - [2025-06-27T20:37:39.449+0000] {dag.py:3239} INFO - Sync 1 DAGs
[2025-06-27T20:37:39.579+0000] {logging_mixin.py:190} INFO - [2025-06-27T20:37:39.578+0000] {dag.py:4180} INFO - Setting next_dagrun for lead_data_pipeline to 2025-06-27 10:00:00+00:00, run_after=2025-06-28 10:00:00+00:00
[2025-06-27T20:37:39.648+0000] {processor.py:208} INFO - Processing /opt/airflow/dags/lead_data_pipeline.py took 0.501 seconds
[2025-06-27T20:38:10.354+0000] {processor.py:186} INFO - Started process (PID=728) to work on /opt/airflow/dags/lead_data_pipeline.py
[2025-06-27T20:38:10.394+0000] {processor.py:914} INFO - Processing file /opt/airflow/dags/lead_data_pipeline.py for tasks to queue
[2025-06-27T20:38:10.421+0000] {logging_mixin.py:190} INFO - [2025-06-27T20:38:10.411+0000] {dagbag.py:588} INFO - Filling up the DagBag from /opt/airflow/dags/lead_data_pipeline.py
[2025-06-27T20:38:11.208+0000] {processor.py:925} INFO - DAG(s) 'lead_data_pipeline' retrieved from /opt/airflow/dags/lead_data_pipeline.py
[2025-06-27T20:38:11.323+0000] {logging_mixin.py:190} INFO - [2025-06-27T20:38:11.322+0000] {dag.py:3239} INFO - Sync 1 DAGs
[2025-06-27T20:38:11.399+0000] {logging_mixin.py:190} INFO - [2025-06-27T20:38:11.399+0000] {dag.py:4180} INFO - Setting next_dagrun for lead_data_pipeline to 2025-06-27 10:00:00+00:00, run_after=2025-06-28 10:00:00+00:00
[2025-06-27T20:38:11.459+0000] {processor.py:208} INFO - Processing /opt/airflow/dags/lead_data_pipeline.py took 1.293 seconds
[2025-06-27T20:38:41.836+0000] {processor.py:186} INFO - Started process (PID=734) to work on /opt/airflow/dags/lead_data_pipeline.py
[2025-06-27T20:38:41.839+0000] {processor.py:914} INFO - Processing file /opt/airflow/dags/lead_data_pipeline.py for tasks to queue
[2025-06-27T20:38:41.848+0000] {logging_mixin.py:190} INFO - [2025-06-27T20:38:41.847+0000] {dagbag.py:588} INFO - Filling up the DagBag from /opt/airflow/dags/lead_data_pipeline.py
[2025-06-27T20:38:41.893+0000] {processor.py:925} INFO - DAG(s) 'lead_data_pipeline' retrieved from /opt/airflow/dags/lead_data_pipeline.py
[2025-06-27T20:38:42.003+0000] {logging_mixin.py:190} INFO - [2025-06-27T20:38:42.002+0000] {dag.py:3239} INFO - Sync 1 DAGs
[2025-06-27T20:38:42.093+0000] {logging_mixin.py:190} INFO - [2025-06-27T20:38:42.092+0000] {dag.py:4180} INFO - Setting next_dagrun for lead_data_pipeline to 2025-06-27 10:00:00+00:00, run_after=2025-06-28 10:00:00+00:00
[2025-06-27T20:38:42.173+0000] {processor.py:208} INFO - Processing /opt/airflow/dags/lead_data_pipeline.py took 0.356 seconds
[2025-06-27T20:39:12.392+0000] {processor.py:186} INFO - Started process (PID=740) to work on /opt/airflow/dags/lead_data_pipeline.py
[2025-06-27T20:39:12.397+0000] {processor.py:914} INFO - Processing file /opt/airflow/dags/lead_data_pipeline.py for tasks to queue
[2025-06-27T20:39:12.407+0000] {logging_mixin.py:190} INFO - [2025-06-27T20:39:12.406+0000] {dagbag.py:588} INFO - Filling up the DagBag from /opt/airflow/dags/lead_data_pipeline.py
[2025-06-27T20:39:12.454+0000] {processor.py:925} INFO - DAG(s) 'lead_data_pipeline' retrieved from /opt/airflow/dags/lead_data_pipeline.py
[2025-06-27T20:39:12.549+0000] {logging_mixin.py:190} INFO - [2025-06-27T20:39:12.549+0000] {dag.py:3239} INFO - Sync 1 DAGs
[2025-06-27T20:39:12.701+0000] {logging_mixin.py:190} INFO - [2025-06-27T20:39:12.698+0000] {dag.py:4180} INFO - Setting next_dagrun for lead_data_pipeline to 2025-06-27 10:00:00+00:00, run_after=2025-06-28 10:00:00+00:00
[2025-06-27T20:39:13.246+0000] {processor.py:208} INFO - Processing /opt/airflow/dags/lead_data_pipeline.py took 0.873 seconds
[2025-06-27T20:39:43.765+0000] {processor.py:186} INFO - Started process (PID=747) to work on /opt/airflow/dags/lead_data_pipeline.py
[2025-06-27T20:39:43.774+0000] {processor.py:914} INFO - Processing file /opt/airflow/dags/lead_data_pipeline.py for tasks to queue
[2025-06-27T20:39:43.788+0000] {logging_mixin.py:190} INFO - [2025-06-27T20:39:43.785+0000] {dagbag.py:588} INFO - Filling up the DagBag from /opt/airflow/dags/lead_data_pipeline.py
[2025-06-27T20:39:43.940+0000] {processor.py:925} INFO - DAG(s) 'lead_data_pipeline' retrieved from /opt/airflow/dags/lead_data_pipeline.py
[2025-06-27T20:39:44.055+0000] {logging_mixin.py:190} INFO - [2025-06-27T20:39:44.053+0000] {dag.py:3239} INFO - Sync 1 DAGs
[2025-06-27T20:39:44.209+0000] {logging_mixin.py:190} INFO - [2025-06-27T20:39:44.207+0000] {dag.py:4180} INFO - Setting next_dagrun for lead_data_pipeline to 2025-06-27 10:00:00+00:00, run_after=2025-06-28 10:00:00+00:00
[2025-06-27T20:39:44.318+0000] {processor.py:208} INFO - Processing /opt/airflow/dags/lead_data_pipeline.py took 0.581 seconds
[2025-06-27T20:40:14.633+0000] {processor.py:186} INFO - Started process (PID=754) to work on /opt/airflow/dags/lead_data_pipeline.py
[2025-06-27T20:40:14.634+0000] {processor.py:914} INFO - Processing file /opt/airflow/dags/lead_data_pipeline.py for tasks to queue
[2025-06-27T20:40:14.639+0000] {logging_mixin.py:190} INFO - [2025-06-27T20:40:14.638+0000] {dagbag.py:588} INFO - Filling up the DagBag from /opt/airflow/dags/lead_data_pipeline.py
[2025-06-27T20:40:14.665+0000] {processor.py:925} INFO - DAG(s) 'lead_data_pipeline' retrieved from /opt/airflow/dags/lead_data_pipeline.py
[2025-06-27T20:40:14.722+0000] {logging_mixin.py:190} INFO - [2025-06-27T20:40:14.722+0000] {dag.py:3239} INFO - Sync 1 DAGs
[2025-06-27T20:40:14.782+0000] {logging_mixin.py:190} INFO - [2025-06-27T20:40:14.782+0000] {dag.py:4180} INFO - Setting next_dagrun for lead_data_pipeline to 2025-06-27 10:00:00+00:00, run_after=2025-06-28 10:00:00+00:00
[2025-06-27T20:40:14.817+0000] {processor.py:208} INFO - Processing /opt/airflow/dags/lead_data_pipeline.py took 0.195 seconds
[2025-06-27T20:40:45.066+0000] {processor.py:186} INFO - Started process (PID=761) to work on /opt/airflow/dags/lead_data_pipeline.py
[2025-06-27T20:40:45.068+0000] {processor.py:914} INFO - Processing file /opt/airflow/dags/lead_data_pipeline.py for tasks to queue
[2025-06-27T20:40:45.073+0000] {logging_mixin.py:190} INFO - [2025-06-27T20:40:45.073+0000] {dagbag.py:588} INFO - Filling up the DagBag from /opt/airflow/dags/lead_data_pipeline.py
[2025-06-27T20:40:45.098+0000] {processor.py:925} INFO - DAG(s) 'lead_data_pipeline' retrieved from /opt/airflow/dags/lead_data_pipeline.py
[2025-06-27T20:40:45.148+0000] {logging_mixin.py:190} INFO - [2025-06-27T20:40:45.148+0000] {dag.py:3239} INFO - Sync 1 DAGs
[2025-06-27T20:40:45.198+0000] {logging_mixin.py:190} INFO - [2025-06-27T20:40:45.198+0000] {dag.py:4180} INFO - Setting next_dagrun for lead_data_pipeline to 2025-06-27 10:00:00+00:00, run_after=2025-06-28 10:00:00+00:00
[2025-06-27T20:40:45.238+0000] {processor.py:208} INFO - Processing /opt/airflow/dags/lead_data_pipeline.py took 0.184 seconds
[2025-06-27T20:41:15.587+0000] {processor.py:186} INFO - Started process (PID=768) to work on /opt/airflow/dags/lead_data_pipeline.py
[2025-06-27T20:41:15.589+0000] {processor.py:914} INFO - Processing file /opt/airflow/dags/lead_data_pipeline.py for tasks to queue
[2025-06-27T20:41:15.598+0000] {logging_mixin.py:190} INFO - [2025-06-27T20:41:15.597+0000] {dagbag.py:588} INFO - Filling up the DagBag from /opt/airflow/dags/lead_data_pipeline.py
[2025-06-27T20:41:15.638+0000] {processor.py:925} INFO - DAG(s) 'lead_data_pipeline' retrieved from /opt/airflow/dags/lead_data_pipeline.py
[2025-06-27T20:41:15.732+0000] {logging_mixin.py:190} INFO - [2025-06-27T20:41:15.731+0000] {dag.py:3239} INFO - Sync 1 DAGs
[2025-06-27T20:41:15.844+0000] {logging_mixin.py:190} INFO - [2025-06-27T20:41:15.843+0000] {dag.py:4180} INFO - Setting next_dagrun for lead_data_pipeline to 2025-06-27 10:00:00+00:00, run_after=2025-06-28 10:00:00+00:00
[2025-06-27T20:41:15.924+0000] {processor.py:208} INFO - Processing /opt/airflow/dags/lead_data_pipeline.py took 0.357 seconds
[2025-06-27T20:41:46.393+0000] {processor.py:186} INFO - Started process (PID=775) to work on /opt/airflow/dags/lead_data_pipeline.py
[2025-06-27T20:41:46.397+0000] {processor.py:914} INFO - Processing file /opt/airflow/dags/lead_data_pipeline.py for tasks to queue
[2025-06-27T20:41:46.408+0000] {logging_mixin.py:190} INFO - [2025-06-27T20:41:46.406+0000] {dagbag.py:588} INFO - Filling up the DagBag from /opt/airflow/dags/lead_data_pipeline.py
[2025-06-27T20:41:46.451+0000] {processor.py:925} INFO - DAG(s) 'lead_data_pipeline' retrieved from /opt/airflow/dags/lead_data_pipeline.py
[2025-06-27T20:41:46.532+0000] {logging_mixin.py:190} INFO - [2025-06-27T20:41:46.531+0000] {dag.py:3239} INFO - Sync 1 DAGs
[2025-06-27T20:41:46.797+0000] {logging_mixin.py:190} INFO - [2025-06-27T20:41:46.794+0000] {dag.py:4180} INFO - Setting next_dagrun for lead_data_pipeline to 2025-06-27 10:00:00+00:00, run_after=2025-06-28 10:00:00+00:00
[2025-06-27T20:41:46.901+0000] {processor.py:208} INFO - Processing /opt/airflow/dags/lead_data_pipeline.py took 0.537 seconds
[2025-06-27T20:42:17.336+0000] {processor.py:186} INFO - Started process (PID=782) to work on /opt/airflow/dags/lead_data_pipeline.py
[2025-06-27T20:42:17.338+0000] {processor.py:914} INFO - Processing file /opt/airflow/dags/lead_data_pipeline.py for tasks to queue
[2025-06-27T20:42:17.348+0000] {logging_mixin.py:190} INFO - [2025-06-27T20:42:17.347+0000] {dagbag.py:588} INFO - Filling up the DagBag from /opt/airflow/dags/lead_data_pipeline.py
[2025-06-27T20:42:17.387+0000] {processor.py:925} INFO - DAG(s) 'lead_data_pipeline' retrieved from /opt/airflow/dags/lead_data_pipeline.py
[2025-06-27T20:42:17.505+0000] {logging_mixin.py:190} INFO - [2025-06-27T20:42:17.505+0000] {dag.py:3239} INFO - Sync 1 DAGs
[2025-06-27T20:42:17.629+0000] {logging_mixin.py:190} INFO - [2025-06-27T20:42:17.618+0000] {dag.py:4180} INFO - Setting next_dagrun for lead_data_pipeline to 2025-06-27 10:00:00+00:00, run_after=2025-06-28 10:00:00+00:00
[2025-06-27T20:42:17.699+0000] {processor.py:208} INFO - Processing /opt/airflow/dags/lead_data_pipeline.py took 0.384 seconds
[2025-06-27T20:42:47.793+0000] {processor.py:186} INFO - Started process (PID=789) to work on /opt/airflow/dags/lead_data_pipeline.py
[2025-06-27T20:42:47.795+0000] {processor.py:914} INFO - Processing file /opt/airflow/dags/lead_data_pipeline.py for tasks to queue
[2025-06-27T20:42:47.805+0000] {logging_mixin.py:190} INFO - [2025-06-27T20:42:47.804+0000] {dagbag.py:588} INFO - Filling up the DagBag from /opt/airflow/dags/lead_data_pipeline.py
[2025-06-27T20:42:47.853+0000] {processor.py:925} INFO - DAG(s) 'lead_data_pipeline' retrieved from /opt/airflow/dags/lead_data_pipeline.py
[2025-06-27T20:42:47.929+0000] {logging_mixin.py:190} INFO - [2025-06-27T20:42:47.929+0000] {dag.py:3239} INFO - Sync 1 DAGs
[2025-06-27T20:42:47.996+0000] {logging_mixin.py:190} INFO - [2025-06-27T20:42:47.996+0000] {dag.py:4180} INFO - Setting next_dagrun for lead_data_pipeline to 2025-06-27 10:00:00+00:00, run_after=2025-06-28 10:00:00+00:00
[2025-06-27T20:42:48.041+0000] {processor.py:208} INFO - Processing /opt/airflow/dags/lead_data_pipeline.py took 0.264 seconds
[2025-06-27T20:43:18.205+0000] {processor.py:186} INFO - Started process (PID=796) to work on /opt/airflow/dags/lead_data_pipeline.py
[2025-06-27T20:43:18.207+0000] {processor.py:914} INFO - Processing file /opt/airflow/dags/lead_data_pipeline.py for tasks to queue
[2025-06-27T20:43:18.214+0000] {logging_mixin.py:190} INFO - [2025-06-27T20:43:18.213+0000] {dagbag.py:588} INFO - Filling up the DagBag from /opt/airflow/dags/lead_data_pipeline.py
[2025-06-27T20:43:18.249+0000] {processor.py:925} INFO - DAG(s) 'lead_data_pipeline' retrieved from /opt/airflow/dags/lead_data_pipeline.py
[2025-06-27T20:43:18.332+0000] {logging_mixin.py:190} INFO - [2025-06-27T20:43:18.331+0000] {dag.py:3239} INFO - Sync 1 DAGs
[2025-06-27T20:43:18.426+0000] {logging_mixin.py:190} INFO - [2025-06-27T20:43:18.425+0000] {dag.py:4180} INFO - Setting next_dagrun for lead_data_pipeline to 2025-06-27 10:00:00+00:00, run_after=2025-06-28 10:00:00+00:00
[2025-06-27T20:43:18.471+0000] {processor.py:208} INFO - Processing /opt/airflow/dags/lead_data_pipeline.py took 0.277 seconds
[2025-06-27T20:43:48.857+0000] {processor.py:186} INFO - Started process (PID=803) to work on /opt/airflow/dags/lead_data_pipeline.py
[2025-06-27T20:43:48.862+0000] {processor.py:914} INFO - Processing file /opt/airflow/dags/lead_data_pipeline.py for tasks to queue
[2025-06-27T20:43:48.869+0000] {logging_mixin.py:190} INFO - [2025-06-27T20:43:48.868+0000] {dagbag.py:588} INFO - Filling up the DagBag from /opt/airflow/dags/lead_data_pipeline.py
[2025-06-27T20:43:48.920+0000] {processor.py:925} INFO - DAG(s) 'lead_data_pipeline' retrieved from /opt/airflow/dags/lead_data_pipeline.py
[2025-06-27T20:43:49.024+0000] {logging_mixin.py:190} INFO - [2025-06-27T20:43:49.023+0000] {dag.py:3239} INFO - Sync 1 DAGs
[2025-06-27T20:43:49.113+0000] {logging_mixin.py:190} INFO - [2025-06-27T20:43:49.112+0000] {dag.py:4180} INFO - Setting next_dagrun for lead_data_pipeline to 2025-06-27 10:00:00+00:00, run_after=2025-06-28 10:00:00+00:00
[2025-06-27T20:43:49.171+0000] {processor.py:208} INFO - Processing /opt/airflow/dags/lead_data_pipeline.py took 0.356 seconds
[2025-06-27T20:44:19.423+0000] {processor.py:186} INFO - Started process (PID=810) to work on /opt/airflow/dags/lead_data_pipeline.py
[2025-06-27T20:44:19.426+0000] {processor.py:914} INFO - Processing file /opt/airflow/dags/lead_data_pipeline.py for tasks to queue
[2025-06-27T20:44:19.442+0000] {logging_mixin.py:190} INFO - [2025-06-27T20:44:19.440+0000] {dagbag.py:588} INFO - Filling up the DagBag from /opt/airflow/dags/lead_data_pipeline.py
[2025-06-27T20:44:19.567+0000] {processor.py:925} INFO - DAG(s) 'lead_data_pipeline' retrieved from /opt/airflow/dags/lead_data_pipeline.py
[2025-06-27T20:44:19.845+0000] {logging_mixin.py:190} INFO - [2025-06-27T20:44:19.842+0000] {dag.py:3239} INFO - Sync 1 DAGs
[2025-06-27T20:44:20.551+0000] {logging_mixin.py:190} INFO - [2025-06-27T20:44:20.550+0000] {dag.py:4180} INFO - Setting next_dagrun for lead_data_pipeline to 2025-06-27 10:00:00+00:00, run_after=2025-06-28 10:00:00+00:00
[2025-06-27T20:44:20.871+0000] {processor.py:208} INFO - Processing /opt/airflow/dags/lead_data_pipeline.py took 1.498 seconds
[2025-06-27T20:44:50.942+0000] {processor.py:186} INFO - Started process (PID=817) to work on /opt/airflow/dags/lead_data_pipeline.py
[2025-06-27T20:44:50.944+0000] {processor.py:914} INFO - Processing file /opt/airflow/dags/lead_data_pipeline.py for tasks to queue
[2025-06-27T20:44:50.949+0000] {logging_mixin.py:190} INFO - [2025-06-27T20:44:50.948+0000] {dagbag.py:588} INFO - Filling up the DagBag from /opt/airflow/dags/lead_data_pipeline.py
[2025-06-27T20:44:50.982+0000] {processor.py:925} INFO - DAG(s) 'lead_data_pipeline' retrieved from /opt/airflow/dags/lead_data_pipeline.py
[2025-06-27T20:44:51.069+0000] {logging_mixin.py:190} INFO - [2025-06-27T20:44:51.068+0000] {dag.py:3239} INFO - Sync 1 DAGs
[2025-06-27T20:44:51.143+0000] {logging_mixin.py:190} INFO - [2025-06-27T20:44:51.143+0000] {dag.py:4180} INFO - Setting next_dagrun for lead_data_pipeline to 2025-06-27 10:00:00+00:00, run_after=2025-06-28 10:00:00+00:00
[2025-06-27T20:44:51.186+0000] {processor.py:208} INFO - Processing /opt/airflow/dags/lead_data_pipeline.py took 0.258 seconds
[2025-06-27T20:45:21.491+0000] {processor.py:186} INFO - Started process (PID=823) to work on /opt/airflow/dags/lead_data_pipeline.py
[2025-06-27T20:45:21.493+0000] {processor.py:914} INFO - Processing file /opt/airflow/dags/lead_data_pipeline.py for tasks to queue
[2025-06-27T20:45:21.497+0000] {logging_mixin.py:190} INFO - [2025-06-27T20:45:21.496+0000] {dagbag.py:588} INFO - Filling up the DagBag from /opt/airflow/dags/lead_data_pipeline.py
[2025-06-27T20:45:21.518+0000] {processor.py:925} INFO - DAG(s) 'lead_data_pipeline' retrieved from /opt/airflow/dags/lead_data_pipeline.py
[2025-06-27T20:45:21.562+0000] {logging_mixin.py:190} INFO - [2025-06-27T20:45:21.562+0000] {dag.py:3239} INFO - Sync 1 DAGs
[2025-06-27T20:45:21.604+0000] {logging_mixin.py:190} INFO - [2025-06-27T20:45:21.603+0000] {dag.py:4180} INFO - Setting next_dagrun for lead_data_pipeline to 2025-06-27 10:00:00+00:00, run_after=2025-06-28 10:00:00+00:00
[2025-06-27T20:45:21.638+0000] {processor.py:208} INFO - Processing /opt/airflow/dags/lead_data_pipeline.py took 0.156 seconds
[2025-06-27T20:45:51.896+0000] {processor.py:186} INFO - Started process (PID=830) to work on /opt/airflow/dags/lead_data_pipeline.py
[2025-06-27T20:45:51.898+0000] {processor.py:914} INFO - Processing file /opt/airflow/dags/lead_data_pipeline.py for tasks to queue
[2025-06-27T20:45:51.905+0000] {logging_mixin.py:190} INFO - [2025-06-27T20:45:51.904+0000] {dagbag.py:588} INFO - Filling up the DagBag from /opt/airflow/dags/lead_data_pipeline.py
[2025-06-27T20:45:51.939+0000] {processor.py:925} INFO - DAG(s) 'lead_data_pipeline' retrieved from /opt/airflow/dags/lead_data_pipeline.py
[2025-06-27T20:45:52.042+0000] {logging_mixin.py:190} INFO - [2025-06-27T20:45:52.041+0000] {dag.py:3239} INFO - Sync 1 DAGs
[2025-06-27T20:45:52.115+0000] {logging_mixin.py:190} INFO - [2025-06-27T20:45:52.114+0000] {dag.py:4180} INFO - Setting next_dagrun for lead_data_pipeline to 2025-06-27 10:00:00+00:00, run_after=2025-06-28 10:00:00+00:00
[2025-06-27T20:45:52.159+0000] {processor.py:208} INFO - Processing /opt/airflow/dags/lead_data_pipeline.py took 0.276 seconds
[2025-06-27T20:46:22.542+0000] {processor.py:186} INFO - Started process (PID=837) to work on /opt/airflow/dags/lead_data_pipeline.py
[2025-06-27T20:46:22.546+0000] {processor.py:914} INFO - Processing file /opt/airflow/dags/lead_data_pipeline.py for tasks to queue
[2025-06-27T20:46:22.553+0000] {logging_mixin.py:190} INFO - [2025-06-27T20:46:22.553+0000] {dagbag.py:588} INFO - Filling up the DagBag from /opt/airflow/dags/lead_data_pipeline.py
[2025-06-27T20:46:22.590+0000] {processor.py:925} INFO - DAG(s) 'lead_data_pipeline' retrieved from /opt/airflow/dags/lead_data_pipeline.py
[2025-06-27T20:46:22.670+0000] {logging_mixin.py:190} INFO - [2025-06-27T20:46:22.669+0000] {dag.py:3239} INFO - Sync 1 DAGs
[2025-06-27T20:46:22.733+0000] {logging_mixin.py:190} INFO - [2025-06-27T20:46:22.732+0000] {dag.py:4180} INFO - Setting next_dagrun for lead_data_pipeline to 2025-06-27 10:00:00+00:00, run_after=2025-06-28 10:00:00+00:00
[2025-06-27T20:46:22.797+0000] {processor.py:208} INFO - Processing /opt/airflow/dags/lead_data_pipeline.py took 0.268 seconds
[2025-06-27T20:46:53.274+0000] {processor.py:186} INFO - Started process (PID=844) to work on /opt/airflow/dags/lead_data_pipeline.py
[2025-06-27T20:46:53.280+0000] {processor.py:914} INFO - Processing file /opt/airflow/dags/lead_data_pipeline.py for tasks to queue
[2025-06-27T20:46:53.288+0000] {logging_mixin.py:190} INFO - [2025-06-27T20:46:53.287+0000] {dagbag.py:588} INFO - Filling up the DagBag from /opt/airflow/dags/lead_data_pipeline.py
[2025-06-27T20:46:53.320+0000] {processor.py:925} INFO - DAG(s) 'lead_data_pipeline' retrieved from /opt/airflow/dags/lead_data_pipeline.py
[2025-06-27T20:46:53.401+0000] {logging_mixin.py:190} INFO - [2025-06-27T20:46:53.401+0000] {dag.py:3239} INFO - Sync 1 DAGs
[2025-06-27T20:46:53.485+0000] {logging_mixin.py:190} INFO - [2025-06-27T20:46:53.485+0000] {dag.py:4180} INFO - Setting next_dagrun for lead_data_pipeline to 2025-06-27 10:00:00+00:00, run_after=2025-06-28 10:00:00+00:00
[2025-06-27T20:46:53.535+0000] {processor.py:208} INFO - Processing /opt/airflow/dags/lead_data_pipeline.py took 0.289 seconds
[2025-06-27T20:47:23.947+0000] {processor.py:186} INFO - Started process (PID=851) to work on /opt/airflow/dags/lead_data_pipeline.py
[2025-06-27T20:47:23.951+0000] {processor.py:914} INFO - Processing file /opt/airflow/dags/lead_data_pipeline.py for tasks to queue
[2025-06-27T20:47:23.981+0000] {logging_mixin.py:190} INFO - [2025-06-27T20:47:23.979+0000] {dagbag.py:588} INFO - Filling up the DagBag from /opt/airflow/dags/lead_data_pipeline.py
[2025-06-27T20:47:24.076+0000] {processor.py:925} INFO - DAG(s) 'lead_data_pipeline' retrieved from /opt/airflow/dags/lead_data_pipeline.py
[2025-06-27T20:47:24.358+0000] {logging_mixin.py:190} INFO - [2025-06-27T20:47:24.347+0000] {dag.py:3239} INFO - Sync 1 DAGs
[2025-06-27T20:47:24.566+0000] {logging_mixin.py:190} INFO - [2025-06-27T20:47:24.565+0000] {dag.py:4180} INFO - Setting next_dagrun for lead_data_pipeline to 2025-06-27 10:00:00+00:00, run_after=2025-06-28 10:00:00+00:00
[2025-06-27T20:47:24.638+0000] {processor.py:208} INFO - Processing /opt/airflow/dags/lead_data_pipeline.py took 0.707 seconds
[2025-06-27T20:47:55.102+0000] {processor.py:186} INFO - Started process (PID=858) to work on /opt/airflow/dags/lead_data_pipeline.py
[2025-06-27T20:47:55.103+0000] {processor.py:914} INFO - Processing file /opt/airflow/dags/lead_data_pipeline.py for tasks to queue
[2025-06-27T20:47:55.107+0000] {logging_mixin.py:190} INFO - [2025-06-27T20:47:55.107+0000] {dagbag.py:588} INFO - Filling up the DagBag from /opt/airflow/dags/lead_data_pipeline.py
[2025-06-27T20:47:55.133+0000] {processor.py:925} INFO - DAG(s) 'lead_data_pipeline' retrieved from /opt/airflow/dags/lead_data_pipeline.py
[2025-06-27T20:47:55.188+0000] {logging_mixin.py:190} INFO - [2025-06-27T20:47:55.187+0000] {dag.py:3239} INFO - Sync 1 DAGs
[2025-06-27T20:47:55.240+0000] {logging_mixin.py:190} INFO - [2025-06-27T20:47:55.240+0000] {dag.py:4180} INFO - Setting next_dagrun for lead_data_pipeline to 2025-06-27 10:00:00+00:00, run_after=2025-06-28 10:00:00+00:00
[2025-06-27T20:47:55.291+0000] {processor.py:208} INFO - Processing /opt/airflow/dags/lead_data_pipeline.py took 0.198 seconds
[2025-06-27T20:48:25.710+0000] {processor.py:186} INFO - Started process (PID=865) to work on /opt/airflow/dags/lead_data_pipeline.py
[2025-06-27T20:48:25.714+0000] {processor.py:914} INFO - Processing file /opt/airflow/dags/lead_data_pipeline.py for tasks to queue
[2025-06-27T20:48:25.723+0000] {logging_mixin.py:190} INFO - [2025-06-27T20:48:25.722+0000] {dagbag.py:588} INFO - Filling up the DagBag from /opt/airflow/dags/lead_data_pipeline.py
[2025-06-27T20:48:25.755+0000] {processor.py:925} INFO - DAG(s) 'lead_data_pipeline' retrieved from /opt/airflow/dags/lead_data_pipeline.py
[2025-06-27T20:48:25.835+0000] {logging_mixin.py:190} INFO - [2025-06-27T20:48:25.834+0000] {dag.py:3239} INFO - Sync 1 DAGs
[2025-06-27T20:48:25.898+0000] {logging_mixin.py:190} INFO - [2025-06-27T20:48:25.897+0000] {dag.py:4180} INFO - Setting next_dagrun for lead_data_pipeline to 2025-06-27 10:00:00+00:00, run_after=2025-06-28 10:00:00+00:00
[2025-06-27T20:48:25.956+0000] {processor.py:208} INFO - Processing /opt/airflow/dags/lead_data_pipeline.py took 0.259 seconds
[2025-06-27T20:48:56.172+0000] {processor.py:186} INFO - Started process (PID=872) to work on /opt/airflow/dags/lead_data_pipeline.py
[2025-06-27T20:48:56.175+0000] {processor.py:914} INFO - Processing file /opt/airflow/dags/lead_data_pipeline.py for tasks to queue
[2025-06-27T20:48:56.180+0000] {logging_mixin.py:190} INFO - [2025-06-27T20:48:56.180+0000] {dagbag.py:588} INFO - Filling up the DagBag from /opt/airflow/dags/lead_data_pipeline.py
[2025-06-27T20:48:56.214+0000] {processor.py:925} INFO - DAG(s) 'lead_data_pipeline' retrieved from /opt/airflow/dags/lead_data_pipeline.py
[2025-06-27T20:48:56.315+0000] {logging_mixin.py:190} INFO - [2025-06-27T20:48:56.315+0000] {dag.py:3239} INFO - Sync 1 DAGs
[2025-06-27T20:48:56.387+0000] {logging_mixin.py:190} INFO - [2025-06-27T20:48:56.386+0000] {dag.py:4180} INFO - Setting next_dagrun for lead_data_pipeline to 2025-06-27 10:00:00+00:00, run_after=2025-06-28 10:00:00+00:00
[2025-06-27T20:48:56.435+0000] {processor.py:208} INFO - Processing /opt/airflow/dags/lead_data_pipeline.py took 0.273 seconds
[2025-06-27T20:49:26.715+0000] {processor.py:186} INFO - Started process (PID=879) to work on /opt/airflow/dags/lead_data_pipeline.py
[2025-06-27T20:49:26.718+0000] {processor.py:914} INFO - Processing file /opt/airflow/dags/lead_data_pipeline.py for tasks to queue
[2025-06-27T20:49:26.724+0000] {logging_mixin.py:190} INFO - [2025-06-27T20:49:26.723+0000] {dagbag.py:588} INFO - Filling up the DagBag from /opt/airflow/dags/lead_data_pipeline.py
[2025-06-27T20:49:26.750+0000] {processor.py:925} INFO - DAG(s) 'lead_data_pipeline' retrieved from /opt/airflow/dags/lead_data_pipeline.py
[2025-06-27T20:49:26.806+0000] {logging_mixin.py:190} INFO - [2025-06-27T20:49:26.806+0000] {dag.py:3239} INFO - Sync 1 DAGs
[2025-06-27T20:49:26.878+0000] {logging_mixin.py:190} INFO - [2025-06-27T20:49:26.877+0000] {dag.py:4180} INFO - Setting next_dagrun for lead_data_pipeline to 2025-06-27 10:00:00+00:00, run_after=2025-06-28 10:00:00+00:00
[2025-06-27T20:49:26.941+0000] {processor.py:208} INFO - Processing /opt/airflow/dags/lead_data_pipeline.py took 0.235 seconds
[2025-06-27T20:49:57.207+0000] {processor.py:186} INFO - Started process (PID=886) to work on /opt/airflow/dags/lead_data_pipeline.py
[2025-06-27T20:49:57.209+0000] {processor.py:914} INFO - Processing file /opt/airflow/dags/lead_data_pipeline.py for tasks to queue
[2025-06-27T20:49:57.217+0000] {logging_mixin.py:190} INFO - [2025-06-27T20:49:57.216+0000] {dagbag.py:588} INFO - Filling up the DagBag from /opt/airflow/dags/lead_data_pipeline.py
[2025-06-27T20:49:57.256+0000] {processor.py:925} INFO - DAG(s) 'lead_data_pipeline' retrieved from /opt/airflow/dags/lead_data_pipeline.py
[2025-06-27T20:49:57.332+0000] {logging_mixin.py:190} INFO - [2025-06-27T20:49:57.332+0000] {dag.py:3239} INFO - Sync 1 DAGs
[2025-06-27T20:49:57.407+0000] {logging_mixin.py:190} INFO - [2025-06-27T20:49:57.406+0000] {dag.py:4180} INFO - Setting next_dagrun for lead_data_pipeline to 2025-06-27 10:00:00+00:00, run_after=2025-06-28 10:00:00+00:00
[2025-06-27T20:49:57.457+0000] {processor.py:208} INFO - Processing /opt/airflow/dags/lead_data_pipeline.py took 0.270 seconds
[2025-06-27T20:50:27.645+0000] {processor.py:186} INFO - Started process (PID=893) to work on /opt/airflow/dags/lead_data_pipeline.py
[2025-06-27T20:50:27.647+0000] {processor.py:914} INFO - Processing file /opt/airflow/dags/lead_data_pipeline.py for tasks to queue
[2025-06-27T20:50:27.652+0000] {logging_mixin.py:190} INFO - [2025-06-27T20:50:27.652+0000] {dagbag.py:588} INFO - Filling up the DagBag from /opt/airflow/dags/lead_data_pipeline.py
[2025-06-27T20:50:27.681+0000] {processor.py:925} INFO - DAG(s) 'lead_data_pipeline' retrieved from /opt/airflow/dags/lead_data_pipeline.py
[2025-06-27T20:50:27.747+0000] {logging_mixin.py:190} INFO - [2025-06-27T20:50:27.746+0000] {dag.py:3239} INFO - Sync 1 DAGs
[2025-06-27T20:50:27.793+0000] {logging_mixin.py:190} INFO - [2025-06-27T20:50:27.792+0000] {dag.py:4180} INFO - Setting next_dagrun for lead_data_pipeline to 2025-06-27 10:00:00+00:00, run_after=2025-06-28 10:00:00+00:00
[2025-06-27T20:50:27.828+0000] {processor.py:208} INFO - Processing /opt/airflow/dags/lead_data_pipeline.py took 0.192 seconds
[2025-06-27T20:50:58.100+0000] {processor.py:186} INFO - Started process (PID=900) to work on /opt/airflow/dags/lead_data_pipeline.py
[2025-06-27T20:50:58.101+0000] {processor.py:914} INFO - Processing file /opt/airflow/dags/lead_data_pipeline.py for tasks to queue
[2025-06-27T20:50:58.105+0000] {logging_mixin.py:190} INFO - [2025-06-27T20:50:58.104+0000] {dagbag.py:588} INFO - Filling up the DagBag from /opt/airflow/dags/lead_data_pipeline.py
[2025-06-27T20:50:58.130+0000] {processor.py:925} INFO - DAG(s) 'lead_data_pipeline' retrieved from /opt/airflow/dags/lead_data_pipeline.py
[2025-06-27T20:50:58.188+0000] {logging_mixin.py:190} INFO - [2025-06-27T20:50:58.187+0000] {dag.py:3239} INFO - Sync 1 DAGs
[2025-06-27T20:50:58.233+0000] {logging_mixin.py:190} INFO - [2025-06-27T20:50:58.232+0000] {dag.py:4180} INFO - Setting next_dagrun for lead_data_pipeline to 2025-06-27 10:00:00+00:00, run_after=2025-06-28 10:00:00+00:00
[2025-06-27T20:50:58.262+0000] {processor.py:208} INFO - Processing /opt/airflow/dags/lead_data_pipeline.py took 0.173 seconds
[2025-06-27T20:51:25.735+0000] {processor.py:186} INFO - Started process (PID=907) to work on /opt/airflow/dags/lead_data_pipeline.py
[2025-06-27T20:51:25.736+0000] {processor.py:914} INFO - Processing file /opt/airflow/dags/lead_data_pipeline.py for tasks to queue
[2025-06-27T20:51:25.740+0000] {logging_mixin.py:190} INFO - [2025-06-27T20:51:25.740+0000] {dagbag.py:588} INFO - Filling up the DagBag from /opt/airflow/dags/lead_data_pipeline.py
[2025-06-27T20:51:25.792+0000] {processor.py:925} INFO - DAG(s) 'lead_data_pipeline' retrieved from /opt/airflow/dags/lead_data_pipeline.py
[2025-06-27T20:51:25.884+0000] {logging_mixin.py:190} INFO - [2025-06-27T20:51:25.882+0000] {dag.py:3239} INFO - Sync 1 DAGs
[2025-06-27T20:51:26.129+0000] {logging_mixin.py:190} INFO - [2025-06-27T20:51:26.126+0000] {dag.py:4180} INFO - Setting next_dagrun for lead_data_pipeline to 2025-06-27 10:00:00+00:00, run_after=2025-06-28 10:00:00+00:00
[2025-06-27T20:51:26.245+0000] {processor.py:208} INFO - Processing /opt/airflow/dags/lead_data_pipeline.py took 0.535 seconds
[2025-06-27T20:51:56.549+0000] {processor.py:186} INFO - Started process (PID=914) to work on /opt/airflow/dags/lead_data_pipeline.py
[2025-06-27T20:51:56.554+0000] {processor.py:914} INFO - Processing file /opt/airflow/dags/lead_data_pipeline.py for tasks to queue
[2025-06-27T20:51:56.564+0000] {logging_mixin.py:190} INFO - [2025-06-27T20:51:56.563+0000] {dagbag.py:588} INFO - Filling up the DagBag from /opt/airflow/dags/lead_data_pipeline.py
[2025-06-27T20:51:56.613+0000] {processor.py:925} INFO - DAG(s) 'lead_data_pipeline' retrieved from /opt/airflow/dags/lead_data_pipeline.py
[2025-06-27T20:51:56.751+0000] {logging_mixin.py:190} INFO - [2025-06-27T20:51:56.744+0000] {dag.py:3239} INFO - Sync 1 DAGs
[2025-06-27T20:51:56.842+0000] {logging_mixin.py:190} INFO - [2025-06-27T20:51:56.841+0000] {dag.py:4180} INFO - Setting next_dagrun for lead_data_pipeline to 2025-06-27 10:00:00+00:00, run_after=2025-06-28 10:00:00+00:00
[2025-06-27T20:51:56.943+0000] {processor.py:208} INFO - Processing /opt/airflow/dags/lead_data_pipeline.py took 0.433 seconds
[2025-06-27T20:52:27.326+0000] {processor.py:186} INFO - Started process (PID=921) to work on /opt/airflow/dags/lead_data_pipeline.py
[2025-06-27T20:52:27.330+0000] {processor.py:914} INFO - Processing file /opt/airflow/dags/lead_data_pipeline.py for tasks to queue
[2025-06-27T20:52:27.340+0000] {logging_mixin.py:190} INFO - [2025-06-27T20:52:27.338+0000] {dagbag.py:588} INFO - Filling up the DagBag from /opt/airflow/dags/lead_data_pipeline.py
[2025-06-27T20:52:27.391+0000] {processor.py:925} INFO - DAG(s) 'lead_data_pipeline' retrieved from /opt/airflow/dags/lead_data_pipeline.py
[2025-06-27T20:52:27.463+0000] {logging_mixin.py:190} INFO - [2025-06-27T20:52:27.463+0000] {dag.py:3239} INFO - Sync 1 DAGs
[2025-06-27T20:52:27.514+0000] {logging_mixin.py:190} INFO - [2025-06-27T20:52:27.513+0000] {dag.py:4180} INFO - Setting next_dagrun for lead_data_pipeline to 2025-06-27 10:00:00+00:00, run_after=2025-06-28 10:00:00+00:00
[2025-06-27T20:52:27.549+0000] {processor.py:208} INFO - Processing /opt/airflow/dags/lead_data_pipeline.py took 0.240 seconds
[2025-06-27T20:52:57.664+0000] {processor.py:186} INFO - Started process (PID=928) to work on /opt/airflow/dags/lead_data_pipeline.py
[2025-06-27T20:52:57.666+0000] {processor.py:914} INFO - Processing file /opt/airflow/dags/lead_data_pipeline.py for tasks to queue
[2025-06-27T20:52:57.670+0000] {logging_mixin.py:190} INFO - [2025-06-27T20:52:57.669+0000] {dagbag.py:588} INFO - Filling up the DagBag from /opt/airflow/dags/lead_data_pipeline.py
[2025-06-27T20:52:57.693+0000] {processor.py:925} INFO - DAG(s) 'lead_data_pipeline' retrieved from /opt/airflow/dags/lead_data_pipeline.py
[2025-06-27T20:52:57.743+0000] {logging_mixin.py:190} INFO - [2025-06-27T20:52:57.742+0000] {dag.py:3239} INFO - Sync 1 DAGs
[2025-06-27T20:52:57.797+0000] {logging_mixin.py:190} INFO - [2025-06-27T20:52:57.796+0000] {dag.py:4180} INFO - Setting next_dagrun for lead_data_pipeline to 2025-06-27 10:00:00+00:00, run_after=2025-06-28 10:00:00+00:00
[2025-06-27T20:52:57.829+0000] {processor.py:208} INFO - Processing /opt/airflow/dags/lead_data_pipeline.py took 0.175 seconds
[2025-06-27T20:53:28.279+0000] {processor.py:186} INFO - Started process (PID=935) to work on /opt/airflow/dags/lead_data_pipeline.py
[2025-06-27T20:53:28.285+0000] {processor.py:914} INFO - Processing file /opt/airflow/dags/lead_data_pipeline.py for tasks to queue
[2025-06-27T20:53:28.295+0000] {logging_mixin.py:190} INFO - [2025-06-27T20:53:28.291+0000] {dagbag.py:588} INFO - Filling up the DagBag from /opt/airflow/dags/lead_data_pipeline.py
[2025-06-27T20:53:28.341+0000] {processor.py:925} INFO - DAG(s) 'lead_data_pipeline' retrieved from /opt/airflow/dags/lead_data_pipeline.py
[2025-06-27T20:53:28.424+0000] {logging_mixin.py:190} INFO - [2025-06-27T20:53:28.424+0000] {dag.py:3239} INFO - Sync 1 DAGs
[2025-06-27T20:53:28.499+0000] {logging_mixin.py:190} INFO - [2025-06-27T20:53:28.498+0000] {dag.py:4180} INFO - Setting next_dagrun for lead_data_pipeline to 2025-06-27 10:00:00+00:00, run_after=2025-06-28 10:00:00+00:00
[2025-06-27T20:53:28.557+0000] {processor.py:208} INFO - Processing /opt/airflow/dags/lead_data_pipeline.py took 0.319 seconds
[2025-06-27T20:53:58.615+0000] {processor.py:186} INFO - Started process (PID=942) to work on /opt/airflow/dags/lead_data_pipeline.py
[2025-06-27T20:53:58.618+0000] {processor.py:914} INFO - Processing file /opt/airflow/dags/lead_data_pipeline.py for tasks to queue
[2025-06-27T20:53:58.624+0000] {logging_mixin.py:190} INFO - [2025-06-27T20:53:58.622+0000] {dagbag.py:588} INFO - Filling up the DagBag from /opt/airflow/dags/lead_data_pipeline.py
[2025-06-27T20:53:58.676+0000] {processor.py:925} INFO - DAG(s) 'lead_data_pipeline' retrieved from /opt/airflow/dags/lead_data_pipeline.py
[2025-06-27T20:53:58.748+0000] {logging_mixin.py:190} INFO - [2025-06-27T20:53:58.747+0000] {dag.py:3239} INFO - Sync 1 DAGs
[2025-06-27T20:53:58.801+0000] {logging_mixin.py:190} INFO - [2025-06-27T20:53:58.801+0000] {dag.py:4180} INFO - Setting next_dagrun for lead_data_pipeline to 2025-06-27 10:00:00+00:00, run_after=2025-06-28 10:00:00+00:00
[2025-06-27T20:53:58.840+0000] {processor.py:208} INFO - Processing /opt/airflow/dags/lead_data_pipeline.py took 0.238 seconds
[2025-06-27T20:54:29.152+0000] {processor.py:186} INFO - Started process (PID=949) to work on /opt/airflow/dags/lead_data_pipeline.py
[2025-06-27T20:54:29.154+0000] {processor.py:914} INFO - Processing file /opt/airflow/dags/lead_data_pipeline.py for tasks to queue
[2025-06-27T20:54:29.159+0000] {logging_mixin.py:190} INFO - [2025-06-27T20:54:29.158+0000] {dagbag.py:588} INFO - Filling up the DagBag from /opt/airflow/dags/lead_data_pipeline.py
[2025-06-27T20:54:29.195+0000] {processor.py:925} INFO - DAG(s) 'lead_data_pipeline' retrieved from /opt/airflow/dags/lead_data_pipeline.py
[2025-06-27T20:54:29.255+0000] {logging_mixin.py:190} INFO - [2025-06-27T20:54:29.255+0000] {dag.py:3239} INFO - Sync 1 DAGs
[2025-06-27T20:54:29.315+0000] {logging_mixin.py:190} INFO - [2025-06-27T20:54:29.315+0000] {dag.py:4180} INFO - Setting next_dagrun for lead_data_pipeline to 2025-06-27 10:00:00+00:00, run_after=2025-06-28 10:00:00+00:00
[2025-06-27T20:54:29.351+0000] {processor.py:208} INFO - Processing /opt/airflow/dags/lead_data_pipeline.py took 0.212 seconds
[2025-06-27T20:54:59.561+0000] {processor.py:186} INFO - Started process (PID=956) to work on /opt/airflow/dags/lead_data_pipeline.py
[2025-06-27T20:54:59.563+0000] {processor.py:914} INFO - Processing file /opt/airflow/dags/lead_data_pipeline.py for tasks to queue
[2025-06-27T20:54:59.571+0000] {logging_mixin.py:190} INFO - [2025-06-27T20:54:59.570+0000] {dagbag.py:588} INFO - Filling up the DagBag from /opt/airflow/dags/lead_data_pipeline.py
[2025-06-27T20:54:59.607+0000] {processor.py:925} INFO - DAG(s) 'lead_data_pipeline' retrieved from /opt/airflow/dags/lead_data_pipeline.py
[2025-06-27T20:54:59.687+0000] {logging_mixin.py:190} INFO - [2025-06-27T20:54:59.687+0000] {dag.py:3239} INFO - Sync 1 DAGs
[2025-06-27T20:54:59.770+0000] {logging_mixin.py:190} INFO - [2025-06-27T20:54:59.769+0000] {dag.py:4180} INFO - Setting next_dagrun for lead_data_pipeline to 2025-06-27 10:00:00+00:00, run_after=2025-06-28 10:00:00+00:00
[2025-06-27T20:54:59.820+0000] {processor.py:208} INFO - Processing /opt/airflow/dags/lead_data_pipeline.py took 0.276 seconds
[2025-06-27T20:55:29.969+0000] {processor.py:186} INFO - Started process (PID=963) to work on /opt/airflow/dags/lead_data_pipeline.py
[2025-06-27T20:55:29.971+0000] {processor.py:914} INFO - Processing file /opt/airflow/dags/lead_data_pipeline.py for tasks to queue
[2025-06-27T20:55:29.979+0000] {logging_mixin.py:190} INFO - [2025-06-27T20:55:29.978+0000] {dagbag.py:588} INFO - Filling up the DagBag from /opt/airflow/dags/lead_data_pipeline.py
[2025-06-27T20:55:30.012+0000] {processor.py:925} INFO - DAG(s) 'lead_data_pipeline' retrieved from /opt/airflow/dags/lead_data_pipeline.py
[2025-06-27T20:55:30.082+0000] {logging_mixin.py:190} INFO - [2025-06-27T20:55:30.081+0000] {dag.py:3239} INFO - Sync 1 DAGs
[2025-06-27T20:55:30.151+0000] {logging_mixin.py:190} INFO - [2025-06-27T20:55:30.151+0000] {dag.py:4180} INFO - Setting next_dagrun for lead_data_pipeline to 2025-06-27 10:00:00+00:00, run_after=2025-06-28 10:00:00+00:00
[2025-06-27T20:55:30.193+0000] {processor.py:208} INFO - Processing /opt/airflow/dags/lead_data_pipeline.py took 0.237 seconds
[2025-06-27T20:55:56.735+0000] {processor.py:186} INFO - Started process (PID=969) to work on /opt/airflow/dags/lead_data_pipeline.py
[2025-06-27T20:55:56.737+0000] {processor.py:914} INFO - Processing file /opt/airflow/dags/lead_data_pipeline.py for tasks to queue
[2025-06-27T20:55:56.744+0000] {logging_mixin.py:190} INFO - [2025-06-27T20:55:56.743+0000] {dagbag.py:588} INFO - Filling up the DagBag from /opt/airflow/dags/lead_data_pipeline.py
[2025-06-27T20:56:01.882+0000] {processor.py:925} INFO - DAG(s) 'extract_raw_data_pipeline' retrieved from /opt/airflow/dags/lead_data_pipeline.py
[2025-06-27T20:56:02.704+0000] {logging_mixin.py:190} INFO - [2025-06-27T20:56:02.703+0000] {override.py:1900} INFO - Created Permission View: can read on DAG:extract_raw_data_pipeline
[2025-06-27T20:56:02.733+0000] {logging_mixin.py:190} INFO - [2025-06-27T20:56:02.732+0000] {override.py:1900} INFO - Created Permission View: can edit on DAG:extract_raw_data_pipeline
[2025-06-27T20:56:02.749+0000] {logging_mixin.py:190} INFO - [2025-06-27T20:56:02.749+0000] {override.py:1900} INFO - Created Permission View: can delete on DAG:extract_raw_data_pipeline
[2025-06-27T20:56:02.768+0000] {logging_mixin.py:190} INFO - [2025-06-27T20:56:02.767+0000] {override.py:1900} INFO - Created Permission View: menu access on DAG Run:extract_raw_data_pipeline
[2025-06-27T20:56:02.787+0000] {logging_mixin.py:190} INFO - [2025-06-27T20:56:02.786+0000] {override.py:1900} INFO - Created Permission View: can read on DAG Run:extract_raw_data_pipeline
[2025-06-27T20:56:02.802+0000] {logging_mixin.py:190} INFO - [2025-06-27T20:56:02.801+0000] {override.py:1900} INFO - Created Permission View: can create on DAG Run:extract_raw_data_pipeline
[2025-06-27T20:56:02.820+0000] {logging_mixin.py:190} INFO - [2025-06-27T20:56:02.819+0000] {override.py:1900} INFO - Created Permission View: can delete on DAG Run:extract_raw_data_pipeline
[2025-06-27T20:56:02.822+0000] {logging_mixin.py:190} INFO - [2025-06-27T20:56:02.821+0000] {dag.py:3239} INFO - Sync 1 DAGs
[2025-06-27T20:56:02.855+0000] {logging_mixin.py:190} INFO - [2025-06-27T20:56:02.854+0000] {dag.py:3262} INFO - Creating ORM DAG for extract_raw_data_pipeline
[2025-06-27T20:56:02.880+0000] {logging_mixin.py:190} INFO - [2025-06-27T20:56:02.880+0000] {dag.py:4180} INFO - Setting next_dagrun for extract_raw_data_pipeline to 2025-06-27 07:58:00+00:00, run_after=2025-06-27 07:59:00+00:00
[2025-06-27T20:56:02.920+0000] {processor.py:208} INFO - Processing /opt/airflow/dags/lead_data_pipeline.py took 6.205 seconds
[2025-06-27T20:56:33.533+0000] {processor.py:186} INFO - Started process (PID=976) to work on /opt/airflow/dags/lead_data_pipeline.py
[2025-06-27T20:56:33.536+0000] {processor.py:914} INFO - Processing file /opt/airflow/dags/lead_data_pipeline.py for tasks to queue
[2025-06-27T20:56:33.541+0000] {logging_mixin.py:190} INFO - [2025-06-27T20:56:33.540+0000] {dagbag.py:588} INFO - Filling up the DagBag from /opt/airflow/dags/lead_data_pipeline.py
[2025-06-27T20:56:33.846+0000] {processor.py:925} INFO - DAG(s) 'extract_raw_data_pipeline' retrieved from /opt/airflow/dags/lead_data_pipeline.py
[2025-06-27T20:56:34.001+0000] {logging_mixin.py:190} INFO - [2025-06-27T20:56:34.000+0000] {dag.py:3239} INFO - Sync 1 DAGs
[2025-06-27T20:56:34.177+0000] {logging_mixin.py:190} INFO - [2025-06-27T20:56:34.176+0000] {dag.py:4180} INFO - Setting next_dagrun for extract_raw_data_pipeline to 2025-06-27 07:58:00+00:00, run_after=2025-06-27 07:59:00+00:00
[2025-06-27T20:56:34.265+0000] {processor.py:208} INFO - Processing /opt/airflow/dags/lead_data_pipeline.py took 0.745 seconds
[2025-06-27T20:57:05.017+0000] {processor.py:186} INFO - Started process (PID=984) to work on /opt/airflow/dags/lead_data_pipeline.py
[2025-06-27T20:57:05.019+0000] {processor.py:914} INFO - Processing file /opt/airflow/dags/lead_data_pipeline.py for tasks to queue
[2025-06-27T20:57:05.028+0000] {logging_mixin.py:190} INFO - [2025-06-27T20:57:05.027+0000] {dagbag.py:588} INFO - Filling up the DagBag from /opt/airflow/dags/lead_data_pipeline.py
[2025-06-27T20:57:05.673+0000] {processor.py:925} INFO - DAG(s) 'extract_raw_data_pipeline' retrieved from /opt/airflow/dags/lead_data_pipeline.py
[2025-06-27T20:57:05.733+0000] {logging_mixin.py:190} INFO - [2025-06-27T20:57:05.732+0000] {dag.py:3239} INFO - Sync 1 DAGs
[2025-06-27T20:57:05.799+0000] {logging_mixin.py:190} INFO - [2025-06-27T20:57:05.798+0000] {dag.py:4180} INFO - Setting next_dagrun for extract_raw_data_pipeline to 2025-06-27 07:58:00+00:00, run_after=2025-06-27 07:59:00+00:00
[2025-06-27T20:57:05.844+0000] {processor.py:208} INFO - Processing /opt/airflow/dags/lead_data_pipeline.py took 0.847 seconds
[2025-06-27T20:57:35.825+0000] {processor.py:186} INFO - Started process (PID=992) to work on /opt/airflow/dags/lead_data_pipeline.py
[2025-06-27T20:57:35.828+0000] {processor.py:914} INFO - Processing file /opt/airflow/dags/lead_data_pipeline.py for tasks to queue
[2025-06-27T20:57:35.832+0000] {logging_mixin.py:190} INFO - [2025-06-27T20:57:35.831+0000] {dagbag.py:588} INFO - Filling up the DagBag from /opt/airflow/dags/lead_data_pipeline.py
[2025-06-27T20:57:37.960+0000] {processor.py:925} INFO - DAG(s) 'lead_data_pipeline' retrieved from /opt/airflow/dags/lead_data_pipeline.py
[2025-06-27T20:57:38.754+0000] {logging_mixin.py:190} INFO - [2025-06-27T20:57:38.753+0000] {dag.py:3239} INFO - Sync 1 DAGs
[2025-06-27T20:57:38.901+0000] {logging_mixin.py:190} INFO - [2025-06-27T20:57:38.900+0000] {dag.py:3262} INFO - Creating ORM DAG for lead_data_pipeline
[2025-06-27T20:57:39.123+0000] {logging_mixin.py:190} INFO - [2025-06-27T20:57:39.123+0000] {dag.py:4180} INFO - Setting next_dagrun for lead_data_pipeline to 2025-06-27 07:58:00+00:00, run_after=2025-06-27 07:59:00+00:00
[2025-06-27T20:57:39.197+0000] {processor.py:208} INFO - Processing /opt/airflow/dags/lead_data_pipeline.py took 3.394 seconds
[2025-06-27T20:58:09.491+0000] {processor.py:186} INFO - Started process (PID=1008) to work on /opt/airflow/dags/lead_data_pipeline.py
[2025-06-27T20:58:09.495+0000] {processor.py:914} INFO - Processing file /opt/airflow/dags/lead_data_pipeline.py for tasks to queue
[2025-06-27T20:58:09.509+0000] {logging_mixin.py:190} INFO - [2025-06-27T20:58:09.506+0000] {dagbag.py:588} INFO - Filling up the DagBag from /opt/airflow/dags/lead_data_pipeline.py
[2025-06-27T20:58:11.703+0000] {processor.py:925} INFO - DAG(s) 'lead_data_pipeline' retrieved from /opt/airflow/dags/lead_data_pipeline.py
[2025-06-27T20:58:11.839+0000] {logging_mixin.py:190} INFO - [2025-06-27T20:58:11.838+0000] {dag.py:3239} INFO - Sync 1 DAGs
[2025-06-27T20:58:11.960+0000] {logging_mixin.py:190} INFO - [2025-06-27T20:58:11.959+0000] {dag.py:4180} INFO - Setting next_dagrun for lead_data_pipeline to 2025-06-27 07:59:00+00:00, run_after=2025-06-28 07:00:00+00:00
[2025-06-27T20:58:12.443+0000] {processor.py:208} INFO - Processing /opt/airflow/dags/lead_data_pipeline.py took 2.991 seconds
[2025-06-27T20:58:43.405+0000] {processor.py:186} INFO - Started process (PID=1021) to work on /opt/airflow/dags/lead_data_pipeline.py
[2025-06-27T20:58:43.407+0000] {processor.py:914} INFO - Processing file /opt/airflow/dags/lead_data_pipeline.py for tasks to queue
[2025-06-27T20:58:43.413+0000] {logging_mixin.py:190} INFO - [2025-06-27T20:58:43.411+0000] {dagbag.py:588} INFO - Filling up the DagBag from /opt/airflow/dags/lead_data_pipeline.py
[2025-06-27T20:58:43.876+0000] {processor.py:925} INFO - DAG(s) 'lead_data_pipeline' retrieved from /opt/airflow/dags/lead_data_pipeline.py
[2025-06-27T20:58:43.952+0000] {logging_mixin.py:190} INFO - [2025-06-27T20:58:43.951+0000] {dag.py:3239} INFO - Sync 1 DAGs
[2025-06-27T20:58:44.059+0000] {logging_mixin.py:190} INFO - [2025-06-27T20:58:44.058+0000] {dag.py:4180} INFO - Setting next_dagrun for lead_data_pipeline to 2025-06-27 07:59:00+00:00, run_after=2025-06-28 07:00:00+00:00
[2025-06-27T20:58:44.144+0000] {processor.py:208} INFO - Processing /opt/airflow/dags/lead_data_pipeline.py took 0.757 seconds
[2025-06-27T20:59:14.732+0000] {processor.py:186} INFO - Started process (PID=1029) to work on /opt/airflow/dags/lead_data_pipeline.py
[2025-06-27T20:59:14.734+0000] {processor.py:914} INFO - Processing file /opt/airflow/dags/lead_data_pipeline.py for tasks to queue
[2025-06-27T20:59:14.737+0000] {logging_mixin.py:190} INFO - [2025-06-27T20:59:14.736+0000] {dagbag.py:588} INFO - Filling up the DagBag from /opt/airflow/dags/lead_data_pipeline.py
[2025-06-27T20:59:15.026+0000] {processor.py:925} INFO - DAG(s) 'lead_data_pipeline' retrieved from /opt/airflow/dags/lead_data_pipeline.py
[2025-06-27T20:59:15.078+0000] {logging_mixin.py:190} INFO - [2025-06-27T20:59:15.078+0000] {dag.py:3239} INFO - Sync 1 DAGs
[2025-06-27T20:59:15.119+0000] {logging_mixin.py:190} INFO - [2025-06-27T20:59:15.119+0000] {dag.py:4180} INFO - Setting next_dagrun for lead_data_pipeline to 2025-06-27 07:59:00+00:00, run_after=2025-06-28 07:00:00+00:00
[2025-06-27T20:59:15.154+0000] {processor.py:208} INFO - Processing /opt/airflow/dags/lead_data_pipeline.py took 0.436 seconds
[2025-06-27T20:59:45.724+0000] {processor.py:186} INFO - Started process (PID=1037) to work on /opt/airflow/dags/lead_data_pipeline.py
[2025-06-27T20:59:45.752+0000] {processor.py:914} INFO - Processing file /opt/airflow/dags/lead_data_pipeline.py for tasks to queue
[2025-06-27T20:59:45.771+0000] {logging_mixin.py:190} INFO - [2025-06-27T20:59:45.765+0000] {dagbag.py:588} INFO - Filling up the DagBag from /opt/airflow/dags/lead_data_pipeline.py
[2025-06-27T20:59:46.571+0000] {processor.py:925} INFO - DAG(s) 'lead_data_pipeline' retrieved from /opt/airflow/dags/lead_data_pipeline.py
[2025-06-27T20:59:46.688+0000] {logging_mixin.py:190} INFO - [2025-06-27T20:59:46.688+0000] {dag.py:3239} INFO - Sync 1 DAGs
[2025-06-27T20:59:46.751+0000] {logging_mixin.py:190} INFO - [2025-06-27T20:59:46.750+0000] {dag.py:4180} INFO - Setting next_dagrun for lead_data_pipeline to 2025-06-27 07:59:00+00:00, run_after=2025-06-28 07:00:00+00:00
[2025-06-27T20:59:46.805+0000] {processor.py:208} INFO - Processing /opt/airflow/dags/lead_data_pipeline.py took 1.352 seconds
[2025-06-27T20:59:48.894+0000] {processor.py:186} INFO - Started process (PID=1039) to work on /opt/airflow/dags/lead_data_pipeline.py
[2025-06-27T20:59:48.897+0000] {processor.py:914} INFO - Processing file /opt/airflow/dags/lead_data_pipeline.py for tasks to queue
[2025-06-27T20:59:48.903+0000] {logging_mixin.py:190} INFO - [2025-06-27T20:59:48.902+0000] {dagbag.py:588} INFO - Filling up the DagBag from /opt/airflow/dags/lead_data_pipeline.py
[2025-06-27T20:59:49.594+0000] {processor.py:925} INFO - DAG(s) 'lead_data_pipeline' retrieved from /opt/airflow/dags/lead_data_pipeline.py
[2025-06-27T20:59:49.714+0000] {logging_mixin.py:190} INFO - [2025-06-27T20:59:49.713+0000] {dag.py:3239} INFO - Sync 1 DAGs
[2025-06-27T20:59:49.772+0000] {logging_mixin.py:190} INFO - [2025-06-27T20:59:49.772+0000] {dag.py:4180} INFO - Setting next_dagrun for lead_data_pipeline to 2025-06-27 07:59:00+00:00, run_after=2025-06-28 07:00:00+00:00
[2025-06-27T20:59:49.821+0000] {processor.py:208} INFO - Processing /opt/airflow/dags/lead_data_pipeline.py took 0.954 seconds
[2025-06-27T21:00:20.413+0000] {processor.py:186} INFO - Started process (PID=1050) to work on /opt/airflow/dags/lead_data_pipeline.py
[2025-06-27T21:00:20.416+0000] {processor.py:914} INFO - Processing file /opt/airflow/dags/lead_data_pipeline.py for tasks to queue
[2025-06-27T21:00:20.422+0000] {logging_mixin.py:190} INFO - [2025-06-27T21:00:20.421+0000] {dagbag.py:588} INFO - Filling up the DagBag from /opt/airflow/dags/lead_data_pipeline.py
[2025-06-27T21:00:21.444+0000] {processor.py:925} INFO - DAG(s) 'lead_data_pipeline' retrieved from /opt/airflow/dags/lead_data_pipeline.py
[2025-06-27T21:00:21.588+0000] {logging_mixin.py:190} INFO - [2025-06-27T21:00:21.587+0000] {dag.py:3239} INFO - Sync 1 DAGs
[2025-06-27T21:00:21.701+0000] {logging_mixin.py:190} INFO - [2025-06-27T21:00:21.701+0000] {dag.py:4180} INFO - Setting next_dagrun for lead_data_pipeline to 2025-06-27 07:59:00+00:00, run_after=2025-06-28 07:00:00+00:00
[2025-06-27T21:00:21.802+0000] {processor.py:208} INFO - Processing /opt/airflow/dags/lead_data_pipeline.py took 1.418 seconds
[2025-06-27T21:00:52.278+0000] {processor.py:186} INFO - Started process (PID=1067) to work on /opt/airflow/dags/lead_data_pipeline.py
[2025-06-27T21:00:52.287+0000] {processor.py:914} INFO - Processing file /opt/airflow/dags/lead_data_pipeline.py for tasks to queue
[2025-06-27T21:00:52.292+0000] {logging_mixin.py:190} INFO - [2025-06-27T21:00:52.291+0000] {dagbag.py:588} INFO - Filling up the DagBag from /opt/airflow/dags/lead_data_pipeline.py
[2025-06-27T21:00:53.020+0000] {processor.py:925} INFO - DAG(s) 'lead_data_pipeline' retrieved from /opt/airflow/dags/lead_data_pipeline.py
[2025-06-27T21:00:53.245+0000] {logging_mixin.py:190} INFO - [2025-06-27T21:00:53.243+0000] {dag.py:3239} INFO - Sync 1 DAGs
[2025-06-27T21:00:53.336+0000] {logging_mixin.py:190} INFO - [2025-06-27T21:00:53.336+0000] {dag.py:4180} INFO - Setting next_dagrun for lead_data_pipeline to 2025-06-27 07:59:00+00:00, run_after=2025-06-28 07:00:00+00:00
[2025-06-27T21:00:53.407+0000] {processor.py:208} INFO - Processing /opt/airflow/dags/lead_data_pipeline.py took 1.149 seconds
[2025-06-27T21:01:23.821+0000] {processor.py:186} INFO - Started process (PID=1075) to work on /opt/airflow/dags/lead_data_pipeline.py
[2025-06-27T21:01:23.824+0000] {processor.py:914} INFO - Processing file /opt/airflow/dags/lead_data_pipeline.py for tasks to queue
[2025-06-27T21:01:23.830+0000] {logging_mixin.py:190} INFO - [2025-06-27T21:01:23.828+0000] {dagbag.py:588} INFO - Filling up the DagBag from /opt/airflow/dags/lead_data_pipeline.py
[2025-06-27T21:01:24.824+0000] {processor.py:925} INFO - DAG(s) 'lead_data_pipeline' retrieved from /opt/airflow/dags/lead_data_pipeline.py
[2025-06-27T21:01:24.891+0000] {logging_mixin.py:190} INFO - [2025-06-27T21:01:24.891+0000] {dag.py:3239} INFO - Sync 1 DAGs
[2025-06-27T21:01:24.943+0000] {logging_mixin.py:190} INFO - [2025-06-27T21:01:24.943+0000] {dag.py:4180} INFO - Setting next_dagrun for lead_data_pipeline to 2025-06-27 07:59:00+00:00, run_after=2025-06-28 07:00:00+00:00
[2025-06-27T21:01:24.978+0000] {processor.py:208} INFO - Processing /opt/airflow/dags/lead_data_pipeline.py took 1.180 seconds
[2025-06-27T21:01:55.430+0000] {processor.py:186} INFO - Started process (PID=1083) to work on /opt/airflow/dags/lead_data_pipeline.py
[2025-06-27T21:01:55.432+0000] {processor.py:914} INFO - Processing file /opt/airflow/dags/lead_data_pipeline.py for tasks to queue
[2025-06-27T21:01:55.434+0000] {logging_mixin.py:190} INFO - [2025-06-27T21:01:55.434+0000] {dagbag.py:588} INFO - Filling up the DagBag from /opt/airflow/dags/lead_data_pipeline.py
[2025-06-27T21:01:55.734+0000] {processor.py:925} INFO - DAG(s) 'lead_data_pipeline' retrieved from /opt/airflow/dags/lead_data_pipeline.py
[2025-06-27T21:01:55.783+0000] {logging_mixin.py:190} INFO - [2025-06-27T21:01:55.782+0000] {dag.py:3239} INFO - Sync 1 DAGs
[2025-06-27T21:01:55.824+0000] {logging_mixin.py:190} INFO - [2025-06-27T21:01:55.823+0000] {dag.py:4180} INFO - Setting next_dagrun for lead_data_pipeline to 2025-06-27 07:59:00+00:00, run_after=2025-06-28 07:00:00+00:00
[2025-06-27T21:01:55.855+0000] {processor.py:208} INFO - Processing /opt/airflow/dags/lead_data_pipeline.py took 0.437 seconds
[2025-06-27T21:02:24.032+0000] {processor.py:186} INFO - Started process (PID=1091) to work on /opt/airflow/dags/lead_data_pipeline.py
[2025-06-27T21:02:24.034+0000] {processor.py:914} INFO - Processing file /opt/airflow/dags/lead_data_pipeline.py for tasks to queue
[2025-06-27T21:02:24.037+0000] {logging_mixin.py:190} INFO - [2025-06-27T21:02:24.036+0000] {dagbag.py:588} INFO - Filling up the DagBag from /opt/airflow/dags/lead_data_pipeline.py
[2025-06-27T21:02:24.736+0000] {processor.py:925} INFO - DAG(s) 'lead_data_pipeline' retrieved from /opt/airflow/dags/lead_data_pipeline.py
[2025-06-27T21:02:24.847+0000] {logging_mixin.py:190} INFO - [2025-06-27T21:02:24.845+0000] {dag.py:3239} INFO - Sync 1 DAGs
[2025-06-27T21:02:24.935+0000] {logging_mixin.py:190} INFO - [2025-06-27T21:02:24.934+0000] {dag.py:4180} INFO - Setting next_dagrun for lead_data_pipeline to 2025-06-27 07:59:00+00:00, run_after=2025-06-28 07:00:00+00:00
[2025-06-27T21:02:25.105+0000] {processor.py:208} INFO - Processing /opt/airflow/dags/lead_data_pipeline.py took 1.088 seconds
[2025-06-27T21:02:27.172+0000] {processor.py:186} INFO - Started process (PID=1093) to work on /opt/airflow/dags/lead_data_pipeline.py
[2025-06-27T21:02:27.176+0000] {processor.py:914} INFO - Processing file /opt/airflow/dags/lead_data_pipeline.py for tasks to queue
[2025-06-27T21:02:27.183+0000] {logging_mixin.py:190} INFO - [2025-06-27T21:02:27.182+0000] {dagbag.py:588} INFO - Filling up the DagBag from /opt/airflow/dags/lead_data_pipeline.py
[2025-06-27T21:02:27.813+0000] {processor.py:925} INFO - DAG(s) 'lead_data_pipeline' retrieved from /opt/airflow/dags/lead_data_pipeline.py
[2025-06-27T21:02:27.892+0000] {logging_mixin.py:190} INFO - [2025-06-27T21:02:27.892+0000] {dag.py:3239} INFO - Sync 1 DAGs
[2025-06-27T21:02:27.962+0000] {logging_mixin.py:190} INFO - [2025-06-27T21:02:27.961+0000] {dag.py:4180} INFO - Setting next_dagrun for lead_data_pipeline to 2025-06-27 07:59:00+00:00, run_after=2025-06-28 07:00:00+00:00
[2025-06-27T21:02:28.006+0000] {processor.py:208} INFO - Processing /opt/airflow/dags/lead_data_pipeline.py took 0.863 seconds
[2025-06-27T21:02:59.060+0000] {processor.py:186} INFO - Started process (PID=1104) to work on /opt/airflow/dags/lead_data_pipeline.py
[2025-06-27T21:02:59.062+0000] {processor.py:914} INFO - Processing file /opt/airflow/dags/lead_data_pipeline.py for tasks to queue
[2025-06-27T21:02:59.065+0000] {logging_mixin.py:190} INFO - [2025-06-27T21:02:59.065+0000] {dagbag.py:588} INFO - Filling up the DagBag from /opt/airflow/dags/lead_data_pipeline.py
[2025-06-27T21:02:59.505+0000] {processor.py:925} INFO - DAG(s) 'lead_data_pipeline' retrieved from /opt/airflow/dags/lead_data_pipeline.py
[2025-06-27T21:02:59.584+0000] {logging_mixin.py:190} INFO - [2025-06-27T21:02:59.583+0000] {dag.py:3239} INFO - Sync 1 DAGs
[2025-06-27T21:02:59.645+0000] {logging_mixin.py:190} INFO - [2025-06-27T21:02:59.644+0000] {dag.py:4180} INFO - Setting next_dagrun for lead_data_pipeline to 2025-06-27 07:59:00+00:00, run_after=2025-06-28 07:00:00+00:00
[2025-06-27T21:02:59.689+0000] {processor.py:208} INFO - Processing /opt/airflow/dags/lead_data_pipeline.py took 0.647 seconds
[2025-06-27T21:03:21.127+0000] {processor.py:186} INFO - Started process (PID=1111) to work on /opt/airflow/dags/lead_data_pipeline.py
[2025-06-27T21:03:21.130+0000] {processor.py:914} INFO - Processing file /opt/airflow/dags/lead_data_pipeline.py for tasks to queue
[2025-06-27T21:03:21.134+0000] {logging_mixin.py:190} INFO - [2025-06-27T21:03:21.133+0000] {dagbag.py:588} INFO - Filling up the DagBag from /opt/airflow/dags/lead_data_pipeline.py
[2025-06-27T21:03:21.885+0000] {processor.py:925} INFO - DAG(s) 'lead_data_pipeline' retrieved from /opt/airflow/dags/lead_data_pipeline.py
[2025-06-27T21:03:21.982+0000] {logging_mixin.py:190} INFO - [2025-06-27T21:03:21.980+0000] {dag.py:3239} INFO - Sync 1 DAGs
[2025-06-27T21:03:22.085+0000] {logging_mixin.py:190} INFO - [2025-06-27T21:03:22.085+0000] {dag.py:4180} INFO - Setting next_dagrun for lead_data_pipeline to 2025-06-27 07:59:00+00:00, run_after=2025-06-28 07:00:00+00:00
[2025-06-27T21:03:22.155+0000] {processor.py:208} INFO - Processing /opt/airflow/dags/lead_data_pipeline.py took 1.050 seconds
[2025-06-27T21:03:23.213+0000] {processor.py:186} INFO - Started process (PID=1113) to work on /opt/airflow/dags/lead_data_pipeline.py
[2025-06-27T21:03:23.224+0000] {processor.py:914} INFO - Processing file /opt/airflow/dags/lead_data_pipeline.py for tasks to queue
[2025-06-27T21:03:23.236+0000] {logging_mixin.py:190} INFO - [2025-06-27T21:03:23.229+0000] {dagbag.py:588} INFO - Filling up the DagBag from /opt/airflow/dags/lead_data_pipeline.py
[2025-06-27T21:03:24.086+0000] {processor.py:925} INFO - DAG(s) 'lead_data_pipeline' retrieved from /opt/airflow/dags/lead_data_pipeline.py
[2025-06-27T21:03:24.165+0000] {logging_mixin.py:190} INFO - [2025-06-27T21:03:24.164+0000] {dag.py:3239} INFO - Sync 1 DAGs
[2025-06-27T21:03:24.244+0000] {logging_mixin.py:190} INFO - [2025-06-27T21:03:24.243+0000] {dag.py:4180} INFO - Setting next_dagrun for lead_data_pipeline to 2025-06-27 07:59:00+00:00, run_after=2025-06-28 07:00:00+00:00
[2025-06-27T21:03:24.301+0000] {processor.py:208} INFO - Processing /opt/airflow/dags/lead_data_pipeline.py took 1.117 seconds
[2025-06-27T21:03:47.011+0000] {processor.py:186} INFO - Started process (PID=1121) to work on /opt/airflow/dags/lead_data_pipeline.py
[2025-06-27T21:03:47.060+0000] {processor.py:914} INFO - Processing file /opt/airflow/dags/lead_data_pipeline.py for tasks to queue
[2025-06-27T21:03:47.066+0000] {logging_mixin.py:190} INFO - [2025-06-27T21:03:47.063+0000] {dagbag.py:588} INFO - Filling up the DagBag from /opt/airflow/dags/lead_data_pipeline.py
[2025-06-27T21:03:47.857+0000] {processor.py:925} INFO - DAG(s) 'lead_data_pipeline' retrieved from /opt/airflow/dags/lead_data_pipeline.py
[2025-06-27T21:03:48.314+0000] {logging_mixin.py:190} INFO - [2025-06-27T21:03:48.313+0000] {dag.py:3239} INFO - Sync 1 DAGs
[2025-06-27T21:03:48.361+0000] {logging_mixin.py:190} INFO - [2025-06-27T21:03:48.359+0000] {dag.py:3262} INFO - Creating ORM DAG for lead_data_pipeline
[2025-06-27T21:03:48.401+0000] {logging_mixin.py:190} INFO - [2025-06-27T21:03:48.401+0000] {dag.py:4180} INFO - Setting next_dagrun for lead_data_pipeline to 2025-06-27 07:58:00+00:00, run_after=2025-06-27 07:59:00+00:00
[2025-06-27T21:03:48.538+0000] {processor.py:208} INFO - Processing /opt/airflow/dags/lead_data_pipeline.py took 1.629 seconds
[2025-06-27T21:04:19.350+0000] {processor.py:186} INFO - Started process (PID=1136) to work on /opt/airflow/dags/lead_data_pipeline.py
[2025-06-27T21:04:19.352+0000] {processor.py:914} INFO - Processing file /opt/airflow/dags/lead_data_pipeline.py for tasks to queue
[2025-06-27T21:04:19.355+0000] {logging_mixin.py:190} INFO - [2025-06-27T21:04:19.354+0000] {dagbag.py:588} INFO - Filling up the DagBag from /opt/airflow/dags/lead_data_pipeline.py
[2025-06-27T21:04:19.744+0000] {processor.py:925} INFO - DAG(s) 'lead_data_pipeline' retrieved from /opt/airflow/dags/lead_data_pipeline.py
[2025-06-27T21:04:19.807+0000] {logging_mixin.py:190} INFO - [2025-06-27T21:04:19.806+0000] {dag.py:3239} INFO - Sync 1 DAGs
[2025-06-27T21:04:19.858+0000] {logging_mixin.py:190} INFO - [2025-06-27T21:04:19.858+0000] {dag.py:4180} INFO - Setting next_dagrun for lead_data_pipeline to 2025-06-27 07:59:00+00:00, run_after=2025-06-28 07:00:00+00:00
[2025-06-27T21:04:19.907+0000] {processor.py:208} INFO - Processing /opt/airflow/dags/lead_data_pipeline.py took 0.567 seconds
[2025-06-27T21:04:50.422+0000] {processor.py:186} INFO - Started process (PID=1144) to work on /opt/airflow/dags/lead_data_pipeline.py
[2025-06-27T21:04:50.426+0000] {processor.py:914} INFO - Processing file /opt/airflow/dags/lead_data_pipeline.py for tasks to queue
[2025-06-27T21:04:50.432+0000] {logging_mixin.py:190} INFO - [2025-06-27T21:04:50.430+0000] {dagbag.py:588} INFO - Filling up the DagBag from /opt/airflow/dags/lead_data_pipeline.py
[2025-06-27T21:04:51.024+0000] {processor.py:925} INFO - DAG(s) 'lead_data_pipeline' retrieved from /opt/airflow/dags/lead_data_pipeline.py
[2025-06-27T21:04:51.088+0000] {logging_mixin.py:190} INFO - [2025-06-27T21:04:51.087+0000] {dag.py:3239} INFO - Sync 1 DAGs
[2025-06-27T21:04:51.155+0000] {logging_mixin.py:190} INFO - [2025-06-27T21:04:51.155+0000] {dag.py:4180} INFO - Setting next_dagrun for lead_data_pipeline to 2025-06-27 07:59:00+00:00, run_after=2025-06-28 07:00:00+00:00
[2025-06-27T21:04:51.207+0000] {processor.py:208} INFO - Processing /opt/airflow/dags/lead_data_pipeline.py took 0.812 seconds
[2025-06-27T21:05:21.642+0000] {processor.py:186} INFO - Started process (PID=1152) to work on /opt/airflow/dags/lead_data_pipeline.py
[2025-06-27T21:05:21.645+0000] {processor.py:914} INFO - Processing file /opt/airflow/dags/lead_data_pipeline.py for tasks to queue
[2025-06-27T21:05:21.649+0000] {logging_mixin.py:190} INFO - [2025-06-27T21:05:21.648+0000] {dagbag.py:588} INFO - Filling up the DagBag from /opt/airflow/dags/lead_data_pipeline.py
[2025-06-27T21:05:22.090+0000] {processor.py:925} INFO - DAG(s) 'lead_data_pipeline' retrieved from /opt/airflow/dags/lead_data_pipeline.py
[2025-06-27T21:05:22.175+0000] {logging_mixin.py:190} INFO - [2025-06-27T21:05:22.172+0000] {dag.py:3239} INFO - Sync 1 DAGs
[2025-06-27T21:05:22.245+0000] {logging_mixin.py:190} INFO - [2025-06-27T21:05:22.245+0000] {dag.py:4180} INFO - Setting next_dagrun for lead_data_pipeline to 2025-06-27 07:59:00+00:00, run_after=2025-06-28 07:00:00+00:00
[2025-06-27T21:05:22.299+0000] {processor.py:208} INFO - Processing /opt/airflow/dags/lead_data_pipeline.py took 0.677 seconds
[2025-06-27T21:05:52.703+0000] {processor.py:186} INFO - Started process (PID=1160) to work on /opt/airflow/dags/lead_data_pipeline.py
[2025-06-27T21:05:52.704+0000] {processor.py:914} INFO - Processing file /opt/airflow/dags/lead_data_pipeline.py for tasks to queue
[2025-06-27T21:05:52.707+0000] {logging_mixin.py:190} INFO - [2025-06-27T21:05:52.706+0000] {dagbag.py:588} INFO - Filling up the DagBag from /opt/airflow/dags/lead_data_pipeline.py
[2025-06-27T21:05:53.007+0000] {processor.py:925} INFO - DAG(s) 'lead_data_pipeline' retrieved from /opt/airflow/dags/lead_data_pipeline.py
[2025-06-27T21:05:53.053+0000] {logging_mixin.py:190} INFO - [2025-06-27T21:05:53.053+0000] {dag.py:3239} INFO - Sync 1 DAGs
[2025-06-27T21:05:53.111+0000] {logging_mixin.py:190} INFO - [2025-06-27T21:05:53.110+0000] {dag.py:4180} INFO - Setting next_dagrun for lead_data_pipeline to 2025-06-27 07:59:00+00:00, run_after=2025-06-28 07:00:00+00:00
[2025-06-27T21:05:53.192+0000] {processor.py:208} INFO - Processing /opt/airflow/dags/lead_data_pipeline.py took 0.500 seconds
[2025-06-27T21:06:23.642+0000] {processor.py:186} INFO - Started process (PID=1169) to work on /opt/airflow/dags/lead_data_pipeline.py
[2025-06-27T21:06:23.645+0000] {processor.py:914} INFO - Processing file /opt/airflow/dags/lead_data_pipeline.py for tasks to queue
[2025-06-27T21:06:23.648+0000] {logging_mixin.py:190} INFO - [2025-06-27T21:06:23.648+0000] {dagbag.py:588} INFO - Filling up the DagBag from /opt/airflow/dags/lead_data_pipeline.py
[2025-06-27T21:06:24.107+0000] {processor.py:925} INFO - DAG(s) 'lead_data_pipeline' retrieved from /opt/airflow/dags/lead_data_pipeline.py
[2025-06-27T21:06:24.239+0000] {logging_mixin.py:190} INFO - [2025-06-27T21:06:24.238+0000] {dag.py:3239} INFO - Sync 1 DAGs
[2025-06-27T21:06:24.332+0000] {logging_mixin.py:190} INFO - [2025-06-27T21:06:24.331+0000] {dag.py:4180} INFO - Setting next_dagrun for lead_data_pipeline to 2025-06-27 07:59:00+00:00, run_after=2025-06-28 07:00:00+00:00
[2025-06-27T21:06:24.429+0000] {processor.py:208} INFO - Processing /opt/airflow/dags/lead_data_pipeline.py took 0.805 seconds
[2025-06-27T21:06:54.668+0000] {processor.py:186} INFO - Started process (PID=1176) to work on /opt/airflow/dags/lead_data_pipeline.py
[2025-06-27T21:06:54.671+0000] {processor.py:914} INFO - Processing file /opt/airflow/dags/lead_data_pipeline.py for tasks to queue
[2025-06-27T21:06:54.675+0000] {logging_mixin.py:190} INFO - [2025-06-27T21:06:54.674+0000] {dagbag.py:588} INFO - Filling up the DagBag from /opt/airflow/dags/lead_data_pipeline.py
[2025-06-27T21:06:55.130+0000] {processor.py:925} INFO - DAG(s) 'lead_data_pipeline' retrieved from /opt/airflow/dags/lead_data_pipeline.py
[2025-06-27T21:06:55.188+0000] {logging_mixin.py:190} INFO - [2025-06-27T21:06:55.187+0000] {dag.py:3239} INFO - Sync 1 DAGs
[2025-06-27T21:06:55.255+0000] {logging_mixin.py:190} INFO - [2025-06-27T21:06:55.254+0000] {dag.py:4180} INFO - Setting next_dagrun for lead_data_pipeline to 2025-06-27 07:59:00+00:00, run_after=2025-06-28 07:00:00+00:00
[2025-06-27T21:06:55.309+0000] {processor.py:208} INFO - Processing /opt/airflow/dags/lead_data_pipeline.py took 0.657 seconds
[2025-06-27T21:07:17.812+0000] {processor.py:186} INFO - Started process (PID=1184) to work on /opt/airflow/dags/lead_data_pipeline.py
[2025-06-27T21:07:17.815+0000] {processor.py:914} INFO - Processing file /opt/airflow/dags/lead_data_pipeline.py for tasks to queue
[2025-06-27T21:07:17.820+0000] {logging_mixin.py:190} INFO - [2025-06-27T21:07:17.818+0000] {dagbag.py:588} INFO - Filling up the DagBag from /opt/airflow/dags/lead_data_pipeline.py
[2025-06-27T21:07:17.829+0000] {logging_mixin.py:190} INFO - [2025-06-27T21:07:17.829+0000] {dagbag.py:366} INFO - File /opt/airflow/dags/lead_data_pipeline.py assumed to contain no DAGs. Skipping.
[2025-06-27T21:07:17.832+0000] {processor.py:927} WARNING - No viable dags retrieved from /opt/airflow/dags/lead_data_pipeline.py
[2025-06-27T21:07:17.887+0000] {processor.py:208} INFO - Processing /opt/airflow/dags/lead_data_pipeline.py took 0.102 seconds
[2025-06-27T21:07:18.876+0000] {processor.py:186} INFO - Started process (PID=1185) to work on /opt/airflow/dags/lead_data_pipeline.py
[2025-06-27T21:07:18.879+0000] {processor.py:914} INFO - Processing file /opt/airflow/dags/lead_data_pipeline.py for tasks to queue
[2025-06-27T21:07:18.883+0000] {logging_mixin.py:190} INFO - [2025-06-27T21:07:18.882+0000] {dagbag.py:588} INFO - Filling up the DagBag from /opt/airflow/dags/lead_data_pipeline.py
[2025-06-27T21:07:19.592+0000] {processor.py:925} INFO - DAG(s) 'lead_data_pipeline' retrieved from /opt/airflow/dags/lead_data_pipeline.py
[2025-06-27T21:07:20.163+0000] {logging_mixin.py:190} INFO - [2025-06-27T21:07:20.162+0000] {dag.py:3239} INFO - Sync 1 DAGs
[2025-06-27T21:07:20.252+0000] {logging_mixin.py:190} INFO - [2025-06-27T21:07:20.250+0000] {dag.py:4180} INFO - Setting next_dagrun for lead_data_pipeline to 2025-06-27 07:00:00+00:00, run_after=2025-06-28 07:00:00+00:00
[2025-06-27T21:07:20.362+0000] {processor.py:208} INFO - Processing /opt/airflow/dags/lead_data_pipeline.py took 1.504 seconds
[2025-06-27T21:07:50.612+0000] {processor.py:186} INFO - Started process (PID=1197) to work on /opt/airflow/dags/lead_data_pipeline.py
[2025-06-27T21:07:50.621+0000] {processor.py:914} INFO - Processing file /opt/airflow/dags/lead_data_pipeline.py for tasks to queue
[2025-06-27T21:07:50.630+0000] {logging_mixin.py:190} INFO - [2025-06-27T21:07:50.628+0000] {dagbag.py:588} INFO - Filling up the DagBag from /opt/airflow/dags/lead_data_pipeline.py
[2025-06-27T21:07:51.437+0000] {processor.py:925} INFO - DAG(s) 'lead_data_pipeline' retrieved from /opt/airflow/dags/lead_data_pipeline.py
[2025-06-27T21:07:51.526+0000] {logging_mixin.py:190} INFO - [2025-06-27T21:07:51.526+0000] {dag.py:3239} INFO - Sync 1 DAGs
[2025-06-27T21:07:51.859+0000] {logging_mixin.py:190} INFO - [2025-06-27T21:07:51.858+0000] {dag.py:4180} INFO - Setting next_dagrun for lead_data_pipeline to 2025-06-27 07:00:00+00:00, run_after=2025-06-28 07:00:00+00:00
[2025-06-27T21:07:52.060+0000] {processor.py:208} INFO - Processing /opt/airflow/dags/lead_data_pipeline.py took 1.472 seconds
[2025-06-27T21:08:23.235+0000] {processor.py:186} INFO - Started process (PID=1204) to work on /opt/airflow/dags/lead_data_pipeline.py
[2025-06-27T21:08:23.245+0000] {processor.py:914} INFO - Processing file /opt/airflow/dags/lead_data_pipeline.py for tasks to queue
[2025-06-27T21:08:23.257+0000] {logging_mixin.py:190} INFO - [2025-06-27T21:08:23.256+0000] {dagbag.py:588} INFO - Filling up the DagBag from /opt/airflow/dags/lead_data_pipeline.py
[2025-06-27T21:08:24.022+0000] {processor.py:925} INFO - DAG(s) 'lead_data_pipeline' retrieved from /opt/airflow/dags/lead_data_pipeline.py
[2025-06-27T21:08:24.108+0000] {logging_mixin.py:190} INFO - [2025-06-27T21:08:24.107+0000] {dag.py:3239} INFO - Sync 1 DAGs
[2025-06-27T21:08:24.222+0000] {logging_mixin.py:190} INFO - [2025-06-27T21:08:24.221+0000] {dag.py:4180} INFO - Setting next_dagrun for lead_data_pipeline to 2025-06-27 07:00:00+00:00, run_after=2025-06-28 07:00:00+00:00
[2025-06-27T21:08:25.058+0000] {processor.py:208} INFO - Processing /opt/airflow/dags/lead_data_pipeline.py took 1.855 seconds
[2025-06-27T21:08:56.349+0000] {processor.py:186} INFO - Started process (PID=1212) to work on /opt/airflow/dags/lead_data_pipeline.py
[2025-06-27T21:08:56.353+0000] {processor.py:914} INFO - Processing file /opt/airflow/dags/lead_data_pipeline.py for tasks to queue
[2025-06-27T21:08:56.366+0000] {logging_mixin.py:190} INFO - [2025-06-27T21:08:56.363+0000] {dagbag.py:588} INFO - Filling up the DagBag from /opt/airflow/dags/lead_data_pipeline.py
[2025-06-27T21:08:56.783+0000] {processor.py:925} INFO - DAG(s) 'lead_data_pipeline' retrieved from /opt/airflow/dags/lead_data_pipeline.py
[2025-06-27T21:08:56.865+0000] {logging_mixin.py:190} INFO - [2025-06-27T21:08:56.864+0000] {dag.py:3239} INFO - Sync 1 DAGs
[2025-06-27T21:08:56.974+0000] {logging_mixin.py:190} INFO - [2025-06-27T21:08:56.972+0000] {dag.py:4180} INFO - Setting next_dagrun for lead_data_pipeline to 2025-06-27 07:00:00+00:00, run_after=2025-06-28 07:00:00+00:00
[2025-06-27T21:08:57.112+0000] {processor.py:208} INFO - Processing /opt/airflow/dags/lead_data_pipeline.py took 0.799 seconds
[2025-06-27T21:09:27.926+0000] {processor.py:186} INFO - Started process (PID=1220) to work on /opt/airflow/dags/lead_data_pipeline.py
[2025-06-27T21:09:27.933+0000] {processor.py:914} INFO - Processing file /opt/airflow/dags/lead_data_pipeline.py for tasks to queue
[2025-06-27T21:09:27.941+0000] {logging_mixin.py:190} INFO - [2025-06-27T21:09:27.939+0000] {dagbag.py:588} INFO - Filling up the DagBag from /opt/airflow/dags/lead_data_pipeline.py
[2025-06-27T21:09:28.705+0000] {processor.py:925} INFO - DAG(s) 'lead_data_pipeline' retrieved from /opt/airflow/dags/lead_data_pipeline.py
[2025-06-27T21:09:28.910+0000] {logging_mixin.py:190} INFO - [2025-06-27T21:09:28.909+0000] {dag.py:3239} INFO - Sync 1 DAGs
[2025-06-27T21:09:29.012+0000] {logging_mixin.py:190} INFO - [2025-06-27T21:09:29.012+0000] {dag.py:4180} INFO - Setting next_dagrun for lead_data_pipeline to 2025-06-27 07:00:00+00:00, run_after=2025-06-28 07:00:00+00:00
[2025-06-27T21:09:29.065+0000] {processor.py:208} INFO - Processing /opt/airflow/dags/lead_data_pipeline.py took 1.177 seconds
[2025-06-27T21:09:59.508+0000] {processor.py:186} INFO - Started process (PID=1228) to work on /opt/airflow/dags/lead_data_pipeline.py
[2025-06-27T21:09:59.522+0000] {processor.py:914} INFO - Processing file /opt/airflow/dags/lead_data_pipeline.py for tasks to queue
[2025-06-27T21:09:59.531+0000] {logging_mixin.py:190} INFO - [2025-06-27T21:09:59.529+0000] {dagbag.py:588} INFO - Filling up the DagBag from /opt/airflow/dags/lead_data_pipeline.py
[2025-06-27T21:10:00.461+0000] {processor.py:925} INFO - DAG(s) 'lead_data_pipeline' retrieved from /opt/airflow/dags/lead_data_pipeline.py
[2025-06-27T21:10:00.564+0000] {logging_mixin.py:190} INFO - [2025-06-27T21:10:00.563+0000] {dag.py:3239} INFO - Sync 1 DAGs
[2025-06-27T21:10:00.635+0000] {logging_mixin.py:190} INFO - [2025-06-27T21:10:00.634+0000] {dag.py:4180} INFO - Setting next_dagrun for lead_data_pipeline to 2025-06-27 07:00:00+00:00, run_after=2025-06-28 07:00:00+00:00
[2025-06-27T21:10:00.683+0000] {processor.py:208} INFO - Processing /opt/airflow/dags/lead_data_pipeline.py took 1.209 seconds
[2025-06-27T21:10:31.080+0000] {processor.py:186} INFO - Started process (PID=1236) to work on /opt/airflow/dags/lead_data_pipeline.py
[2025-06-27T21:10:31.082+0000] {processor.py:914} INFO - Processing file /opt/airflow/dags/lead_data_pipeline.py for tasks to queue
[2025-06-27T21:10:31.089+0000] {logging_mixin.py:190} INFO - [2025-06-27T21:10:31.087+0000] {dagbag.py:588} INFO - Filling up the DagBag from /opt/airflow/dags/lead_data_pipeline.py
[2025-06-27T21:10:31.855+0000] {processor.py:925} INFO - DAG(s) 'lead_data_pipeline' retrieved from /opt/airflow/dags/lead_data_pipeline.py
[2025-06-27T21:10:31.937+0000] {logging_mixin.py:190} INFO - [2025-06-27T21:10:31.937+0000] {dag.py:3239} INFO - Sync 1 DAGs
[2025-06-27T21:10:32.016+0000] {logging_mixin.py:190} INFO - [2025-06-27T21:10:32.016+0000] {dag.py:4180} INFO - Setting next_dagrun for lead_data_pipeline to 2025-06-27 07:00:00+00:00, run_after=2025-06-28 07:00:00+00:00
[2025-06-27T21:10:32.079+0000] {processor.py:208} INFO - Processing /opt/airflow/dags/lead_data_pipeline.py took 1.018 seconds
[2025-06-27T21:11:02.566+0000] {processor.py:186} INFO - Started process (PID=1244) to work on /opt/airflow/dags/lead_data_pipeline.py
[2025-06-27T21:11:02.568+0000] {processor.py:914} INFO - Processing file /opt/airflow/dags/lead_data_pipeline.py for tasks to queue
[2025-06-27T21:11:02.573+0000] {logging_mixin.py:190} INFO - [2025-06-27T21:11:02.572+0000] {dagbag.py:588} INFO - Filling up the DagBag from /opt/airflow/dags/lead_data_pipeline.py
[2025-06-27T21:11:02.871+0000] {processor.py:925} INFO - DAG(s) 'lead_data_pipeline' retrieved from /opt/airflow/dags/lead_data_pipeline.py
[2025-06-27T21:11:02.916+0000] {logging_mixin.py:190} INFO - [2025-06-27T21:11:02.916+0000] {dag.py:3239} INFO - Sync 1 DAGs
[2025-06-27T21:11:02.958+0000] {logging_mixin.py:190} INFO - [2025-06-27T21:11:02.958+0000] {dag.py:4180} INFO - Setting next_dagrun for lead_data_pipeline to 2025-06-27 07:00:00+00:00, run_after=2025-06-28 07:00:00+00:00
[2025-06-27T21:11:02.990+0000] {processor.py:208} INFO - Processing /opt/airflow/dags/lead_data_pipeline.py took 0.437 seconds
[2025-06-27T21:11:33.090+0000] {processor.py:186} INFO - Started process (PID=1252) to work on /opt/airflow/dags/lead_data_pipeline.py
[2025-06-27T21:11:33.095+0000] {processor.py:914} INFO - Processing file /opt/airflow/dags/lead_data_pipeline.py for tasks to queue
[2025-06-27T21:11:33.116+0000] {logging_mixin.py:190} INFO - [2025-06-27T21:11:33.111+0000] {dagbag.py:588} INFO - Filling up the DagBag from /opt/airflow/dags/lead_data_pipeline.py
[2025-06-27T21:11:33.697+0000] {processor.py:925} INFO - DAG(s) 'lead_data_pipeline' retrieved from /opt/airflow/dags/lead_data_pipeline.py
[2025-06-27T21:11:33.795+0000] {logging_mixin.py:190} INFO - [2025-06-27T21:11:33.794+0000] {dag.py:3239} INFO - Sync 1 DAGs
[2025-06-27T21:11:34.065+0000] {logging_mixin.py:190} INFO - [2025-06-27T21:11:34.064+0000] {dag.py:4180} INFO - Setting next_dagrun for lead_data_pipeline to 2025-06-27 07:00:00+00:00, run_after=2025-06-28 07:00:00+00:00
[2025-06-27T21:11:35.062+0000] {processor.py:208} INFO - Processing /opt/airflow/dags/lead_data_pipeline.py took 2.018 seconds
[2025-06-27T21:12:05.520+0000] {processor.py:186} INFO - Started process (PID=1260) to work on /opt/airflow/dags/lead_data_pipeline.py
[2025-06-27T21:12:05.523+0000] {processor.py:914} INFO - Processing file /opt/airflow/dags/lead_data_pipeline.py for tasks to queue
[2025-06-27T21:12:05.528+0000] {logging_mixin.py:190} INFO - [2025-06-27T21:12:05.527+0000] {dagbag.py:588} INFO - Filling up the DagBag from /opt/airflow/dags/lead_data_pipeline.py
[2025-06-27T21:12:05.950+0000] {processor.py:925} INFO - DAG(s) 'lead_data_pipeline' retrieved from /opt/airflow/dags/lead_data_pipeline.py
[2025-06-27T21:12:06.003+0000] {logging_mixin.py:190} INFO - [2025-06-27T21:12:06.003+0000] {dag.py:3239} INFO - Sync 1 DAGs
[2025-06-27T21:12:06.058+0000] {logging_mixin.py:190} INFO - [2025-06-27T21:12:06.058+0000] {dag.py:4180} INFO - Setting next_dagrun for lead_data_pipeline to 2025-06-27 07:00:00+00:00, run_after=2025-06-28 07:00:00+00:00
[2025-06-27T21:12:06.097+0000] {processor.py:208} INFO - Processing /opt/airflow/dags/lead_data_pipeline.py took 0.594 seconds
[2025-06-27T21:12:36.523+0000] {processor.py:186} INFO - Started process (PID=1268) to work on /opt/airflow/dags/lead_data_pipeline.py
[2025-06-27T21:12:36.525+0000] {processor.py:914} INFO - Processing file /opt/airflow/dags/lead_data_pipeline.py for tasks to queue
[2025-06-27T21:12:36.530+0000] {logging_mixin.py:190} INFO - [2025-06-27T21:12:36.529+0000] {dagbag.py:588} INFO - Filling up the DagBag from /opt/airflow/dags/lead_data_pipeline.py
[2025-06-27T21:12:36.920+0000] {processor.py:925} INFO - DAG(s) 'lead_data_pipeline' retrieved from /opt/airflow/dags/lead_data_pipeline.py
[2025-06-27T21:12:36.970+0000] {logging_mixin.py:190} INFO - [2025-06-27T21:12:36.970+0000] {dag.py:3239} INFO - Sync 1 DAGs
[2025-06-27T21:12:37.035+0000] {logging_mixin.py:190} INFO - [2025-06-27T21:12:37.034+0000] {dag.py:4180} INFO - Setting next_dagrun for lead_data_pipeline to 2025-06-27 07:00:00+00:00, run_after=2025-06-28 07:00:00+00:00
[2025-06-27T21:12:37.076+0000] {processor.py:208} INFO - Processing /opt/airflow/dags/lead_data_pipeline.py took 0.568 seconds
[2025-06-27T21:13:07.558+0000] {processor.py:186} INFO - Started process (PID=1276) to work on /opt/airflow/dags/lead_data_pipeline.py
[2025-06-27T21:13:07.560+0000] {processor.py:914} INFO - Processing file /opt/airflow/dags/lead_data_pipeline.py for tasks to queue
[2025-06-27T21:13:07.564+0000] {logging_mixin.py:190} INFO - [2025-06-27T21:13:07.563+0000] {dagbag.py:588} INFO - Filling up the DagBag from /opt/airflow/dags/lead_data_pipeline.py
[2025-06-27T21:13:08.006+0000] {processor.py:925} INFO - DAG(s) 'lead_data_pipeline' retrieved from /opt/airflow/dags/lead_data_pipeline.py
[2025-06-27T21:13:08.070+0000] {logging_mixin.py:190} INFO - [2025-06-27T21:13:08.069+0000] {dag.py:3239} INFO - Sync 1 DAGs
[2025-06-27T21:13:08.134+0000] {logging_mixin.py:190} INFO - [2025-06-27T21:13:08.133+0000] {dag.py:4180} INFO - Setting next_dagrun for lead_data_pipeline to 2025-06-27 07:00:00+00:00, run_after=2025-06-28 07:00:00+00:00
[2025-06-27T21:13:08.179+0000] {processor.py:208} INFO - Processing /opt/airflow/dags/lead_data_pipeline.py took 0.637 seconds
[2025-06-27T21:13:38.796+0000] {processor.py:186} INFO - Started process (PID=1284) to work on /opt/airflow/dags/lead_data_pipeline.py
[2025-06-27T21:13:38.798+0000] {processor.py:914} INFO - Processing file /opt/airflow/dags/lead_data_pipeline.py for tasks to queue
[2025-06-27T21:13:38.800+0000] {logging_mixin.py:190} INFO - [2025-06-27T21:13:38.800+0000] {dagbag.py:588} INFO - Filling up the DagBag from /opt/airflow/dags/lead_data_pipeline.py
[2025-06-27T21:13:39.194+0000] {processor.py:925} INFO - DAG(s) 'lead_data_pipeline' retrieved from /opt/airflow/dags/lead_data_pipeline.py
[2025-06-27T21:13:39.248+0000] {logging_mixin.py:190} INFO - [2025-06-27T21:13:39.248+0000] {dag.py:3239} INFO - Sync 1 DAGs
[2025-06-27T21:13:39.321+0000] {logging_mixin.py:190} INFO - [2025-06-27T21:13:39.320+0000] {dag.py:4180} INFO - Setting next_dagrun for lead_data_pipeline to 2025-06-27 07:00:00+00:00, run_after=2025-06-28 07:00:00+00:00
[2025-06-27T21:13:39.370+0000] {processor.py:208} INFO - Processing /opt/airflow/dags/lead_data_pipeline.py took 0.586 seconds
[2025-06-27T21:14:09.452+0000] {processor.py:186} INFO - Started process (PID=1292) to work on /opt/airflow/dags/lead_data_pipeline.py
[2025-06-27T21:14:09.455+0000] {processor.py:914} INFO - Processing file /opt/airflow/dags/lead_data_pipeline.py for tasks to queue
[2025-06-27T21:14:09.458+0000] {logging_mixin.py:190} INFO - [2025-06-27T21:14:09.458+0000] {dagbag.py:588} INFO - Filling up the DagBag from /opt/airflow/dags/lead_data_pipeline.py
[2025-06-27T21:14:09.904+0000] {processor.py:925} INFO - DAG(s) 'lead_data_pipeline' retrieved from /opt/airflow/dags/lead_data_pipeline.py
[2025-06-27T21:14:09.966+0000] {logging_mixin.py:190} INFO - [2025-06-27T21:14:09.966+0000] {dag.py:3239} INFO - Sync 1 DAGs
[2025-06-27T21:14:10.031+0000] {logging_mixin.py:190} INFO - [2025-06-27T21:14:10.031+0000] {dag.py:4180} INFO - Setting next_dagrun for lead_data_pipeline to 2025-06-27 07:00:00+00:00, run_after=2025-06-28 07:00:00+00:00
[2025-06-27T21:14:10.071+0000] {processor.py:208} INFO - Processing /opt/airflow/dags/lead_data_pipeline.py took 0.635 seconds
[2025-06-27T21:14:40.250+0000] {processor.py:186} INFO - Started process (PID=1300) to work on /opt/airflow/dags/lead_data_pipeline.py
[2025-06-27T21:14:40.251+0000] {processor.py:914} INFO - Processing file /opt/airflow/dags/lead_data_pipeline.py for tasks to queue
[2025-06-27T21:14:40.253+0000] {logging_mixin.py:190} INFO - [2025-06-27T21:14:40.253+0000] {dagbag.py:588} INFO - Filling up the DagBag from /opt/airflow/dags/lead_data_pipeline.py
[2025-06-27T21:14:40.521+0000] {processor.py:925} INFO - DAG(s) 'lead_data_pipeline' retrieved from /opt/airflow/dags/lead_data_pipeline.py
[2025-06-27T21:14:40.561+0000] {logging_mixin.py:190} INFO - [2025-06-27T21:14:40.561+0000] {dag.py:3239} INFO - Sync 1 DAGs
[2025-06-27T21:14:40.601+0000] {logging_mixin.py:190} INFO - [2025-06-27T21:14:40.601+0000] {dag.py:4180} INFO - Setting next_dagrun for lead_data_pipeline to 2025-06-27 07:00:00+00:00, run_after=2025-06-28 07:00:00+00:00
[2025-06-27T21:14:40.632+0000] {processor.py:208} INFO - Processing /opt/airflow/dags/lead_data_pipeline.py took 0.392 seconds
[2025-06-27T21:15:10.815+0000] {processor.py:186} INFO - Started process (PID=1308) to work on /opt/airflow/dags/lead_data_pipeline.py
[2025-06-27T21:15:10.817+0000] {processor.py:914} INFO - Processing file /opt/airflow/dags/lead_data_pipeline.py for tasks to queue
[2025-06-27T21:15:10.821+0000] {logging_mixin.py:190} INFO - [2025-06-27T21:15:10.820+0000] {dagbag.py:588} INFO - Filling up the DagBag from /opt/airflow/dags/lead_data_pipeline.py
[2025-06-27T21:15:11.638+0000] {processor.py:925} INFO - DAG(s) 'lead_data_pipeline' retrieved from /opt/airflow/dags/lead_data_pipeline.py
[2025-06-27T21:15:11.846+0000] {logging_mixin.py:190} INFO - [2025-06-27T21:15:11.845+0000] {dag.py:3239} INFO - Sync 1 DAGs
[2025-06-27T21:15:11.979+0000] {logging_mixin.py:190} INFO - [2025-06-27T21:15:11.978+0000] {dag.py:4180} INFO - Setting next_dagrun for lead_data_pipeline to 2025-06-27 07:00:00+00:00, run_after=2025-06-28 07:00:00+00:00
[2025-06-27T21:15:12.097+0000] {processor.py:208} INFO - Processing /opt/airflow/dags/lead_data_pipeline.py took 1.297 seconds
[2025-06-27T21:15:42.564+0000] {processor.py:186} INFO - Started process (PID=1316) to work on /opt/airflow/dags/lead_data_pipeline.py
[2025-06-27T21:15:42.570+0000] {processor.py:914} INFO - Processing file /opt/airflow/dags/lead_data_pipeline.py for tasks to queue
[2025-06-27T21:15:42.576+0000] {logging_mixin.py:190} INFO - [2025-06-27T21:15:42.575+0000] {dagbag.py:588} INFO - Filling up the DagBag from /opt/airflow/dags/lead_data_pipeline.py
[2025-06-27T21:15:43.635+0000] {processor.py:925} INFO - DAG(s) 'lead_data_pipeline' retrieved from /opt/airflow/dags/lead_data_pipeline.py
[2025-06-27T21:15:43.704+0000] {logging_mixin.py:190} INFO - [2025-06-27T21:15:43.703+0000] {dag.py:3239} INFO - Sync 1 DAGs
[2025-06-27T21:15:43.755+0000] {logging_mixin.py:190} INFO - [2025-06-27T21:15:43.755+0000] {dag.py:4180} INFO - Setting next_dagrun for lead_data_pipeline to 2025-06-27 07:00:00+00:00, run_after=2025-06-28 07:00:00+00:00
[2025-06-27T21:15:43.794+0000] {processor.py:208} INFO - Processing /opt/airflow/dags/lead_data_pipeline.py took 1.267 seconds
[2025-06-27T21:16:13.997+0000] {processor.py:186} INFO - Started process (PID=1324) to work on /opt/airflow/dags/lead_data_pipeline.py
[2025-06-27T21:16:14.000+0000] {processor.py:914} INFO - Processing file /opt/airflow/dags/lead_data_pipeline.py for tasks to queue
[2025-06-27T21:16:14.004+0000] {logging_mixin.py:190} INFO - [2025-06-27T21:16:14.003+0000] {dagbag.py:588} INFO - Filling up the DagBag from /opt/airflow/dags/lead_data_pipeline.py
[2025-06-27T21:16:14.894+0000] {processor.py:925} INFO - DAG(s) 'lead_data_pipeline' retrieved from /opt/airflow/dags/lead_data_pipeline.py
[2025-06-27T21:16:14.997+0000] {logging_mixin.py:190} INFO - [2025-06-27T21:16:14.996+0000] {dag.py:3239} INFO - Sync 1 DAGs
[2025-06-27T21:16:15.093+0000] {logging_mixin.py:190} INFO - [2025-06-27T21:16:15.092+0000] {dag.py:4180} INFO - Setting next_dagrun for lead_data_pipeline to 2025-06-27 07:00:00+00:00, run_after=2025-06-28 07:00:00+00:00
[2025-06-27T21:16:15.149+0000] {processor.py:208} INFO - Processing /opt/airflow/dags/lead_data_pipeline.py took 1.166 seconds
[2025-06-27T21:16:45.436+0000] {processor.py:186} INFO - Started process (PID=1331) to work on /opt/airflow/dags/lead_data_pipeline.py
[2025-06-27T21:16:45.438+0000] {processor.py:914} INFO - Processing file /opt/airflow/dags/lead_data_pipeline.py for tasks to queue
[2025-06-27T21:16:45.442+0000] {logging_mixin.py:190} INFO - [2025-06-27T21:16:45.441+0000] {dagbag.py:588} INFO - Filling up the DagBag from /opt/airflow/dags/lead_data_pipeline.py
[2025-06-27T21:16:45.785+0000] {processor.py:925} INFO - DAG(s) 'lead_data_pipeline' retrieved from /opt/airflow/dags/lead_data_pipeline.py
[2025-06-27T21:16:45.828+0000] {logging_mixin.py:190} INFO - [2025-06-27T21:16:45.828+0000] {dag.py:3239} INFO - Sync 1 DAGs
[2025-06-27T21:16:45.882+0000] {logging_mixin.py:190} INFO - [2025-06-27T21:16:45.881+0000] {dag.py:4180} INFO - Setting next_dagrun for lead_data_pipeline to 2025-06-27 07:00:00+00:00, run_after=2025-06-28 07:00:00+00:00
[2025-06-27T21:16:45.913+0000] {processor.py:208} INFO - Processing /opt/airflow/dags/lead_data_pipeline.py took 0.492 seconds
[2025-06-27T21:17:16.511+0000] {processor.py:186} INFO - Started process (PID=1339) to work on /opt/airflow/dags/lead_data_pipeline.py
[2025-06-27T21:17:16.514+0000] {processor.py:914} INFO - Processing file /opt/airflow/dags/lead_data_pipeline.py for tasks to queue
[2025-06-27T21:17:16.519+0000] {logging_mixin.py:190} INFO - [2025-06-27T21:17:16.518+0000] {dagbag.py:588} INFO - Filling up the DagBag from /opt/airflow/dags/lead_data_pipeline.py
[2025-06-27T21:17:16.991+0000] {processor.py:925} INFO - DAG(s) 'lead_data_pipeline' retrieved from /opt/airflow/dags/lead_data_pipeline.py
[2025-06-27T21:17:17.051+0000] {logging_mixin.py:190} INFO - [2025-06-27T21:17:17.051+0000] {dag.py:3239} INFO - Sync 1 DAGs
[2025-06-27T21:17:17.114+0000] {logging_mixin.py:190} INFO - [2025-06-27T21:17:17.114+0000] {dag.py:4180} INFO - Setting next_dagrun for lead_data_pipeline to 2025-06-27 07:00:00+00:00, run_after=2025-06-28 07:00:00+00:00
[2025-06-27T21:17:17.162+0000] {processor.py:208} INFO - Processing /opt/airflow/dags/lead_data_pipeline.py took 0.671 seconds
[2025-06-27T21:17:47.383+0000] {processor.py:186} INFO - Started process (PID=1347) to work on /opt/airflow/dags/lead_data_pipeline.py
[2025-06-27T21:17:47.385+0000] {processor.py:914} INFO - Processing file /opt/airflow/dags/lead_data_pipeline.py for tasks to queue
[2025-06-27T21:17:47.388+0000] {logging_mixin.py:190} INFO - [2025-06-27T21:17:47.387+0000] {dagbag.py:588} INFO - Filling up the DagBag from /opt/airflow/dags/lead_data_pipeline.py
[2025-06-27T21:17:47.752+0000] {processor.py:925} INFO - DAG(s) 'lead_data_pipeline' retrieved from /opt/airflow/dags/lead_data_pipeline.py
[2025-06-27T21:17:47.800+0000] {logging_mixin.py:190} INFO - [2025-06-27T21:17:47.800+0000] {dag.py:3239} INFO - Sync 1 DAGs
[2025-06-27T21:17:47.845+0000] {logging_mixin.py:190} INFO - [2025-06-27T21:17:47.845+0000] {dag.py:4180} INFO - Setting next_dagrun for lead_data_pipeline to 2025-06-27 07:00:00+00:00, run_after=2025-06-28 07:00:00+00:00
[2025-06-27T21:17:47.879+0000] {processor.py:208} INFO - Processing /opt/airflow/dags/lead_data_pipeline.py took 0.510 seconds
[2025-06-27T21:18:18.149+0000] {processor.py:186} INFO - Started process (PID=1355) to work on /opt/airflow/dags/lead_data_pipeline.py
[2025-06-27T21:18:18.151+0000] {processor.py:914} INFO - Processing file /opt/airflow/dags/lead_data_pipeline.py for tasks to queue
[2025-06-27T21:18:18.157+0000] {logging_mixin.py:190} INFO - [2025-06-27T21:18:18.154+0000] {dagbag.py:588} INFO - Filling up the DagBag from /opt/airflow/dags/lead_data_pipeline.py
[2025-06-27T21:18:18.551+0000] {processor.py:925} INFO - DAG(s) 'lead_data_pipeline' retrieved from /opt/airflow/dags/lead_data_pipeline.py
[2025-06-27T21:18:18.597+0000] {logging_mixin.py:190} INFO - [2025-06-27T21:18:18.597+0000] {dag.py:3239} INFO - Sync 1 DAGs
[2025-06-27T21:18:18.653+0000] {logging_mixin.py:190} INFO - [2025-06-27T21:18:18.653+0000] {dag.py:4180} INFO - Setting next_dagrun for lead_data_pipeline to 2025-06-27 07:00:00+00:00, run_after=2025-06-28 07:00:00+00:00
[2025-06-27T21:18:18.686+0000] {processor.py:208} INFO - Processing /opt/airflow/dags/lead_data_pipeline.py took 0.548 seconds
[2025-06-27T21:18:48.953+0000] {processor.py:186} INFO - Started process (PID=1363) to work on /opt/airflow/dags/lead_data_pipeline.py
[2025-06-27T21:18:48.957+0000] {processor.py:914} INFO - Processing file /opt/airflow/dags/lead_data_pipeline.py for tasks to queue
[2025-06-27T21:18:49.002+0000] {logging_mixin.py:190} INFO - [2025-06-27T21:18:48.961+0000] {dagbag.py:588} INFO - Filling up the DagBag from /opt/airflow/dags/lead_data_pipeline.py
[2025-06-27T21:18:49.788+0000] {processor.py:925} INFO - DAG(s) 'lead_data_pipeline' retrieved from /opt/airflow/dags/lead_data_pipeline.py
[2025-06-27T21:18:49.856+0000] {logging_mixin.py:190} INFO - [2025-06-27T21:18:49.855+0000] {dag.py:3239} INFO - Sync 1 DAGs
[2025-06-27T21:18:49.920+0000] {logging_mixin.py:190} INFO - [2025-06-27T21:18:49.920+0000] {dag.py:4180} INFO - Setting next_dagrun for lead_data_pipeline to 2025-06-27 07:00:00+00:00, run_after=2025-06-28 07:00:00+00:00
[2025-06-27T21:18:49.961+0000] {processor.py:208} INFO - Processing /opt/airflow/dags/lead_data_pipeline.py took 1.022 seconds
[2025-06-27T21:19:20.371+0000] {processor.py:186} INFO - Started process (PID=1371) to work on /opt/airflow/dags/lead_data_pipeline.py
[2025-06-27T21:19:20.374+0000] {processor.py:914} INFO - Processing file /opt/airflow/dags/lead_data_pipeline.py for tasks to queue
[2025-06-27T21:19:20.382+0000] {logging_mixin.py:190} INFO - [2025-06-27T21:19:20.381+0000] {dagbag.py:588} INFO - Filling up the DagBag from /opt/airflow/dags/lead_data_pipeline.py
[2025-06-27T21:19:20.961+0000] {processor.py:925} INFO - DAG(s) 'lead_data_pipeline' retrieved from /opt/airflow/dags/lead_data_pipeline.py
[2025-06-27T21:19:21.020+0000] {logging_mixin.py:190} INFO - [2025-06-27T21:19:21.020+0000] {dag.py:3239} INFO - Sync 1 DAGs
[2025-06-27T21:19:21.077+0000] {logging_mixin.py:190} INFO - [2025-06-27T21:19:21.076+0000] {dag.py:4180} INFO - Setting next_dagrun for lead_data_pipeline to 2025-06-27 07:00:00+00:00, run_after=2025-06-28 07:00:00+00:00
[2025-06-27T21:19:21.120+0000] {processor.py:208} INFO - Processing /opt/airflow/dags/lead_data_pipeline.py took 0.765 seconds
[2025-06-27T21:19:51.482+0000] {processor.py:186} INFO - Started process (PID=1385) to work on /opt/airflow/dags/lead_data_pipeline.py
[2025-06-27T21:19:51.484+0000] {processor.py:914} INFO - Processing file /opt/airflow/dags/lead_data_pipeline.py for tasks to queue
[2025-06-27T21:19:51.487+0000] {logging_mixin.py:190} INFO - [2025-06-27T21:19:51.487+0000] {dagbag.py:588} INFO - Filling up the DagBag from /opt/airflow/dags/lead_data_pipeline.py
[2025-06-27T21:19:52.156+0000] {processor.py:925} INFO - DAG(s) 'lead_data_pipeline' retrieved from /opt/airflow/dags/lead_data_pipeline.py
[2025-06-27T21:19:52.226+0000] {logging_mixin.py:190} INFO - [2025-06-27T21:19:52.226+0000] {dag.py:3239} INFO - Sync 1 DAGs
[2025-06-27T21:19:52.272+0000] {logging_mixin.py:190} INFO - [2025-06-27T21:19:52.271+0000] {dag.py:4180} INFO - Setting next_dagrun for lead_data_pipeline to 2025-06-27 07:00:00+00:00, run_after=2025-06-28 07:00:00+00:00
[2025-06-27T21:19:52.308+0000] {processor.py:208} INFO - Processing /opt/airflow/dags/lead_data_pipeline.py took 0.839 seconds
[2025-06-27T21:20:22.870+0000] {processor.py:186} INFO - Started process (PID=1393) to work on /opt/airflow/dags/lead_data_pipeline.py
[2025-06-27T21:20:22.873+0000] {processor.py:914} INFO - Processing file /opt/airflow/dags/lead_data_pipeline.py for tasks to queue
[2025-06-27T21:20:22.877+0000] {logging_mixin.py:190} INFO - [2025-06-27T21:20:22.876+0000] {dagbag.py:588} INFO - Filling up the DagBag from /opt/airflow/dags/lead_data_pipeline.py
[2025-06-27T21:20:23.326+0000] {processor.py:925} INFO - DAG(s) 'lead_data_pipeline' retrieved from /opt/airflow/dags/lead_data_pipeline.py
[2025-06-27T21:20:23.394+0000] {logging_mixin.py:190} INFO - [2025-06-27T21:20:23.393+0000] {dag.py:3239} INFO - Sync 1 DAGs
[2025-06-27T21:20:23.465+0000] {logging_mixin.py:190} INFO - [2025-06-27T21:20:23.465+0000] {dag.py:4180} INFO - Setting next_dagrun for lead_data_pipeline to 2025-06-27 07:00:00+00:00, run_after=2025-06-28 07:00:00+00:00
[2025-06-27T21:20:23.510+0000] {processor.py:208} INFO - Processing /opt/airflow/dags/lead_data_pipeline.py took 0.654 seconds
[2025-06-27T21:20:53.957+0000] {processor.py:186} INFO - Started process (PID=1401) to work on /opt/airflow/dags/lead_data_pipeline.py
[2025-06-27T21:20:53.960+0000] {processor.py:914} INFO - Processing file /opt/airflow/dags/lead_data_pipeline.py for tasks to queue
[2025-06-27T21:20:53.964+0000] {logging_mixin.py:190} INFO - [2025-06-27T21:20:53.963+0000] {dagbag.py:588} INFO - Filling up the DagBag from /opt/airflow/dags/lead_data_pipeline.py
[2025-06-27T21:20:54.319+0000] {processor.py:925} INFO - DAG(s) 'lead_data_pipeline' retrieved from /opt/airflow/dags/lead_data_pipeline.py
[2025-06-27T21:20:54.379+0000] {logging_mixin.py:190} INFO - [2025-06-27T21:20:54.378+0000] {dag.py:3239} INFO - Sync 1 DAGs
[2025-06-27T21:20:54.435+0000] {logging_mixin.py:190} INFO - [2025-06-27T21:20:54.434+0000] {dag.py:4180} INFO - Setting next_dagrun for lead_data_pipeline to 2025-06-27 07:00:00+00:00, run_after=2025-06-28 07:00:00+00:00
[2025-06-27T21:20:54.466+0000] {processor.py:208} INFO - Processing /opt/airflow/dags/lead_data_pipeline.py took 0.523 seconds
[2025-06-27T21:21:24.954+0000] {processor.py:186} INFO - Started process (PID=1409) to work on /opt/airflow/dags/lead_data_pipeline.py
[2025-06-27T21:21:24.957+0000] {processor.py:914} INFO - Processing file /opt/airflow/dags/lead_data_pipeline.py for tasks to queue
[2025-06-27T21:21:24.987+0000] {logging_mixin.py:190} INFO - [2025-06-27T21:21:24.986+0000] {dagbag.py:588} INFO - Filling up the DagBag from /opt/airflow/dags/lead_data_pipeline.py
[2025-06-27T21:21:26.098+0000] {processor.py:925} INFO - DAG(s) 'lead_data_pipeline' retrieved from /opt/airflow/dags/lead_data_pipeline.py
[2025-06-27T21:21:26.181+0000] {logging_mixin.py:190} INFO - [2025-06-27T21:21:26.180+0000] {dag.py:3239} INFO - Sync 1 DAGs
[2025-06-27T21:21:26.275+0000] {logging_mixin.py:190} INFO - [2025-06-27T21:21:26.275+0000] {dag.py:4180} INFO - Setting next_dagrun for lead_data_pipeline to 2025-06-27 07:00:00+00:00, run_after=2025-06-28 07:00:00+00:00
[2025-06-27T21:21:26.436+0000] {processor.py:208} INFO - Processing /opt/airflow/dags/lead_data_pipeline.py took 1.528 seconds
[2025-06-27T21:21:56.850+0000] {processor.py:186} INFO - Started process (PID=1417) to work on /opt/airflow/dags/lead_data_pipeline.py
[2025-06-27T21:21:56.852+0000] {processor.py:914} INFO - Processing file /opt/airflow/dags/lead_data_pipeline.py for tasks to queue
[2025-06-27T21:21:56.857+0000] {logging_mixin.py:190} INFO - [2025-06-27T21:21:56.856+0000] {dagbag.py:588} INFO - Filling up the DagBag from /opt/airflow/dags/lead_data_pipeline.py
[2025-06-27T21:21:57.475+0000] {processor.py:925} INFO - DAG(s) 'lead_data_pipeline' retrieved from /opt/airflow/dags/lead_data_pipeline.py
[2025-06-27T21:21:57.535+0000] {logging_mixin.py:190} INFO - [2025-06-27T21:21:57.534+0000] {dag.py:3239} INFO - Sync 1 DAGs
[2025-06-27T21:21:57.593+0000] {logging_mixin.py:190} INFO - [2025-06-27T21:21:57.593+0000] {dag.py:4180} INFO - Setting next_dagrun for lead_data_pipeline to 2025-06-27 07:00:00+00:00, run_after=2025-06-28 07:00:00+00:00
[2025-06-27T21:21:57.636+0000] {processor.py:208} INFO - Processing /opt/airflow/dags/lead_data_pipeline.py took 0.811 seconds
[2025-06-27T21:22:28.052+0000] {processor.py:186} INFO - Started process (PID=1425) to work on /opt/airflow/dags/lead_data_pipeline.py
[2025-06-27T21:22:28.054+0000] {processor.py:914} INFO - Processing file /opt/airflow/dags/lead_data_pipeline.py for tasks to queue
[2025-06-27T21:22:28.056+0000] {logging_mixin.py:190} INFO - [2025-06-27T21:22:28.056+0000] {dagbag.py:588} INFO - Filling up the DagBag from /opt/airflow/dags/lead_data_pipeline.py
[2025-06-27T21:22:28.509+0000] {processor.py:925} INFO - DAG(s) 'lead_data_pipeline' retrieved from /opt/airflow/dags/lead_data_pipeline.py
[2025-06-27T21:22:28.557+0000] {logging_mixin.py:190} INFO - [2025-06-27T21:22:28.556+0000] {dag.py:3239} INFO - Sync 1 DAGs
[2025-06-27T21:22:28.601+0000] {logging_mixin.py:190} INFO - [2025-06-27T21:22:28.600+0000] {dag.py:4180} INFO - Setting next_dagrun for lead_data_pipeline to 2025-06-27 07:00:00+00:00, run_after=2025-06-28 07:00:00+00:00
[2025-06-27T21:22:28.635+0000] {processor.py:208} INFO - Processing /opt/airflow/dags/lead_data_pipeline.py took 0.596 seconds
[2025-06-27T21:22:58.888+0000] {processor.py:186} INFO - Started process (PID=1433) to work on /opt/airflow/dags/lead_data_pipeline.py
[2025-06-27T21:22:58.889+0000] {processor.py:914} INFO - Processing file /opt/airflow/dags/lead_data_pipeline.py for tasks to queue
[2025-06-27T21:22:58.893+0000] {logging_mixin.py:190} INFO - [2025-06-27T21:22:58.892+0000] {dagbag.py:588} INFO - Filling up the DagBag from /opt/airflow/dags/lead_data_pipeline.py
[2025-06-27T21:22:59.208+0000] {processor.py:925} INFO - DAG(s) 'lead_data_pipeline' retrieved from /opt/airflow/dags/lead_data_pipeline.py
[2025-06-27T21:22:59.271+0000] {logging_mixin.py:190} INFO - [2025-06-27T21:22:59.270+0000] {dag.py:3239} INFO - Sync 1 DAGs
[2025-06-27T21:22:59.357+0000] {logging_mixin.py:190} INFO - [2025-06-27T21:22:59.356+0000] {dag.py:4180} INFO - Setting next_dagrun for lead_data_pipeline to 2025-06-27 07:00:00+00:00, run_after=2025-06-28 07:00:00+00:00
[2025-06-27T21:22:59.405+0000] {processor.py:208} INFO - Processing /opt/airflow/dags/lead_data_pipeline.py took 0.533 seconds
[2025-06-27T21:23:29.505+0000] {processor.py:186} INFO - Started process (PID=1441) to work on /opt/airflow/dags/lead_data_pipeline.py
[2025-06-27T21:23:29.508+0000] {processor.py:914} INFO - Processing file /opt/airflow/dags/lead_data_pipeline.py for tasks to queue
[2025-06-27T21:23:29.513+0000] {logging_mixin.py:190} INFO - [2025-06-27T21:23:29.512+0000] {dagbag.py:588} INFO - Filling up the DagBag from /opt/airflow/dags/lead_data_pipeline.py
[2025-06-27T21:23:30.003+0000] {processor.py:925} INFO - DAG(s) 'lead_data_pipeline' retrieved from /opt/airflow/dags/lead_data_pipeline.py
[2025-06-27T21:23:30.061+0000] {logging_mixin.py:190} INFO - [2025-06-27T21:23:30.060+0000] {dag.py:3239} INFO - Sync 1 DAGs
[2025-06-27T21:23:30.124+0000] {logging_mixin.py:190} INFO - [2025-06-27T21:23:30.123+0000] {dag.py:4180} INFO - Setting next_dagrun for lead_data_pipeline to 2025-06-27 07:00:00+00:00, run_after=2025-06-28 07:00:00+00:00
[2025-06-27T21:23:30.170+0000] {processor.py:208} INFO - Processing /opt/airflow/dags/lead_data_pipeline.py took 0.681 seconds
[2025-06-27T21:24:00.258+0000] {processor.py:186} INFO - Started process (PID=1449) to work on /opt/airflow/dags/lead_data_pipeline.py
[2025-06-27T21:24:00.261+0000] {processor.py:914} INFO - Processing file /opt/airflow/dags/lead_data_pipeline.py for tasks to queue
[2025-06-27T21:24:00.266+0000] {logging_mixin.py:190} INFO - [2025-06-27T21:24:00.265+0000] {dagbag.py:588} INFO - Filling up the DagBag from /opt/airflow/dags/lead_data_pipeline.py
[2025-06-27T21:24:00.782+0000] {processor.py:925} INFO - DAG(s) 'lead_data_pipeline' retrieved from /opt/airflow/dags/lead_data_pipeline.py
[2025-06-27T21:24:00.869+0000] {logging_mixin.py:190} INFO - [2025-06-27T21:24:00.869+0000] {dag.py:3239} INFO - Sync 1 DAGs
[2025-06-27T21:24:00.959+0000] {logging_mixin.py:190} INFO - [2025-06-27T21:24:00.958+0000] {dag.py:4180} INFO - Setting next_dagrun for lead_data_pipeline to 2025-06-27 07:00:00+00:00, run_after=2025-06-28 07:00:00+00:00
[2025-06-27T21:24:01.023+0000] {processor.py:208} INFO - Processing /opt/airflow/dags/lead_data_pipeline.py took 0.782 seconds
[2025-06-27T21:24:31.472+0000] {processor.py:186} INFO - Started process (PID=1457) to work on /opt/airflow/dags/lead_data_pipeline.py
[2025-06-27T21:24:31.475+0000] {processor.py:914} INFO - Processing file /opt/airflow/dags/lead_data_pipeline.py for tasks to queue
[2025-06-27T21:24:31.478+0000] {logging_mixin.py:190} INFO - [2025-06-27T21:24:31.477+0000] {dagbag.py:588} INFO - Filling up the DagBag from /opt/airflow/dags/lead_data_pipeline.py
[2025-06-27T21:24:31.791+0000] {processor.py:925} INFO - DAG(s) 'lead_data_pipeline' retrieved from /opt/airflow/dags/lead_data_pipeline.py
[2025-06-27T21:24:31.870+0000] {logging_mixin.py:190} INFO - [2025-06-27T21:24:31.869+0000] {dag.py:3239} INFO - Sync 1 DAGs
[2025-06-27T21:24:31.915+0000] {logging_mixin.py:190} INFO - [2025-06-27T21:24:31.914+0000] {dag.py:4180} INFO - Setting next_dagrun for lead_data_pipeline to 2025-06-27 07:00:00+00:00, run_after=2025-06-28 07:00:00+00:00
[2025-06-27T21:24:31.946+0000] {processor.py:208} INFO - Processing /opt/airflow/dags/lead_data_pipeline.py took 0.485 seconds
[2025-06-27T21:25:02.364+0000] {processor.py:186} INFO - Started process (PID=1465) to work on /opt/airflow/dags/lead_data_pipeline.py
[2025-06-27T21:25:02.367+0000] {processor.py:914} INFO - Processing file /opt/airflow/dags/lead_data_pipeline.py for tasks to queue
[2025-06-27T21:25:02.372+0000] {logging_mixin.py:190} INFO - [2025-06-27T21:25:02.371+0000] {dagbag.py:588} INFO - Filling up the DagBag from /opt/airflow/dags/lead_data_pipeline.py
[2025-06-27T21:25:02.775+0000] {processor.py:925} INFO - DAG(s) 'lead_data_pipeline' retrieved from /opt/airflow/dags/lead_data_pipeline.py
[2025-06-27T21:25:02.837+0000] {logging_mixin.py:190} INFO - [2025-06-27T21:25:02.836+0000] {dag.py:3239} INFO - Sync 1 DAGs
[2025-06-27T21:25:02.887+0000] {logging_mixin.py:190} INFO - [2025-06-27T21:25:02.887+0000] {dag.py:4180} INFO - Setting next_dagrun for lead_data_pipeline to 2025-06-27 07:00:00+00:00, run_after=2025-06-28 07:00:00+00:00
[2025-06-27T21:25:02.946+0000] {processor.py:208} INFO - Processing /opt/airflow/dags/lead_data_pipeline.py took 0.600 seconds
[2025-06-27T21:25:12.406+0000] {processor.py:186} INFO - Started process (PID=1467) to work on /opt/airflow/dags/lead_data_pipeline.py
[2025-06-27T21:25:12.411+0000] {processor.py:914} INFO - Processing file /opt/airflow/dags/lead_data_pipeline.py for tasks to queue
[2025-06-27T21:25:12.420+0000] {logging_mixin.py:190} INFO - [2025-06-27T21:25:12.418+0000] {dagbag.py:588} INFO - Filling up the DagBag from /opt/airflow/dags/lead_data_pipeline.py
[2025-06-27T21:25:13.254+0000] {processor.py:925} INFO - DAG(s) 'lead_data_pipeline' retrieved from /opt/airflow/dags/lead_data_pipeline.py
[2025-06-27T21:25:13.978+0000] {logging_mixin.py:190} INFO - [2025-06-27T21:25:13.977+0000] {dag.py:3239} INFO - Sync 1 DAGs
[2025-06-27T21:25:14.086+0000] {logging_mixin.py:190} INFO - [2025-06-27T21:25:14.084+0000] {dag.py:4180} INFO - Setting next_dagrun for lead_data_pipeline to 2025-06-27 07:00:00+00:00, run_after=2025-06-28 07:00:00+00:00
[2025-06-27T21:25:14.155+0000] {processor.py:208} INFO - Processing /opt/airflow/dags/lead_data_pipeline.py took 1.768 seconds
[2025-06-27T21:25:45.010+0000] {processor.py:186} INFO - Started process (PID=1475) to work on /opt/airflow/dags/lead_data_pipeline.py
[2025-06-27T21:25:45.015+0000] {processor.py:914} INFO - Processing file /opt/airflow/dags/lead_data_pipeline.py for tasks to queue
[2025-06-27T21:25:45.018+0000] {logging_mixin.py:190} INFO - [2025-06-27T21:25:45.017+0000] {dagbag.py:588} INFO - Filling up the DagBag from /opt/airflow/dags/lead_data_pipeline.py
[2025-06-27T21:25:45.637+0000] {processor.py:925} INFO - DAG(s) 'lead_data_pipeline' retrieved from /opt/airflow/dags/lead_data_pipeline.py
[2025-06-27T21:25:45.701+0000] {logging_mixin.py:190} INFO - [2025-06-27T21:25:45.700+0000] {dag.py:3239} INFO - Sync 1 DAGs
[2025-06-27T21:25:45.842+0000] {logging_mixin.py:190} INFO - [2025-06-27T21:25:45.841+0000] {dag.py:4180} INFO - Setting next_dagrun for lead_data_pipeline to 2025-06-27 07:00:00+00:00, run_after=2025-06-28 07:00:00+00:00
[2025-06-27T21:25:45.905+0000] {processor.py:208} INFO - Processing /opt/airflow/dags/lead_data_pipeline.py took 0.995 seconds
[2025-06-27T21:26:16.494+0000] {processor.py:186} INFO - Started process (PID=1487) to work on /opt/airflow/dags/lead_data_pipeline.py
[2025-06-27T21:26:16.498+0000] {processor.py:914} INFO - Processing file /opt/airflow/dags/lead_data_pipeline.py for tasks to queue
[2025-06-27T21:26:16.506+0000] {logging_mixin.py:190} INFO - [2025-06-27T21:26:16.503+0000] {dagbag.py:588} INFO - Filling up the DagBag from /opt/airflow/dags/lead_data_pipeline.py
[2025-06-27T21:26:17.366+0000] {processor.py:925} INFO - DAG(s) 'lead_data_pipeline' retrieved from /opt/airflow/dags/lead_data_pipeline.py
[2025-06-27T21:26:17.469+0000] {logging_mixin.py:190} INFO - [2025-06-27T21:26:17.468+0000] {dag.py:3239} INFO - Sync 1 DAGs
[2025-06-27T21:26:17.588+0000] {logging_mixin.py:190} INFO - [2025-06-27T21:26:17.587+0000] {dag.py:4180} INFO - Setting next_dagrun for lead_data_pipeline to 2025-06-27 07:00:00+00:00, run_after=2025-06-28 07:00:00+00:00
[2025-06-27T21:26:17.640+0000] {processor.py:208} INFO - Processing /opt/airflow/dags/lead_data_pipeline.py took 1.163 seconds
[2025-06-27T21:26:48.283+0000] {processor.py:186} INFO - Started process (PID=1495) to work on /opt/airflow/dags/lead_data_pipeline.py
[2025-06-27T21:26:48.285+0000] {processor.py:914} INFO - Processing file /opt/airflow/dags/lead_data_pipeline.py for tasks to queue
[2025-06-27T21:26:48.292+0000] {logging_mixin.py:190} INFO - [2025-06-27T21:26:48.290+0000] {dagbag.py:588} INFO - Filling up the DagBag from /opt/airflow/dags/lead_data_pipeline.py
[2025-06-27T21:26:48.692+0000] {processor.py:925} INFO - DAG(s) 'lead_data_pipeline' retrieved from /opt/airflow/dags/lead_data_pipeline.py
[2025-06-27T21:26:48.754+0000] {logging_mixin.py:190} INFO - [2025-06-27T21:26:48.753+0000] {dag.py:3239} INFO - Sync 1 DAGs
[2025-06-27T21:26:48.796+0000] {logging_mixin.py:190} INFO - [2025-06-27T21:26:48.796+0000] {dag.py:4180} INFO - Setting next_dagrun for lead_data_pipeline to 2025-06-27 07:00:00+00:00, run_after=2025-06-28 07:00:00+00:00
[2025-06-27T21:26:48.828+0000] {processor.py:208} INFO - Processing /opt/airflow/dags/lead_data_pipeline.py took 0.567 seconds
[2025-06-27T21:27:19.070+0000] {processor.py:186} INFO - Started process (PID=1503) to work on /opt/airflow/dags/lead_data_pipeline.py
[2025-06-27T21:27:19.074+0000] {processor.py:914} INFO - Processing file /opt/airflow/dags/lead_data_pipeline.py for tasks to queue
[2025-06-27T21:27:19.078+0000] {logging_mixin.py:190} INFO - [2025-06-27T21:27:19.077+0000] {dagbag.py:588} INFO - Filling up the DagBag from /opt/airflow/dags/lead_data_pipeline.py
[2025-06-27T21:27:19.428+0000] {processor.py:925} INFO - DAG(s) 'lead_data_pipeline' retrieved from /opt/airflow/dags/lead_data_pipeline.py
[2025-06-27T21:27:19.472+0000] {logging_mixin.py:190} INFO - [2025-06-27T21:27:19.472+0000] {dag.py:3239} INFO - Sync 1 DAGs
[2025-06-27T21:27:19.519+0000] {logging_mixin.py:190} INFO - [2025-06-27T21:27:19.518+0000] {dag.py:4180} INFO - Setting next_dagrun for lead_data_pipeline to 2025-06-27 07:00:00+00:00, run_after=2025-06-28 07:00:00+00:00
[2025-06-27T21:27:19.559+0000] {processor.py:208} INFO - Processing /opt/airflow/dags/lead_data_pipeline.py took 0.500 seconds
[2025-06-27T21:27:49.949+0000] {processor.py:186} INFO - Started process (PID=1511) to work on /opt/airflow/dags/lead_data_pipeline.py
[2025-06-27T21:27:49.951+0000] {processor.py:914} INFO - Processing file /opt/airflow/dags/lead_data_pipeline.py for tasks to queue
[2025-06-27T21:27:49.955+0000] {logging_mixin.py:190} INFO - [2025-06-27T21:27:49.954+0000] {dagbag.py:588} INFO - Filling up the DagBag from /opt/airflow/dags/lead_data_pipeline.py
[2025-06-27T21:27:50.295+0000] {processor.py:925} INFO - DAG(s) 'lead_data_pipeline' retrieved from /opt/airflow/dags/lead_data_pipeline.py
[2025-06-27T21:27:50.362+0000] {logging_mixin.py:190} INFO - [2025-06-27T21:27:50.361+0000] {dag.py:3239} INFO - Sync 1 DAGs
[2025-06-27T21:27:50.427+0000] {logging_mixin.py:190} INFO - [2025-06-27T21:27:50.427+0000] {dag.py:4180} INFO - Setting next_dagrun for lead_data_pipeline to 2025-06-27 07:00:00+00:00, run_after=2025-06-28 07:00:00+00:00
[2025-06-27T21:27:50.471+0000] {processor.py:208} INFO - Processing /opt/airflow/dags/lead_data_pipeline.py took 0.535 seconds
[2025-06-27T21:28:20.900+0000] {processor.py:186} INFO - Started process (PID=1518) to work on /opt/airflow/dags/lead_data_pipeline.py
[2025-06-27T21:28:20.903+0000] {processor.py:914} INFO - Processing file /opt/airflow/dags/lead_data_pipeline.py for tasks to queue
[2025-06-27T21:28:20.908+0000] {logging_mixin.py:190} INFO - [2025-06-27T21:28:20.907+0000] {dagbag.py:588} INFO - Filling up the DagBag from /opt/airflow/dags/lead_data_pipeline.py
[2025-06-27T21:28:21.296+0000] {processor.py:925} INFO - DAG(s) 'lead_data_pipeline' retrieved from /opt/airflow/dags/lead_data_pipeline.py
[2025-06-27T21:28:21.482+0000] {logging_mixin.py:190} INFO - [2025-06-27T21:28:21.481+0000] {dag.py:3239} INFO - Sync 1 DAGs
[2025-06-27T21:28:21.593+0000] {logging_mixin.py:190} INFO - [2025-06-27T21:28:21.593+0000] {dag.py:4180} INFO - Setting next_dagrun for lead_data_pipeline to 2025-06-27 07:00:00+00:00, run_after=2025-06-28 07:00:00+00:00
[2025-06-27T21:28:21.646+0000] {processor.py:208} INFO - Processing /opt/airflow/dags/lead_data_pipeline.py took 0.759 seconds
[2025-06-27T21:28:33.578+0000] {processor.py:186} INFO - Started process (PID=1526) to work on /opt/airflow/dags/lead_data_pipeline.py
[2025-06-27T21:28:33.583+0000] {processor.py:914} INFO - Processing file /opt/airflow/dags/lead_data_pipeline.py for tasks to queue
[2025-06-27T21:28:33.588+0000] {logging_mixin.py:190} INFO - [2025-06-27T21:28:33.587+0000] {dagbag.py:588} INFO - Filling up the DagBag from /opt/airflow/dags/lead_data_pipeline.py
[2025-06-27T21:28:34.247+0000] {processor.py:925} INFO - DAG(s) 'lead_data_pipeline' retrieved from /opt/airflow/dags/lead_data_pipeline.py
[2025-06-27T21:28:35.101+0000] {logging_mixin.py:190} INFO - [2025-06-27T21:28:35.101+0000] {dag.py:3239} INFO - Sync 1 DAGs
[2025-06-27T21:28:35.210+0000] {logging_mixin.py:190} INFO - [2025-06-27T21:28:35.209+0000] {dag.py:4180} INFO - Setting next_dagrun for lead_data_pipeline to 2025-06-27 07:59:00+00:00, run_after=2025-06-28 07:00:00+00:00
[2025-06-27T21:28:35.254+0000] {processor.py:208} INFO - Processing /opt/airflow/dags/lead_data_pipeline.py took 1.698 seconds
[2025-06-27T21:29:05.962+0000] {processor.py:186} INFO - Started process (PID=1539) to work on /opt/airflow/dags/lead_data_pipeline.py
[2025-06-27T21:29:05.964+0000] {processor.py:914} INFO - Processing file /opt/airflow/dags/lead_data_pipeline.py for tasks to queue
[2025-06-27T21:29:05.968+0000] {logging_mixin.py:190} INFO - [2025-06-27T21:29:05.967+0000] {dagbag.py:588} INFO - Filling up the DagBag from /opt/airflow/dags/lead_data_pipeline.py
[2025-06-27T21:29:06.369+0000] {processor.py:925} INFO - DAG(s) 'lead_data_pipeline' retrieved from /opt/airflow/dags/lead_data_pipeline.py
[2025-06-27T21:29:06.489+0000] {logging_mixin.py:190} INFO - [2025-06-27T21:29:06.489+0000] {dag.py:3239} INFO - Sync 1 DAGs
[2025-06-27T21:29:06.591+0000] {logging_mixin.py:190} INFO - [2025-06-27T21:29:06.591+0000] {dag.py:4180} INFO - Setting next_dagrun for lead_data_pipeline to 2025-06-27 07:59:00+00:00, run_after=2025-06-28 07:00:00+00:00
[2025-06-27T21:29:06.652+0000] {processor.py:208} INFO - Processing /opt/airflow/dags/lead_data_pipeline.py took 0.705 seconds
[2025-06-27T21:29:17.975+0000] {processor.py:186} INFO - Started process (PID=1541) to work on /opt/airflow/dags/lead_data_pipeline.py
[2025-06-27T21:29:17.978+0000] {processor.py:914} INFO - Processing file /opt/airflow/dags/lead_data_pipeline.py for tasks to queue
[2025-06-27T21:29:17.992+0000] {logging_mixin.py:190} INFO - [2025-06-27T21:29:17.991+0000] {dagbag.py:588} INFO - Filling up the DagBag from /opt/airflow/dags/lead_data_pipeline.py
[2025-06-27T21:29:19.379+0000] {processor.py:925} INFO - DAG(s) 'lead_data_pipeline' retrieved from /opt/airflow/dags/lead_data_pipeline.py
[2025-06-27T21:29:19.788+0000] {logging_mixin.py:190} INFO - [2025-06-27T21:29:19.787+0000] {dag.py:3239} INFO - Sync 1 DAGs
[2025-06-27T21:29:19.819+0000] {logging_mixin.py:190} INFO - [2025-06-27T21:29:19.818+0000] {dag.py:3262} INFO - Creating ORM DAG for lead_data_pipeline
[2025-06-27T21:29:19.849+0000] {logging_mixin.py:190} INFO - [2025-06-27T21:29:19.848+0000] {dag.py:4180} INFO - Setting next_dagrun for lead_data_pipeline to 2025-06-27 07:58:00+00:00, run_after=2025-06-27 07:59:00+00:00
[2025-06-27T21:29:19.902+0000] {processor.py:208} INFO - Processing /opt/airflow/dags/lead_data_pipeline.py took 1.987 seconds
[2025-06-27T21:29:50.186+0000] {processor.py:186} INFO - Started process (PID=1557) to work on /opt/airflow/dags/lead_data_pipeline.py
[2025-06-27T21:29:50.189+0000] {processor.py:914} INFO - Processing file /opt/airflow/dags/lead_data_pipeline.py for tasks to queue
[2025-06-27T21:29:50.192+0000] {logging_mixin.py:190} INFO - [2025-06-27T21:29:50.191+0000] {dagbag.py:588} INFO - Filling up the DagBag from /opt/airflow/dags/lead_data_pipeline.py
[2025-06-27T21:29:50.704+0000] {processor.py:925} INFO - DAG(s) 'lead_data_pipeline' retrieved from /opt/airflow/dags/lead_data_pipeline.py
[2025-06-27T21:29:50.765+0000] {logging_mixin.py:190} INFO - [2025-06-27T21:29:50.764+0000] {dag.py:3239} INFO - Sync 1 DAGs
[2025-06-27T21:29:50.851+0000] {logging_mixin.py:190} INFO - [2025-06-27T21:29:50.850+0000] {dag.py:4180} INFO - Setting next_dagrun for lead_data_pipeline to 2025-06-27 07:59:00+00:00, run_after=2025-06-28 07:00:00+00:00
[2025-06-27T21:29:50.913+0000] {processor.py:208} INFO - Processing /opt/airflow/dags/lead_data_pipeline.py took 0.742 seconds
[2025-06-27T21:30:21.255+0000] {processor.py:186} INFO - Started process (PID=1564) to work on /opt/airflow/dags/lead_data_pipeline.py
[2025-06-27T21:30:21.259+0000] {processor.py:914} INFO - Processing file /opt/airflow/dags/lead_data_pipeline.py for tasks to queue
[2025-06-27T21:30:21.263+0000] {logging_mixin.py:190} INFO - [2025-06-27T21:30:21.262+0000] {dagbag.py:588} INFO - Filling up the DagBag from /opt/airflow/dags/lead_data_pipeline.py
[2025-06-27T21:30:21.883+0000] {processor.py:925} INFO - DAG(s) 'lead_data_pipeline' retrieved from /opt/airflow/dags/lead_data_pipeline.py
[2025-06-27T21:30:21.974+0000] {logging_mixin.py:190} INFO - [2025-06-27T21:30:21.973+0000] {dag.py:3239} INFO - Sync 1 DAGs
[2025-06-27T21:30:22.047+0000] {logging_mixin.py:190} INFO - [2025-06-27T21:30:22.047+0000] {dag.py:4180} INFO - Setting next_dagrun for lead_data_pipeline to 2025-06-27 07:59:00+00:00, run_after=2025-06-28 07:00:00+00:00
[2025-06-27T21:30:22.094+0000] {processor.py:208} INFO - Processing /opt/airflow/dags/lead_data_pipeline.py took 0.866 seconds
[2025-06-27T21:30:52.556+0000] {processor.py:186} INFO - Started process (PID=1571) to work on /opt/airflow/dags/lead_data_pipeline.py
[2025-06-27T21:30:52.561+0000] {processor.py:914} INFO - Processing file /opt/airflow/dags/lead_data_pipeline.py for tasks to queue
[2025-06-27T21:30:52.566+0000] {logging_mixin.py:190} INFO - [2025-06-27T21:30:52.565+0000] {dagbag.py:588} INFO - Filling up the DagBag from /opt/airflow/dags/lead_data_pipeline.py
[2025-06-27T21:30:53.409+0000] {processor.py:925} INFO - DAG(s) 'lead_data_pipeline' retrieved from /opt/airflow/dags/lead_data_pipeline.py
[2025-06-27T21:30:53.490+0000] {logging_mixin.py:190} INFO - [2025-06-27T21:30:53.489+0000] {dag.py:3239} INFO - Sync 1 DAGs
[2025-06-27T21:30:53.791+0000] {logging_mixin.py:190} INFO - [2025-06-27T21:30:53.789+0000] {dag.py:4180} INFO - Setting next_dagrun for lead_data_pipeline to 2025-06-27 07:59:00+00:00, run_after=2025-06-28 07:00:00+00:00
[2025-06-27T21:30:53.898+0000] {processor.py:208} INFO - Processing /opt/airflow/dags/lead_data_pipeline.py took 1.369 seconds
[2025-06-27T21:31:14.786+0000] {processor.py:186} INFO - Started process (PID=1579) to work on /opt/airflow/dags/lead_data_pipeline.py
[2025-06-27T21:31:14.789+0000] {processor.py:914} INFO - Processing file /opt/airflow/dags/lead_data_pipeline.py for tasks to queue
[2025-06-27T21:31:14.794+0000] {logging_mixin.py:190} INFO - [2025-06-27T21:31:14.793+0000] {dagbag.py:588} INFO - Filling up the DagBag from /opt/airflow/dags/lead_data_pipeline.py
[2025-06-27T21:31:15.782+0000] {processor.py:925} INFO - DAG(s) 'lead_data_pipeline' retrieved from /opt/airflow/dags/lead_data_pipeline.py
[2025-06-27T21:31:16.597+0000] {logging_mixin.py:190} INFO - [2025-06-27T21:31:16.596+0000] {dag.py:3239} INFO - Sync 1 DAGs
[2025-06-27T21:31:16.691+0000] {logging_mixin.py:190} INFO - [2025-06-27T21:31:16.690+0000] {dag.py:4180} INFO - Setting next_dagrun for lead_data_pipeline to 2025-06-27 07:00:00+00:00, run_after=2025-06-28 07:00:00+00:00
[2025-06-27T21:31:16.792+0000] {processor.py:208} INFO - Processing /opt/airflow/dags/lead_data_pipeline.py took 2.034 seconds
[2025-06-27T21:31:26.071+0000] {processor.py:186} INFO - Started process (PID=1587) to work on /opt/airflow/dags/lead_data_pipeline.py
[2025-06-27T21:31:26.074+0000] {processor.py:914} INFO - Processing file /opt/airflow/dags/lead_data_pipeline.py for tasks to queue
[2025-06-27T21:31:26.079+0000] {logging_mixin.py:190} INFO - [2025-06-27T21:31:26.077+0000] {dagbag.py:588} INFO - Filling up the DagBag from /opt/airflow/dags/lead_data_pipeline.py
[2025-06-27T21:31:26.899+0000] {processor.py:925} INFO - DAG(s) 'lead_data_pipeline' retrieved from /opt/airflow/dags/lead_data_pipeline.py
[2025-06-27T21:31:26.937+0000] {logging_mixin.py:190} INFO - [2025-06-27T21:31:26.936+0000] {dag.py:3239} INFO - Sync 1 DAGs
[2025-06-27T21:31:27.048+0000] {logging_mixin.py:190} INFO - [2025-06-27T21:31:27.047+0000] {dag.py:4180} INFO - Setting next_dagrun for lead_data_pipeline to 2025-06-27 07:00:00+00:00, run_after=2025-06-28 07:00:00+00:00
[2025-06-27T21:31:27.145+0000] {processor.py:208} INFO - Processing /opt/airflow/dags/lead_data_pipeline.py took 1.100 seconds
[2025-06-27T21:31:57.783+0000] {processor.py:186} INFO - Started process (PID=1599) to work on /opt/airflow/dags/lead_data_pipeline.py
[2025-06-27T21:31:57.789+0000] {processor.py:914} INFO - Processing file /opt/airflow/dags/lead_data_pipeline.py for tasks to queue
[2025-06-27T21:31:57.797+0000] {logging_mixin.py:190} INFO - [2025-06-27T21:31:57.796+0000] {dagbag.py:588} INFO - Filling up the DagBag from /opt/airflow/dags/lead_data_pipeline.py
[2025-06-27T21:31:58.211+0000] {processor.py:925} INFO - DAG(s) 'lead_data_pipeline' retrieved from /opt/airflow/dags/lead_data_pipeline.py
[2025-06-27T21:31:58.275+0000] {logging_mixin.py:190} INFO - [2025-06-27T21:31:58.274+0000] {dag.py:3239} INFO - Sync 1 DAGs
[2025-06-27T21:31:58.335+0000] {logging_mixin.py:190} INFO - [2025-06-27T21:31:58.334+0000] {dag.py:4180} INFO - Setting next_dagrun for lead_data_pipeline to 2025-06-27 07:00:00+00:00, run_after=2025-06-28 07:00:00+00:00
[2025-06-27T21:31:58.382+0000] {processor.py:208} INFO - Processing /opt/airflow/dags/lead_data_pipeline.py took 0.616 seconds
[2025-06-27T21:32:28.560+0000] {processor.py:186} INFO - Started process (PID=1607) to work on /opt/airflow/dags/lead_data_pipeline.py
[2025-06-27T21:32:28.562+0000] {processor.py:914} INFO - Processing file /opt/airflow/dags/lead_data_pipeline.py for tasks to queue
[2025-06-27T21:32:28.568+0000] {logging_mixin.py:190} INFO - [2025-06-27T21:32:28.567+0000] {dagbag.py:588} INFO - Filling up the DagBag from /opt/airflow/dags/lead_data_pipeline.py
[2025-06-27T21:32:28.911+0000] {processor.py:925} INFO - DAG(s) 'lead_data_pipeline' retrieved from /opt/airflow/dags/lead_data_pipeline.py
[2025-06-27T21:32:28.977+0000] {logging_mixin.py:190} INFO - [2025-06-27T21:32:28.977+0000] {dag.py:3239} INFO - Sync 1 DAGs
[2025-06-27T21:32:29.027+0000] {logging_mixin.py:190} INFO - [2025-06-27T21:32:29.026+0000] {dag.py:4180} INFO - Setting next_dagrun for lead_data_pipeline to 2025-06-27 07:00:00+00:00, run_after=2025-06-28 07:00:00+00:00
[2025-06-27T21:32:29.062+0000] {processor.py:208} INFO - Processing /opt/airflow/dags/lead_data_pipeline.py took 0.526 seconds
[2025-06-27T21:33:00.191+0000] {processor.py:186} INFO - Started process (PID=1615) to work on /opt/airflow/dags/lead_data_pipeline.py
[2025-06-27T21:33:00.206+0000] {processor.py:914} INFO - Processing file /opt/airflow/dags/lead_data_pipeline.py for tasks to queue
[2025-06-27T21:33:00.211+0000] {logging_mixin.py:190} INFO - [2025-06-27T21:33:00.210+0000] {dagbag.py:588} INFO - Filling up the DagBag from /opt/airflow/dags/lead_data_pipeline.py
[2025-06-27T21:33:00.797+0000] {processor.py:925} INFO - DAG(s) 'lead_data_pipeline' retrieved from /opt/airflow/dags/lead_data_pipeline.py
[2025-06-27T21:33:00.894+0000] {logging_mixin.py:190} INFO - [2025-06-27T21:33:00.893+0000] {dag.py:3239} INFO - Sync 1 DAGs
[2025-06-27T21:33:01.001+0000] {logging_mixin.py:190} INFO - [2025-06-27T21:33:01.001+0000] {dag.py:4180} INFO - Setting next_dagrun for lead_data_pipeline to 2025-06-27 07:00:00+00:00, run_after=2025-06-28 07:00:00+00:00
[2025-06-27T21:33:01.072+0000] {processor.py:208} INFO - Processing /opt/airflow/dags/lead_data_pipeline.py took 0.950 seconds
[2025-06-27T21:33:31.420+0000] {processor.py:186} INFO - Started process (PID=1623) to work on /opt/airflow/dags/lead_data_pipeline.py
[2025-06-27T21:33:31.423+0000] {processor.py:914} INFO - Processing file /opt/airflow/dags/lead_data_pipeline.py for tasks to queue
[2025-06-27T21:33:31.429+0000] {logging_mixin.py:190} INFO - [2025-06-27T21:33:31.428+0000] {dagbag.py:588} INFO - Filling up the DagBag from /opt/airflow/dags/lead_data_pipeline.py
[2025-06-27T21:33:31.942+0000] {processor.py:925} INFO - DAG(s) 'lead_data_pipeline' retrieved from /opt/airflow/dags/lead_data_pipeline.py
[2025-06-27T21:33:32.017+0000] {logging_mixin.py:190} INFO - [2025-06-27T21:33:32.017+0000] {dag.py:3239} INFO - Sync 1 DAGs
[2025-06-27T21:33:32.142+0000] {logging_mixin.py:190} INFO - [2025-06-27T21:33:32.142+0000] {dag.py:4180} INFO - Setting next_dagrun for lead_data_pipeline to 2025-06-27 07:00:00+00:00, run_after=2025-06-28 07:00:00+00:00
[2025-06-27T21:33:32.251+0000] {processor.py:208} INFO - Processing /opt/airflow/dags/lead_data_pipeline.py took 0.848 seconds
[2025-06-27T21:34:03.176+0000] {processor.py:186} INFO - Started process (PID=1631) to work on /opt/airflow/dags/lead_data_pipeline.py
[2025-06-27T21:34:03.180+0000] {processor.py:914} INFO - Processing file /opt/airflow/dags/lead_data_pipeline.py for tasks to queue
[2025-06-27T21:34:03.185+0000] {logging_mixin.py:190} INFO - [2025-06-27T21:34:03.184+0000] {dagbag.py:588} INFO - Filling up the DagBag from /opt/airflow/dags/lead_data_pipeline.py
[2025-06-27T21:34:03.578+0000] {processor.py:925} INFO - DAG(s) 'lead_data_pipeline' retrieved from /opt/airflow/dags/lead_data_pipeline.py
[2025-06-27T21:34:03.641+0000] {logging_mixin.py:190} INFO - [2025-06-27T21:34:03.641+0000] {dag.py:3239} INFO - Sync 1 DAGs
[2025-06-27T21:34:03.715+0000] {logging_mixin.py:190} INFO - [2025-06-27T21:34:03.715+0000] {dag.py:4180} INFO - Setting next_dagrun for lead_data_pipeline to 2025-06-27 07:00:00+00:00, run_after=2025-06-28 07:00:00+00:00
[2025-06-27T21:34:03.751+0000] {processor.py:208} INFO - Processing /opt/airflow/dags/lead_data_pipeline.py took 0.592 seconds
[2025-06-27T21:34:33.993+0000] {processor.py:186} INFO - Started process (PID=1639) to work on /opt/airflow/dags/lead_data_pipeline.py
[2025-06-27T21:34:33.999+0000] {processor.py:914} INFO - Processing file /opt/airflow/dags/lead_data_pipeline.py for tasks to queue
[2025-06-27T21:34:34.004+0000] {logging_mixin.py:190} INFO - [2025-06-27T21:34:34.003+0000] {dagbag.py:588} INFO - Filling up the DagBag from /opt/airflow/dags/lead_data_pipeline.py
[2025-06-27T21:34:35.598+0000] {processor.py:925} INFO - DAG(s) 'lead_data_pipeline' retrieved from /opt/airflow/dags/lead_data_pipeline.py
[2025-06-27T21:34:35.664+0000] {logging_mixin.py:190} INFO - [2025-06-27T21:34:35.663+0000] {dag.py:3239} INFO - Sync 1 DAGs
[2025-06-27T21:34:35.745+0000] {logging_mixin.py:190} INFO - [2025-06-27T21:34:35.744+0000] {dag.py:4180} INFO - Setting next_dagrun for lead_data_pipeline to 2025-06-27 07:00:00+00:00, run_after=2025-06-28 07:00:00+00:00
[2025-06-27T21:34:35.796+0000] {processor.py:208} INFO - Processing /opt/airflow/dags/lead_data_pipeline.py took 1.829 seconds
[2025-06-27T21:34:42.189+0000] {processor.py:186} INFO - Started process (PID=1641) to work on /opt/airflow/dags/lead_data_pipeline.py
[2025-06-27T21:34:42.192+0000] {processor.py:914} INFO - Processing file /opt/airflow/dags/lead_data_pipeline.py for tasks to queue
[2025-06-27T21:34:42.196+0000] {logging_mixin.py:190} INFO - [2025-06-27T21:34:42.195+0000] {dagbag.py:588} INFO - Filling up the DagBag from /opt/airflow/dags/lead_data_pipeline.py
[2025-06-27T21:34:46.178+0000] {processor.py:925} INFO - DAG(s) 'lead_data_pipeline' retrieved from /opt/airflow/dags/lead_data_pipeline.py
[2025-06-27T21:34:47.665+0000] {logging_mixin.py:190} INFO - [2025-06-27T21:34:47.654+0000] {dag.py:3239} INFO - Sync 1 DAGs
[2025-06-27T21:34:48.096+0000] {logging_mixin.py:190} INFO - [2025-06-27T21:34:48.074+0000] {dag.py:4180} INFO - Setting next_dagrun for lead_data_pipeline to 2025-06-27 07:00:00+00:00, run_after=2025-06-28 07:00:00+00:00
[2025-06-27T21:34:48.315+0000] {processor.py:208} INFO - Processing /opt/airflow/dags/lead_data_pipeline.py took 6.309 seconds
[2025-06-27T21:35:18.998+0000] {processor.py:186} INFO - Started process (PID=1649) to work on /opt/airflow/dags/lead_data_pipeline.py
[2025-06-27T21:35:19.048+0000] {processor.py:914} INFO - Processing file /opt/airflow/dags/lead_data_pipeline.py for tasks to queue
[2025-06-27T21:35:19.079+0000] {logging_mixin.py:190} INFO - [2025-06-27T21:35:19.055+0000] {dagbag.py:588} INFO - Filling up the DagBag from /opt/airflow/dags/lead_data_pipeline.py
[2025-06-27T21:35:20.390+0000] {processor.py:925} INFO - DAG(s) 'lead_data_pipeline' retrieved from /opt/airflow/dags/lead_data_pipeline.py
[2025-06-27T21:35:20.566+0000] {logging_mixin.py:190} INFO - [2025-06-27T21:35:20.565+0000] {dag.py:3239} INFO - Sync 1 DAGs
[2025-06-27T21:35:20.713+0000] {logging_mixin.py:190} INFO - [2025-06-27T21:35:20.712+0000] {dag.py:4180} INFO - Setting next_dagrun for lead_data_pipeline to 2025-06-27 07:00:00+00:00, run_after=2025-06-28 07:00:00+00:00
[2025-06-27T21:35:20.786+0000] {processor.py:208} INFO - Processing /opt/airflow/dags/lead_data_pipeline.py took 1.836 seconds
[2025-06-27T21:35:51.045+0000] {processor.py:186} INFO - Started process (PID=1657) to work on /opt/airflow/dags/lead_data_pipeline.py
[2025-06-27T21:35:51.053+0000] {processor.py:914} INFO - Processing file /opt/airflow/dags/lead_data_pipeline.py for tasks to queue
[2025-06-27T21:35:51.070+0000] {logging_mixin.py:190} INFO - [2025-06-27T21:35:51.063+0000] {dagbag.py:588} INFO - Filling up the DagBag from /opt/airflow/dags/lead_data_pipeline.py
[2025-06-27T21:35:52.506+0000] {processor.py:925} INFO - DAG(s) 'lead_data_pipeline' retrieved from /opt/airflow/dags/lead_data_pipeline.py
[2025-06-27T21:35:52.636+0000] {logging_mixin.py:190} INFO - [2025-06-27T21:35:52.636+0000] {dag.py:3239} INFO - Sync 1 DAGs
[2025-06-27T21:35:52.786+0000] {logging_mixin.py:190} INFO - [2025-06-27T21:35:52.769+0000] {dag.py:4180} INFO - Setting next_dagrun for lead_data_pipeline to 2025-06-27 07:00:00+00:00, run_after=2025-06-28 07:00:00+00:00
[2025-06-27T21:35:52.940+0000] {processor.py:208} INFO - Processing /opt/airflow/dags/lead_data_pipeline.py took 2.023 seconds
[2025-06-27T21:36:01.364+0000] {processor.py:186} INFO - Started process (PID=1666) to work on /opt/airflow/dags/lead_data_pipeline.py
[2025-06-27T21:36:01.368+0000] {processor.py:914} INFO - Processing file /opt/airflow/dags/lead_data_pipeline.py for tasks to queue
[2025-06-27T21:36:01.373+0000] {logging_mixin.py:190} INFO - [2025-06-27T21:36:01.372+0000] {dagbag.py:588} INFO - Filling up the DagBag from /opt/airflow/dags/lead_data_pipeline.py
[2025-06-27T21:36:02.096+0000] {processor.py:925} INFO - DAG(s) 'lead_data_pipeline' retrieved from /opt/airflow/dags/lead_data_pipeline.py
[2025-06-27T21:36:02.567+0000] {logging_mixin.py:190} INFO - [2025-06-27T21:36:02.567+0000] {dag.py:3239} INFO - Sync 1 DAGs
[2025-06-27T21:36:02.616+0000] {logging_mixin.py:190} INFO - [2025-06-27T21:36:02.616+0000] {dag.py:4180} INFO - Setting next_dagrun for lead_data_pipeline to 2025-06-27 07:00:00+00:00, run_after=2025-06-28 07:00:00+00:00
[2025-06-27T21:36:02.685+0000] {processor.py:208} INFO - Processing /opt/airflow/dags/lead_data_pipeline.py took 1.365 seconds
[2025-06-27T21:36:11.602+0000] {processor.py:186} INFO - Started process (PID=1668) to work on /opt/airflow/dags/lead_data_pipeline.py
[2025-06-27T21:36:11.604+0000] {processor.py:914} INFO - Processing file /opt/airflow/dags/lead_data_pipeline.py for tasks to queue
[2025-06-27T21:36:11.607+0000] {logging_mixin.py:190} INFO - [2025-06-27T21:36:11.606+0000] {dagbag.py:588} INFO - Filling up the DagBag from /opt/airflow/dags/lead_data_pipeline.py
[2025-06-27T21:36:12.088+0000] {processor.py:925} INFO - DAG(s) 'lead_data_pipeline' retrieved from /opt/airflow/dags/lead_data_pipeline.py
[2025-06-27T21:36:12.130+0000] {logging_mixin.py:190} INFO - [2025-06-27T21:36:12.128+0000] {dag.py:3239} INFO - Sync 1 DAGs
[2025-06-27T21:36:12.214+0000] {logging_mixin.py:190} INFO - [2025-06-27T21:36:12.213+0000] {dag.py:4180} INFO - Setting next_dagrun for lead_data_pipeline to 2025-06-27 07:00:00+00:00, run_after=2025-06-28 07:00:00+00:00
[2025-06-27T21:36:12.253+0000] {processor.py:208} INFO - Processing /opt/airflow/dags/lead_data_pipeline.py took 0.665 seconds
[2025-06-27T21:36:15.090+0000] {processor.py:186} INFO - Started process (PID=1670) to work on /opt/airflow/dags/lead_data_pipeline.py
[2025-06-27T21:36:15.096+0000] {processor.py:914} INFO - Processing file /opt/airflow/dags/lead_data_pipeline.py for tasks to queue
[2025-06-27T21:36:15.102+0000] {logging_mixin.py:190} INFO - [2025-06-27T21:36:15.101+0000] {dagbag.py:588} INFO - Filling up the DagBag from /opt/airflow/dags/lead_data_pipeline.py
[2025-06-27T21:36:15.992+0000] {processor.py:925} INFO - DAG(s) 'lead_data_pipeline' retrieved from /opt/airflow/dags/lead_data_pipeline.py
[2025-06-27T21:36:16.064+0000] {logging_mixin.py:190} INFO - [2025-06-27T21:36:16.064+0000] {dag.py:3239} INFO - Sync 1 DAGs
[2025-06-27T21:36:16.198+0000] {logging_mixin.py:190} INFO - [2025-06-27T21:36:16.197+0000] {dag.py:4180} INFO - Setting next_dagrun for lead_data_pipeline to 2025-06-27 07:00:00+00:00, run_after=2025-06-28 07:00:00+00:00
[2025-06-27T21:36:16.331+0000] {processor.py:208} INFO - Processing /opt/airflow/dags/lead_data_pipeline.py took 1.290 seconds
[2025-06-27T21:36:46.594+0000] {processor.py:186} INFO - Started process (PID=1682) to work on /opt/airflow/dags/lead_data_pipeline.py
[2025-06-27T21:36:46.597+0000] {processor.py:914} INFO - Processing file /opt/airflow/dags/lead_data_pipeline.py for tasks to queue
[2025-06-27T21:36:46.602+0000] {logging_mixin.py:190} INFO - [2025-06-27T21:36:46.601+0000] {dagbag.py:588} INFO - Filling up the DagBag from /opt/airflow/dags/lead_data_pipeline.py
[2025-06-27T21:36:47.068+0000] {processor.py:925} INFO - DAG(s) 'lead_data_pipeline' retrieved from /opt/airflow/dags/lead_data_pipeline.py
[2025-06-27T21:36:47.142+0000] {logging_mixin.py:190} INFO - [2025-06-27T21:36:47.141+0000] {dag.py:3239} INFO - Sync 1 DAGs
[2025-06-27T21:36:47.217+0000] {logging_mixin.py:190} INFO - [2025-06-27T21:36:47.216+0000] {dag.py:4180} INFO - Setting next_dagrun for lead_data_pipeline to 2025-06-27 07:00:00+00:00, run_after=2025-06-28 07:00:00+00:00
[2025-06-27T21:36:47.303+0000] {processor.py:208} INFO - Processing /opt/airflow/dags/lead_data_pipeline.py took 0.728 seconds
[2025-06-27T21:37:17.809+0000] {processor.py:186} INFO - Started process (PID=1690) to work on /opt/airflow/dags/lead_data_pipeline.py
[2025-06-27T21:37:17.811+0000] {processor.py:914} INFO - Processing file /opt/airflow/dags/lead_data_pipeline.py for tasks to queue
[2025-06-27T21:37:17.814+0000] {logging_mixin.py:190} INFO - [2025-06-27T21:37:17.814+0000] {dagbag.py:588} INFO - Filling up the DagBag from /opt/airflow/dags/lead_data_pipeline.py
[2025-06-27T21:37:18.123+0000] {processor.py:925} INFO - DAG(s) 'lead_data_pipeline' retrieved from /opt/airflow/dags/lead_data_pipeline.py
[2025-06-27T21:37:18.172+0000] {logging_mixin.py:190} INFO - [2025-06-27T21:37:18.172+0000] {dag.py:3239} INFO - Sync 1 DAGs
[2025-06-27T21:37:18.219+0000] {logging_mixin.py:190} INFO - [2025-06-27T21:37:18.219+0000] {dag.py:4180} INFO - Setting next_dagrun for lead_data_pipeline to 2025-06-27 07:00:00+00:00, run_after=2025-06-28 07:00:00+00:00
[2025-06-27T21:37:18.258+0000] {processor.py:208} INFO - Processing /opt/airflow/dags/lead_data_pipeline.py took 0.461 seconds
[2025-06-27T21:37:48.485+0000] {processor.py:186} INFO - Started process (PID=1698) to work on /opt/airflow/dags/lead_data_pipeline.py
[2025-06-27T21:37:48.487+0000] {processor.py:914} INFO - Processing file /opt/airflow/dags/lead_data_pipeline.py for tasks to queue
[2025-06-27T21:37:48.490+0000] {logging_mixin.py:190} INFO - [2025-06-27T21:37:48.490+0000] {dagbag.py:588} INFO - Filling up the DagBag from /opt/airflow/dags/lead_data_pipeline.py
[2025-06-27T21:37:48.873+0000] {processor.py:925} INFO - DAG(s) 'lead_data_pipeline' retrieved from /opt/airflow/dags/lead_data_pipeline.py
[2025-06-27T21:37:48.935+0000] {logging_mixin.py:190} INFO - [2025-06-27T21:37:48.934+0000] {dag.py:3239} INFO - Sync 1 DAGs
[2025-06-27T21:37:48.985+0000] {logging_mixin.py:190} INFO - [2025-06-27T21:37:48.985+0000] {dag.py:4180} INFO - Setting next_dagrun for lead_data_pipeline to 2025-06-27 07:00:00+00:00, run_after=2025-06-28 07:00:00+00:00
[2025-06-27T21:37:49.023+0000] {processor.py:208} INFO - Processing /opt/airflow/dags/lead_data_pipeline.py took 0.552 seconds
[2025-06-27T21:38:19.379+0000] {processor.py:186} INFO - Started process (PID=1706) to work on /opt/airflow/dags/lead_data_pipeline.py
[2025-06-27T21:38:19.382+0000] {processor.py:914} INFO - Processing file /opt/airflow/dags/lead_data_pipeline.py for tasks to queue
[2025-06-27T21:38:19.386+0000] {logging_mixin.py:190} INFO - [2025-06-27T21:38:19.385+0000] {dagbag.py:588} INFO - Filling up the DagBag from /opt/airflow/dags/lead_data_pipeline.py
[2025-06-27T21:38:19.983+0000] {processor.py:925} INFO - DAG(s) 'lead_data_pipeline' retrieved from /opt/airflow/dags/lead_data_pipeline.py
[2025-06-27T21:38:20.051+0000] {logging_mixin.py:190} INFO - [2025-06-27T21:38:20.050+0000] {dag.py:3239} INFO - Sync 1 DAGs
[2025-06-27T21:38:20.116+0000] {logging_mixin.py:190} INFO - [2025-06-27T21:38:20.114+0000] {dag.py:4180} INFO - Setting next_dagrun for lead_data_pipeline to 2025-06-27 07:00:00+00:00, run_after=2025-06-28 07:00:00+00:00
[2025-06-27T21:38:20.217+0000] {processor.py:208} INFO - Processing /opt/airflow/dags/lead_data_pipeline.py took 0.854 seconds
[2025-06-27T21:38:50.783+0000] {processor.py:186} INFO - Started process (PID=1714) to work on /opt/airflow/dags/lead_data_pipeline.py
[2025-06-27T21:38:50.785+0000] {processor.py:914} INFO - Processing file /opt/airflow/dags/lead_data_pipeline.py for tasks to queue
[2025-06-27T21:38:50.789+0000] {logging_mixin.py:190} INFO - [2025-06-27T21:38:50.789+0000] {dagbag.py:588} INFO - Filling up the DagBag from /opt/airflow/dags/lead_data_pipeline.py
[2025-06-27T21:38:51.345+0000] {processor.py:925} INFO - DAG(s) 'lead_data_pipeline' retrieved from /opt/airflow/dags/lead_data_pipeline.py
[2025-06-27T21:38:51.427+0000] {logging_mixin.py:190} INFO - [2025-06-27T21:38:51.427+0000] {dag.py:3239} INFO - Sync 1 DAGs
[2025-06-27T21:38:51.493+0000] {logging_mixin.py:190} INFO - [2025-06-27T21:38:51.493+0000] {dag.py:4180} INFO - Setting next_dagrun for lead_data_pipeline to 2025-06-27 07:00:00+00:00, run_after=2025-06-28 07:00:00+00:00
[2025-06-27T21:38:51.541+0000] {processor.py:208} INFO - Processing /opt/airflow/dags/lead_data_pipeline.py took 0.777 seconds
[2025-06-27T21:39:21.607+0000] {processor.py:186} INFO - Started process (PID=1721) to work on /opt/airflow/dags/lead_data_pipeline.py
[2025-06-27T21:39:21.609+0000] {processor.py:914} INFO - Processing file /opt/airflow/dags/lead_data_pipeline.py for tasks to queue
[2025-06-27T21:39:21.612+0000] {logging_mixin.py:190} INFO - [2025-06-27T21:39:21.611+0000] {dagbag.py:588} INFO - Filling up the DagBag from /opt/airflow/dags/lead_data_pipeline.py
[2025-06-27T21:39:22.636+0000] {processor.py:925} INFO - DAG(s) 'lead_data_pipeline' retrieved from /opt/airflow/dags/lead_data_pipeline.py
[2025-06-27T21:39:22.863+0000] {logging_mixin.py:190} INFO - [2025-06-27T21:39:22.863+0000] {dag.py:3239} INFO - Sync 1 DAGs
[2025-06-27T21:39:22.951+0000] {logging_mixin.py:190} INFO - [2025-06-27T21:39:22.951+0000] {dag.py:4180} INFO - Setting next_dagrun for lead_data_pipeline to 2025-06-27 07:00:00+00:00, run_after=2025-06-28 07:00:00+00:00
[2025-06-27T21:39:23.020+0000] {processor.py:208} INFO - Processing /opt/airflow/dags/lead_data_pipeline.py took 1.427 seconds
[2025-06-27T21:39:53.547+0000] {processor.py:186} INFO - Started process (PID=1729) to work on /opt/airflow/dags/lead_data_pipeline.py
[2025-06-27T21:39:53.549+0000] {processor.py:914} INFO - Processing file /opt/airflow/dags/lead_data_pipeline.py for tasks to queue
[2025-06-27T21:39:53.554+0000] {logging_mixin.py:190} INFO - [2025-06-27T21:39:53.553+0000] {dagbag.py:588} INFO - Filling up the DagBag from /opt/airflow/dags/lead_data_pipeline.py
[2025-06-27T21:39:54.235+0000] {processor.py:925} INFO - DAG(s) 'lead_data_pipeline' retrieved from /opt/airflow/dags/lead_data_pipeline.py
[2025-06-27T21:39:54.324+0000] {logging_mixin.py:190} INFO - [2025-06-27T21:39:54.323+0000] {dag.py:3239} INFO - Sync 1 DAGs
[2025-06-27T21:39:54.396+0000] {logging_mixin.py:190} INFO - [2025-06-27T21:39:54.395+0000] {dag.py:4180} INFO - Setting next_dagrun for lead_data_pipeline to 2025-06-27 07:00:00+00:00, run_after=2025-06-28 07:00:00+00:00
[2025-06-27T21:39:54.465+0000] {processor.py:208} INFO - Processing /opt/airflow/dags/lead_data_pipeline.py took 0.940 seconds
[2025-06-27T21:40:24.728+0000] {processor.py:186} INFO - Started process (PID=1737) to work on /opt/airflow/dags/lead_data_pipeline.py
[2025-06-27T21:40:24.731+0000] {processor.py:914} INFO - Processing file /opt/airflow/dags/lead_data_pipeline.py for tasks to queue
[2025-06-27T21:40:24.734+0000] {logging_mixin.py:190} INFO - [2025-06-27T21:40:24.733+0000] {dagbag.py:588} INFO - Filling up the DagBag from /opt/airflow/dags/lead_data_pipeline.py
[2025-06-27T21:40:25.133+0000] {processor.py:925} INFO - DAG(s) 'lead_data_pipeline' retrieved from /opt/airflow/dags/lead_data_pipeline.py
[2025-06-27T21:40:25.200+0000] {logging_mixin.py:190} INFO - [2025-06-27T21:40:25.200+0000] {dag.py:3239} INFO - Sync 1 DAGs
[2025-06-27T21:40:25.559+0000] {logging_mixin.py:190} INFO - [2025-06-27T21:40:25.558+0000] {dag.py:4180} INFO - Setting next_dagrun for lead_data_pipeline to 2025-06-27 07:00:00+00:00, run_after=2025-06-28 07:00:00+00:00
[2025-06-27T21:40:25.638+0000] {processor.py:208} INFO - Processing /opt/airflow/dags/lead_data_pipeline.py took 0.927 seconds
[2025-06-27T21:40:56.189+0000] {processor.py:186} INFO - Started process (PID=1745) to work on /opt/airflow/dags/lead_data_pipeline.py
[2025-06-27T21:40:56.192+0000] {processor.py:914} INFO - Processing file /opt/airflow/dags/lead_data_pipeline.py for tasks to queue
[2025-06-27T21:40:56.196+0000] {logging_mixin.py:190} INFO - [2025-06-27T21:40:56.195+0000] {dagbag.py:588} INFO - Filling up the DagBag from /opt/airflow/dags/lead_data_pipeline.py
[2025-06-27T21:40:56.899+0000] {processor.py:925} INFO - DAG(s) 'lead_data_pipeline' retrieved from /opt/airflow/dags/lead_data_pipeline.py
[2025-06-27T21:40:56.982+0000] {logging_mixin.py:190} INFO - [2025-06-27T21:40:56.981+0000] {dag.py:3239} INFO - Sync 1 DAGs
[2025-06-27T21:40:57.071+0000] {logging_mixin.py:190} INFO - [2025-06-27T21:40:57.070+0000] {dag.py:4180} INFO - Setting next_dagrun for lead_data_pipeline to 2025-06-27 07:00:00+00:00, run_after=2025-06-28 07:00:00+00:00
[2025-06-27T21:40:57.141+0000] {processor.py:208} INFO - Processing /opt/airflow/dags/lead_data_pipeline.py took 0.984 seconds
[2025-06-27T21:41:28.119+0000] {processor.py:186} INFO - Started process (PID=1753) to work on /opt/airflow/dags/lead_data_pipeline.py
[2025-06-27T21:41:28.123+0000] {processor.py:914} INFO - Processing file /opt/airflow/dags/lead_data_pipeline.py for tasks to queue
[2025-06-27T21:41:28.129+0000] {logging_mixin.py:190} INFO - [2025-06-27T21:41:28.128+0000] {dagbag.py:588} INFO - Filling up the DagBag from /opt/airflow/dags/lead_data_pipeline.py
[2025-06-27T21:41:28.933+0000] {processor.py:925} INFO - DAG(s) 'lead_data_pipeline' retrieved from /opt/airflow/dags/lead_data_pipeline.py
[2025-06-27T21:41:29.043+0000] {logging_mixin.py:190} INFO - [2025-06-27T21:41:29.042+0000] {dag.py:3239} INFO - Sync 1 DAGs
[2025-06-27T21:41:29.153+0000] {logging_mixin.py:190} INFO - [2025-06-27T21:41:29.153+0000] {dag.py:4180} INFO - Setting next_dagrun for lead_data_pipeline to 2025-06-27 07:00:00+00:00, run_after=2025-06-28 07:00:00+00:00
[2025-06-27T21:41:29.209+0000] {processor.py:208} INFO - Processing /opt/airflow/dags/lead_data_pipeline.py took 1.108 seconds
[2025-06-27T21:41:59.915+0000] {processor.py:186} INFO - Started process (PID=1761) to work on /opt/airflow/dags/lead_data_pipeline.py
[2025-06-27T21:41:59.918+0000] {processor.py:914} INFO - Processing file /opt/airflow/dags/lead_data_pipeline.py for tasks to queue
[2025-06-27T21:41:59.923+0000] {logging_mixin.py:190} INFO - [2025-06-27T21:41:59.921+0000] {dagbag.py:588} INFO - Filling up the DagBag from /opt/airflow/dags/lead_data_pipeline.py
[2025-06-27T21:42:00.440+0000] {processor.py:925} INFO - DAG(s) 'lead_data_pipeline' retrieved from /opt/airflow/dags/lead_data_pipeline.py
[2025-06-27T21:42:00.546+0000] {logging_mixin.py:190} INFO - [2025-06-27T21:42:00.546+0000] {dag.py:3239} INFO - Sync 1 DAGs
[2025-06-27T21:42:00.681+0000] {logging_mixin.py:190} INFO - [2025-06-27T21:42:00.681+0000] {dag.py:4180} INFO - Setting next_dagrun for lead_data_pipeline to 2025-06-27 07:00:00+00:00, run_after=2025-06-28 07:00:00+00:00
[2025-06-27T21:42:00.786+0000] {processor.py:208} INFO - Processing /opt/airflow/dags/lead_data_pipeline.py took 0.887 seconds
[2025-06-27T21:42:26.006+0000] {processor.py:186} INFO - Started process (PID=1769) to work on /opt/airflow/dags/lead_data_pipeline.py
[2025-06-27T21:42:26.008+0000] {processor.py:914} INFO - Processing file /opt/airflow/dags/lead_data_pipeline.py for tasks to queue
[2025-06-27T21:42:26.014+0000] {logging_mixin.py:190} INFO - [2025-06-27T21:42:26.013+0000] {dagbag.py:588} INFO - Filling up the DagBag from /opt/airflow/dags/lead_data_pipeline.py
[2025-06-27T21:42:27.099+0000] {processor.py:925} INFO - DAG(s) 'lead_data_pipeline' retrieved from /opt/airflow/dags/lead_data_pipeline.py
[2025-06-27T21:42:27.283+0000] {logging_mixin.py:190} INFO - [2025-06-27T21:42:27.283+0000] {dag.py:3239} INFO - Sync 1 DAGs
[2025-06-27T21:42:27.375+0000] {logging_mixin.py:190} INFO - [2025-06-27T21:42:27.374+0000] {dag.py:4180} INFO - Setting next_dagrun for lead_data_pipeline to 2025-06-27 07:00:00+00:00, run_after=2025-06-28 07:00:00+00:00
[2025-06-27T21:42:27.497+0000] {processor.py:208} INFO - Processing /opt/airflow/dags/lead_data_pipeline.py took 1.513 seconds
[2025-06-27T21:42:57.729+0000] {processor.py:186} INFO - Started process (PID=1780) to work on /opt/airflow/dags/lead_data_pipeline.py
[2025-06-27T21:42:57.733+0000] {processor.py:914} INFO - Processing file /opt/airflow/dags/lead_data_pipeline.py for tasks to queue
[2025-06-27T21:42:57.739+0000] {logging_mixin.py:190} INFO - [2025-06-27T21:42:57.737+0000] {dagbag.py:588} INFO - Filling up the DagBag from /opt/airflow/dags/lead_data_pipeline.py
[2025-06-27T21:42:58.652+0000] {processor.py:925} INFO - DAG(s) 'lead_data_pipeline' retrieved from /opt/airflow/dags/lead_data_pipeline.py
[2025-06-27T21:42:58.783+0000] {logging_mixin.py:190} INFO - [2025-06-27T21:42:58.782+0000] {dag.py:3239} INFO - Sync 1 DAGs
[2025-06-27T21:42:58.914+0000] {logging_mixin.py:190} INFO - [2025-06-27T21:42:58.913+0000] {dag.py:4180} INFO - Setting next_dagrun for lead_data_pipeline to 2025-06-27 07:00:00+00:00, run_after=2025-06-28 07:00:00+00:00
[2025-06-27T21:42:59.187+0000] {processor.py:208} INFO - Processing /opt/airflow/dags/lead_data_pipeline.py took 1.508 seconds
[2025-06-27T21:43:29.839+0000] {processor.py:186} INFO - Started process (PID=1788) to work on /opt/airflow/dags/lead_data_pipeline.py
[2025-06-27T21:43:29.841+0000] {processor.py:914} INFO - Processing file /opt/airflow/dags/lead_data_pipeline.py for tasks to queue
[2025-06-27T21:43:29.846+0000] {logging_mixin.py:190} INFO - [2025-06-27T21:43:29.845+0000] {dagbag.py:588} INFO - Filling up the DagBag from /opt/airflow/dags/lead_data_pipeline.py
[2025-06-27T21:43:30.512+0000] {processor.py:925} INFO - DAG(s) 'lead_data_pipeline' retrieved from /opt/airflow/dags/lead_data_pipeline.py
[2025-06-27T21:43:30.593+0000] {logging_mixin.py:190} INFO - [2025-06-27T21:43:30.593+0000] {dag.py:3239} INFO - Sync 1 DAGs
[2025-06-27T21:43:30.765+0000] {logging_mixin.py:190} INFO - [2025-06-27T21:43:30.764+0000] {dag.py:4180} INFO - Setting next_dagrun for lead_data_pipeline to 2025-06-27 07:00:00+00:00, run_after=2025-06-28 07:00:00+00:00
[2025-06-27T21:43:30.845+0000] {processor.py:208} INFO - Processing /opt/airflow/dags/lead_data_pipeline.py took 1.024 seconds
[2025-06-27T21:44:01.596+0000] {processor.py:186} INFO - Started process (PID=1802) to work on /opt/airflow/dags/lead_data_pipeline.py
[2025-06-27T21:44:01.599+0000] {processor.py:914} INFO - Processing file /opt/airflow/dags/lead_data_pipeline.py for tasks to queue
[2025-06-27T21:44:01.609+0000] {logging_mixin.py:190} INFO - [2025-06-27T21:44:01.607+0000] {dagbag.py:588} INFO - Filling up the DagBag from /opt/airflow/dags/lead_data_pipeline.py
[2025-06-27T21:44:02.680+0000] {processor.py:925} INFO - DAG(s) 'lead_data_pipeline' retrieved from /opt/airflow/dags/lead_data_pipeline.py
[2025-06-27T21:44:02.755+0000] {logging_mixin.py:190} INFO - [2025-06-27T21:44:02.755+0000] {dag.py:3239} INFO - Sync 1 DAGs
[2025-06-27T21:44:02.821+0000] {logging_mixin.py:190} INFO - [2025-06-27T21:44:02.820+0000] {dag.py:4180} INFO - Setting next_dagrun for lead_data_pipeline to 2025-06-27 07:00:00+00:00, run_after=2025-06-28 07:00:00+00:00
[2025-06-27T21:44:02.894+0000] {processor.py:208} INFO - Processing /opt/airflow/dags/lead_data_pipeline.py took 1.329 seconds
[2025-06-27T21:44:33.471+0000] {processor.py:186} INFO - Started process (PID=1810) to work on /opt/airflow/dags/lead_data_pipeline.py
[2025-06-27T21:44:33.473+0000] {processor.py:914} INFO - Processing file /opt/airflow/dags/lead_data_pipeline.py for tasks to queue
[2025-06-27T21:44:33.478+0000] {logging_mixin.py:190} INFO - [2025-06-27T21:44:33.477+0000] {dagbag.py:588} INFO - Filling up the DagBag from /opt/airflow/dags/lead_data_pipeline.py
[2025-06-27T21:44:34.411+0000] {processor.py:925} INFO - DAG(s) 'lead_data_pipeline' retrieved from /opt/airflow/dags/lead_data_pipeline.py
[2025-06-27T21:44:34.561+0000] {logging_mixin.py:190} INFO - [2025-06-27T21:44:34.560+0000] {dag.py:3239} INFO - Sync 1 DAGs
[2025-06-27T21:44:34.739+0000] {logging_mixin.py:190} INFO - [2025-06-27T21:44:34.737+0000] {dag.py:4180} INFO - Setting next_dagrun for lead_data_pipeline to 2025-06-27 07:00:00+00:00, run_after=2025-06-28 07:00:00+00:00
[2025-06-27T21:44:34.841+0000] {processor.py:208} INFO - Processing /opt/airflow/dags/lead_data_pipeline.py took 1.396 seconds
[2025-06-27T21:44:35.878+0000] {processor.py:186} INFO - Started process (PID=1812) to work on /opt/airflow/dags/lead_data_pipeline.py
[2025-06-27T21:44:35.892+0000] {processor.py:914} INFO - Processing file /opt/airflow/dags/lead_data_pipeline.py for tasks to queue
[2025-06-27T21:44:35.896+0000] {logging_mixin.py:190} INFO - [2025-06-27T21:44:35.895+0000] {dagbag.py:588} INFO - Filling up the DagBag from /opt/airflow/dags/lead_data_pipeline.py
[2025-06-27T21:44:36.799+0000] {processor.py:925} INFO - DAG(s) 'lead_data_pipeline' retrieved from /opt/airflow/dags/lead_data_pipeline.py
[2025-06-27T21:44:37.262+0000] {logging_mixin.py:190} INFO - [2025-06-27T21:44:37.261+0000] {dag.py:3239} INFO - Sync 1 DAGs
[2025-06-27T21:44:37.384+0000] {logging_mixin.py:190} INFO - [2025-06-27T21:44:37.383+0000] {dag.py:4180} INFO - Setting next_dagrun for lead_data_pipeline to 2025-06-27 07:00:00+00:00, run_after=2025-06-28 07:00:00+00:00
[2025-06-27T21:44:37.458+0000] {processor.py:208} INFO - Processing /opt/airflow/dags/lead_data_pipeline.py took 1.609 seconds
[2025-06-27T21:44:38.606+0000] {processor.py:186} INFO - Started process (PID=1814) to work on /opt/airflow/dags/lead_data_pipeline.py
[2025-06-27T21:44:38.610+0000] {processor.py:914} INFO - Processing file /opt/airflow/dags/lead_data_pipeline.py for tasks to queue
[2025-06-27T21:44:38.616+0000] {logging_mixin.py:190} INFO - [2025-06-27T21:44:38.615+0000] {dagbag.py:588} INFO - Filling up the DagBag from /opt/airflow/dags/lead_data_pipeline.py
[2025-06-27T21:44:40.345+0000] {processor.py:925} INFO - DAG(s) 'lead_data_pipeline' retrieved from /opt/airflow/dags/lead_data_pipeline.py
[2025-06-27T21:44:40.392+0000] {logging_mixin.py:190} INFO - [2025-06-27T21:44:40.392+0000] {dag.py:3239} INFO - Sync 1 DAGs
[2025-06-27T21:44:40.589+0000] {logging_mixin.py:190} INFO - [2025-06-27T21:44:40.588+0000] {dag.py:4180} INFO - Setting next_dagrun for lead_data_pipeline to 2025-06-27 07:00:00+00:00, run_after=2025-06-28 07:00:00+00:00
[2025-06-27T21:44:40.690+0000] {processor.py:208} INFO - Processing /opt/airflow/dags/lead_data_pipeline.py took 2.125 seconds
[2025-06-27T21:45:10.628+0000] {processor.py:186} INFO - Started process (PID=1822) to work on /opt/airflow/dags/lead_data_pipeline.py
[2025-06-27T21:45:10.633+0000] {processor.py:914} INFO - Processing file /opt/airflow/dags/lead_data_pipeline.py for tasks to queue
[2025-06-27T21:45:10.639+0000] {logging_mixin.py:190} INFO - [2025-06-27T21:45:10.638+0000] {dagbag.py:588} INFO - Filling up the DagBag from /opt/airflow/dags/lead_data_pipeline.py
[2025-06-27T21:45:11.814+0000] {processor.py:925} INFO - DAG(s) 'lead_data_pipeline' retrieved from /opt/airflow/dags/lead_data_pipeline.py
[2025-06-27T21:45:11.887+0000] {logging_mixin.py:190} INFO - [2025-06-27T21:45:11.886+0000] {dag.py:3239} INFO - Sync 1 DAGs
[2025-06-27T21:45:11.946+0000] {logging_mixin.py:190} INFO - [2025-06-27T21:45:11.946+0000] {dag.py:4180} INFO - Setting next_dagrun for lead_data_pipeline to 2025-06-27 07:00:00+00:00, run_after=2025-06-28 07:00:00+00:00
[2025-06-27T21:45:11.994+0000] {processor.py:208} INFO - Processing /opt/airflow/dags/lead_data_pipeline.py took 1.388 seconds
[2025-06-27T21:45:42.750+0000] {processor.py:186} INFO - Started process (PID=1829) to work on /opt/airflow/dags/lead_data_pipeline.py
[2025-06-27T21:45:42.753+0000] {processor.py:914} INFO - Processing file /opt/airflow/dags/lead_data_pipeline.py for tasks to queue
[2025-06-27T21:45:42.760+0000] {logging_mixin.py:190} INFO - [2025-06-27T21:45:42.758+0000] {dagbag.py:588} INFO - Filling up the DagBag from /opt/airflow/dags/lead_data_pipeline.py
[2025-06-27T21:45:44.180+0000] {processor.py:925} INFO - DAG(s) 'lead_data_pipeline' retrieved from /opt/airflow/dags/lead_data_pipeline.py
[2025-06-27T21:45:44.330+0000] {logging_mixin.py:190} INFO - [2025-06-27T21:45:44.329+0000] {dag.py:3239} INFO - Sync 1 DAGs
[2025-06-27T21:45:44.787+0000] {logging_mixin.py:190} INFO - [2025-06-27T21:45:44.787+0000] {dag.py:4180} INFO - Setting next_dagrun for lead_data_pipeline to 2025-06-27 07:00:00+00:00, run_after=2025-06-28 07:00:00+00:00
[2025-06-27T21:45:44.937+0000] {processor.py:208} INFO - Processing /opt/airflow/dags/lead_data_pipeline.py took 2.280 seconds
[2025-06-27T21:45:52.301+0000] {processor.py:186} INFO - Started process (PID=1831) to work on /opt/airflow/dags/lead_data_pipeline.py
[2025-06-27T21:45:52.304+0000] {processor.py:914} INFO - Processing file /opt/airflow/dags/lead_data_pipeline.py for tasks to queue
[2025-06-27T21:45:52.310+0000] {logging_mixin.py:190} INFO - [2025-06-27T21:45:52.309+0000] {dagbag.py:588} INFO - Filling up the DagBag from /opt/airflow/dags/lead_data_pipeline.py
[2025-06-27T21:45:53.224+0000] {processor.py:925} INFO - DAG(s) 'lead_data_pipeline' retrieved from /opt/airflow/dags/lead_data_pipeline.py
[2025-06-27T21:45:53.706+0000] {logging_mixin.py:190} INFO - [2025-06-27T21:45:53.706+0000] {dag.py:3239} INFO - Sync 1 DAGs
[2025-06-27T21:45:53.753+0000] {logging_mixin.py:190} INFO - [2025-06-27T21:45:53.753+0000] {dag.py:4180} INFO - Setting next_dagrun for lead_data_pipeline to 2025-06-27 07:00:00+00:00, run_after=2025-06-28 07:00:00+00:00
[2025-06-27T21:45:53.821+0000] {processor.py:208} INFO - Processing /opt/airflow/dags/lead_data_pipeline.py took 1.633 seconds
[2025-06-27T21:46:07.714+0000] {processor.py:186} INFO - Started process (PID=1839) to work on /opt/airflow/dags/lead_data_pipeline.py
[2025-06-27T21:46:07.720+0000] {processor.py:914} INFO - Processing file /opt/airflow/dags/lead_data_pipeline.py for tasks to queue
[2025-06-27T21:46:07.725+0000] {logging_mixin.py:190} INFO - [2025-06-27T21:46:07.724+0000] {dagbag.py:588} INFO - Filling up the DagBag from /opt/airflow/dags/lead_data_pipeline.py
[2025-06-27T21:46:08.607+0000] {processor.py:925} INFO - DAG(s) 'lead_data_pipeline' retrieved from /opt/airflow/dags/lead_data_pipeline.py
[2025-06-27T21:46:08.671+0000] {logging_mixin.py:190} INFO - [2025-06-27T21:46:08.670+0000] {dag.py:3239} INFO - Sync 1 DAGs
[2025-06-27T21:46:08.766+0000] {logging_mixin.py:190} INFO - [2025-06-27T21:46:08.765+0000] {dag.py:4180} INFO - Setting next_dagrun for lead_data_pipeline to 2025-06-27 07:00:00+00:00, run_after=2025-06-28 07:00:00+00:00
[2025-06-27T21:46:08.827+0000] {processor.py:208} INFO - Processing /opt/airflow/dags/lead_data_pipeline.py took 1.133 seconds
[2025-06-27T21:46:39.461+0000] {processor.py:186} INFO - Started process (PID=1851) to work on /opt/airflow/dags/lead_data_pipeline.py
[2025-06-27T21:46:39.465+0000] {processor.py:914} INFO - Processing file /opt/airflow/dags/lead_data_pipeline.py for tasks to queue
[2025-06-27T21:46:39.470+0000] {logging_mixin.py:190} INFO - [2025-06-27T21:46:39.469+0000] {dagbag.py:588} INFO - Filling up the DagBag from /opt/airflow/dags/lead_data_pipeline.py
[2025-06-27T21:46:39.975+0000] {processor.py:925} INFO - DAG(s) 'lead_data_pipeline' retrieved from /opt/airflow/dags/lead_data_pipeline.py
[2025-06-27T21:46:40.047+0000] {logging_mixin.py:190} INFO - [2025-06-27T21:46:40.047+0000] {dag.py:3239} INFO - Sync 1 DAGs
[2025-06-27T21:46:40.158+0000] {logging_mixin.py:190} INFO - [2025-06-27T21:46:40.157+0000] {dag.py:4180} INFO - Setting next_dagrun for lead_data_pipeline to 2025-06-27 07:00:00+00:00, run_after=2025-06-28 07:00:00+00:00
[2025-06-27T21:46:40.327+0000] {processor.py:208} INFO - Processing /opt/airflow/dags/lead_data_pipeline.py took 0.886 seconds
[2025-06-27T21:47:10.919+0000] {processor.py:186} INFO - Started process (PID=1858) to work on /opt/airflow/dags/lead_data_pipeline.py
[2025-06-27T21:47:10.921+0000] {processor.py:914} INFO - Processing file /opt/airflow/dags/lead_data_pipeline.py for tasks to queue
[2025-06-27T21:47:10.925+0000] {logging_mixin.py:190} INFO - [2025-06-27T21:47:10.924+0000] {dagbag.py:588} INFO - Filling up the DagBag from /opt/airflow/dags/lead_data_pipeline.py
[2025-06-27T21:47:11.760+0000] {processor.py:925} INFO - DAG(s) 'lead_data_pipeline' retrieved from /opt/airflow/dags/lead_data_pipeline.py
[2025-06-27T21:47:12.011+0000] {logging_mixin.py:190} INFO - [2025-06-27T21:47:12.011+0000] {dag.py:3239} INFO - Sync 1 DAGs
[2025-06-27T21:47:12.086+0000] {logging_mixin.py:190} INFO - [2025-06-27T21:47:12.085+0000] {dag.py:4180} INFO - Setting next_dagrun for lead_data_pipeline to 2025-06-27 07:00:00+00:00, run_after=2025-06-28 07:00:00+00:00
[2025-06-27T21:47:12.133+0000] {processor.py:208} INFO - Processing /opt/airflow/dags/lead_data_pipeline.py took 1.228 seconds
[2025-06-27T21:47:34.974+0000] {processor.py:186} INFO - Started process (PID=1865) to work on /opt/airflow/dags/lead_data_pipeline.py
[2025-06-27T21:47:35.004+0000] {processor.py:914} INFO - Processing file /opt/airflow/dags/lead_data_pipeline.py for tasks to queue
[2025-06-27T21:47:35.020+0000] {logging_mixin.py:190} INFO - [2025-06-27T21:47:35.019+0000] {dagbag.py:588} INFO - Filling up the DagBag from /opt/airflow/dags/lead_data_pipeline.py
[2025-06-27T21:47:35.922+0000] {processor.py:925} INFO - DAG(s) 'lead_data_pipeline' retrieved from /opt/airflow/dags/lead_data_pipeline.py
[2025-06-27T21:47:36.602+0000] {logging_mixin.py:190} INFO - [2025-06-27T21:47:36.601+0000] {dag.py:3239} INFO - Sync 1 DAGs
[2025-06-27T21:47:36.745+0000] {logging_mixin.py:190} INFO - [2025-06-27T21:47:36.745+0000] {dag.py:4180} INFO - Setting next_dagrun for lead_data_pipeline to 2025-06-27 07:00:00+00:00, run_after=2025-06-28 07:00:00+00:00
[2025-06-27T21:47:36.815+0000] {processor.py:208} INFO - Processing /opt/airflow/dags/lead_data_pipeline.py took 1.914 seconds
[2025-06-27T21:47:42.037+0000] {processor.py:186} INFO - Started process (PID=1867) to work on /opt/airflow/dags/lead_data_pipeline.py
[2025-06-27T21:47:42.039+0000] {processor.py:914} INFO - Processing file /opt/airflow/dags/lead_data_pipeline.py for tasks to queue
[2025-06-27T21:47:42.044+0000] {logging_mixin.py:190} INFO - [2025-06-27T21:47:42.042+0000] {dagbag.py:588} INFO - Filling up the DagBag from /opt/airflow/dags/lead_data_pipeline.py
[2025-06-27T21:47:43.127+0000] {processor.py:925} INFO - DAG(s) 'lead_data_pipeline' retrieved from /opt/airflow/dags/lead_data_pipeline.py
[2025-06-27T21:47:43.208+0000] {logging_mixin.py:190} INFO - [2025-06-27T21:47:43.207+0000] {dag.py:3239} INFO - Sync 1 DAGs
[2025-06-27T21:47:43.337+0000] {logging_mixin.py:190} INFO - [2025-06-27T21:47:43.337+0000] {dag.py:4180} INFO - Setting next_dagrun for lead_data_pipeline to 2025-06-27 07:00:00+00:00, run_after=2025-06-28 07:00:00+00:00
[2025-06-27T21:47:43.391+0000] {processor.py:208} INFO - Processing /opt/airflow/dags/lead_data_pipeline.py took 1.383 seconds
[2025-06-27T21:47:46.384+0000] {processor.py:186} INFO - Started process (PID=1869) to work on /opt/airflow/dags/lead_data_pipeline.py
[2025-06-27T21:47:46.400+0000] {processor.py:914} INFO - Processing file /opt/airflow/dags/lead_data_pipeline.py for tasks to queue
[2025-06-27T21:47:46.411+0000] {logging_mixin.py:190} INFO - [2025-06-27T21:47:46.410+0000] {dagbag.py:588} INFO - Filling up the DagBag from /opt/airflow/dags/lead_data_pipeline.py
[2025-06-27T21:47:47.347+0000] {processor.py:925} INFO - DAG(s) 'lead_data_pipeline' retrieved from /opt/airflow/dags/lead_data_pipeline.py
[2025-06-27T21:47:47.453+0000] {logging_mixin.py:190} INFO - [2025-06-27T21:47:47.452+0000] {dag.py:3239} INFO - Sync 1 DAGs
[2025-06-27T21:47:47.671+0000] {logging_mixin.py:190} INFO - [2025-06-27T21:47:47.671+0000] {dag.py:4180} INFO - Setting next_dagrun for lead_data_pipeline to 2025-06-27 07:00:00+00:00, run_after=2025-06-28 07:00:00+00:00
[2025-06-27T21:47:47.830+0000] {processor.py:208} INFO - Processing /opt/airflow/dags/lead_data_pipeline.py took 1.464 seconds
[2025-06-27T21:48:18.275+0000] {processor.py:186} INFO - Started process (PID=1877) to work on /opt/airflow/dags/lead_data_pipeline.py
[2025-06-27T21:48:18.278+0000] {processor.py:914} INFO - Processing file /opt/airflow/dags/lead_data_pipeline.py for tasks to queue
[2025-06-27T21:48:18.283+0000] {logging_mixin.py:190} INFO - [2025-06-27T21:48:18.282+0000] {dagbag.py:588} INFO - Filling up the DagBag from /opt/airflow/dags/lead_data_pipeline.py
[2025-06-27T21:48:19.074+0000] {processor.py:925} INFO - DAG(s) 'lead_data_pipeline' retrieved from /opt/airflow/dags/lead_data_pipeline.py
[2025-06-27T21:48:19.160+0000] {logging_mixin.py:190} INFO - [2025-06-27T21:48:19.160+0000] {dag.py:3239} INFO - Sync 1 DAGs
[2025-06-27T21:48:19.251+0000] {logging_mixin.py:190} INFO - [2025-06-27T21:48:19.250+0000] {dag.py:4180} INFO - Setting next_dagrun for lead_data_pipeline to 2025-06-27 07:00:00+00:00, run_after=2025-06-28 07:00:00+00:00
[2025-06-27T21:48:19.366+0000] {processor.py:208} INFO - Processing /opt/airflow/dags/lead_data_pipeline.py took 1.108 seconds
[2025-06-27T21:48:49.589+0000] {processor.py:186} INFO - Started process (PID=1888) to work on /opt/airflow/dags/lead_data_pipeline.py
[2025-06-27T21:48:49.592+0000] {processor.py:914} INFO - Processing file /opt/airflow/dags/lead_data_pipeline.py for tasks to queue
[2025-06-27T21:48:49.596+0000] {logging_mixin.py:190} INFO - [2025-06-27T21:48:49.594+0000] {dagbag.py:588} INFO - Filling up the DagBag from /opt/airflow/dags/lead_data_pipeline.py
[2025-06-27T21:48:50.149+0000] {processor.py:925} INFO - DAG(s) 'lead_data_pipeline' retrieved from /opt/airflow/dags/lead_data_pipeline.py
[2025-06-27T21:48:50.235+0000] {logging_mixin.py:190} INFO - [2025-06-27T21:48:50.235+0000] {dag.py:3239} INFO - Sync 1 DAGs
[2025-06-27T21:48:50.318+0000] {logging_mixin.py:190} INFO - [2025-06-27T21:48:50.317+0000] {dag.py:4180} INFO - Setting next_dagrun for lead_data_pipeline to 2025-06-27 07:00:00+00:00, run_after=2025-06-28 07:00:00+00:00
[2025-06-27T21:48:50.379+0000] {processor.py:208} INFO - Processing /opt/airflow/dags/lead_data_pipeline.py took 0.808 seconds
[2025-06-27T21:49:21.311+0000] {processor.py:186} INFO - Started process (PID=1896) to work on /opt/airflow/dags/lead_data_pipeline.py
[2025-06-27T21:49:21.317+0000] {processor.py:914} INFO - Processing file /opt/airflow/dags/lead_data_pipeline.py for tasks to queue
[2025-06-27T21:49:21.321+0000] {logging_mixin.py:190} INFO - [2025-06-27T21:49:21.320+0000] {dagbag.py:588} INFO - Filling up the DagBag from /opt/airflow/dags/lead_data_pipeline.py
[2025-06-27T21:49:21.759+0000] {processor.py:925} INFO - DAG(s) 'lead_data_pipeline' retrieved from /opt/airflow/dags/lead_data_pipeline.py
[2025-06-27T21:49:21.811+0000] {logging_mixin.py:190} INFO - [2025-06-27T21:49:21.811+0000] {dag.py:3239} INFO - Sync 1 DAGs
[2025-06-27T21:49:21.863+0000] {logging_mixin.py:190} INFO - [2025-06-27T21:49:21.862+0000] {dag.py:4180} INFO - Setting next_dagrun for lead_data_pipeline to 2025-06-27 07:00:00+00:00, run_after=2025-06-28 07:00:00+00:00
[2025-06-27T21:49:21.912+0000] {processor.py:208} INFO - Processing /opt/airflow/dags/lead_data_pipeline.py took 0.624 seconds
[2025-06-27T21:49:52.037+0000] {processor.py:186} INFO - Started process (PID=1904) to work on /opt/airflow/dags/lead_data_pipeline.py
[2025-06-27T21:49:52.040+0000] {processor.py:914} INFO - Processing file /opt/airflow/dags/lead_data_pipeline.py for tasks to queue
[2025-06-27T21:49:52.049+0000] {logging_mixin.py:190} INFO - [2025-06-27T21:49:52.047+0000] {dagbag.py:588} INFO - Filling up the DagBag from /opt/airflow/dags/lead_data_pipeline.py
[2025-06-27T21:49:52.930+0000] {processor.py:925} INFO - DAG(s) 'lead_data_pipeline' retrieved from /opt/airflow/dags/lead_data_pipeline.py
[2025-06-27T21:49:53.013+0000] {logging_mixin.py:190} INFO - [2025-06-27T21:49:53.012+0000] {dag.py:3239} INFO - Sync 1 DAGs
[2025-06-27T21:49:53.107+0000] {logging_mixin.py:190} INFO - [2025-06-27T21:49:53.105+0000] {dag.py:4180} INFO - Setting next_dagrun for lead_data_pipeline to 2025-06-27 07:00:00+00:00, run_after=2025-06-28 07:00:00+00:00
[2025-06-27T21:49:53.164+0000] {processor.py:208} INFO - Processing /opt/airflow/dags/lead_data_pipeline.py took 1.159 seconds
[2025-06-27T21:50:23.729+0000] {processor.py:186} INFO - Started process (PID=1912) to work on /opt/airflow/dags/lead_data_pipeline.py
[2025-06-27T21:50:23.734+0000] {processor.py:914} INFO - Processing file /opt/airflow/dags/lead_data_pipeline.py for tasks to queue
[2025-06-27T21:50:23.742+0000] {logging_mixin.py:190} INFO - [2025-06-27T21:50:23.741+0000] {dagbag.py:588} INFO - Filling up the DagBag from /opt/airflow/dags/lead_data_pipeline.py
[2025-06-27T21:50:24.478+0000] {processor.py:925} INFO - DAG(s) 'lead_data_pipeline' retrieved from /opt/airflow/dags/lead_data_pipeline.py
[2025-06-27T21:50:24.582+0000] {logging_mixin.py:190} INFO - [2025-06-27T21:50:24.581+0000] {dag.py:3239} INFO - Sync 1 DAGs
[2025-06-27T21:50:24.666+0000] {logging_mixin.py:190} INFO - [2025-06-27T21:50:24.666+0000] {dag.py:4180} INFO - Setting next_dagrun for lead_data_pipeline to 2025-06-27 07:00:00+00:00, run_after=2025-06-28 07:00:00+00:00
[2025-06-27T21:50:24.739+0000] {processor.py:208} INFO - Processing /opt/airflow/dags/lead_data_pipeline.py took 1.026 seconds
[2025-06-27T21:50:55.324+0000] {processor.py:186} INFO - Started process (PID=1920) to work on /opt/airflow/dags/lead_data_pipeline.py
[2025-06-27T21:50:55.383+0000] {processor.py:914} INFO - Processing file /opt/airflow/dags/lead_data_pipeline.py for tasks to queue
[2025-06-27T21:50:55.400+0000] {logging_mixin.py:190} INFO - [2025-06-27T21:50:55.399+0000] {dagbag.py:588} INFO - Filling up the DagBag from /opt/airflow/dags/lead_data_pipeline.py
[2025-06-27T21:50:55.982+0000] {processor.py:925} INFO - DAG(s) 'lead_data_pipeline' retrieved from /opt/airflow/dags/lead_data_pipeline.py
[2025-06-27T21:50:56.103+0000] {logging_mixin.py:190} INFO - [2025-06-27T21:50:56.101+0000] {dag.py:3239} INFO - Sync 1 DAGs
[2025-06-27T21:50:56.295+0000] {logging_mixin.py:190} INFO - [2025-06-27T21:50:56.295+0000] {dag.py:4180} INFO - Setting next_dagrun for lead_data_pipeline to 2025-06-27 07:00:00+00:00, run_after=2025-06-28 07:00:00+00:00
[2025-06-27T21:50:56.378+0000] {processor.py:208} INFO - Processing /opt/airflow/dags/lead_data_pipeline.py took 1.070 seconds
[2025-06-27T21:51:27.494+0000] {processor.py:186} INFO - Started process (PID=1927) to work on /opt/airflow/dags/lead_data_pipeline.py
[2025-06-27T21:51:27.499+0000] {processor.py:914} INFO - Processing file /opt/airflow/dags/lead_data_pipeline.py for tasks to queue
[2025-06-27T21:51:27.503+0000] {logging_mixin.py:190} INFO - [2025-06-27T21:51:27.502+0000] {dagbag.py:588} INFO - Filling up the DagBag from /opt/airflow/dags/lead_data_pipeline.py
[2025-06-27T21:51:28.193+0000] {processor.py:925} INFO - DAG(s) 'lead_data_pipeline' retrieved from /opt/airflow/dags/lead_data_pipeline.py
[2025-06-27T21:51:28.259+0000] {logging_mixin.py:190} INFO - [2025-06-27T21:51:28.258+0000] {dag.py:3239} INFO - Sync 1 DAGs
[2025-06-27T21:51:28.351+0000] {logging_mixin.py:190} INFO - [2025-06-27T21:51:28.350+0000] {dag.py:4180} INFO - Setting next_dagrun for lead_data_pipeline to 2025-06-27 07:00:00+00:00, run_after=2025-06-28 07:00:00+00:00
[2025-06-27T21:51:28.443+0000] {processor.py:208} INFO - Processing /opt/airflow/dags/lead_data_pipeline.py took 0.973 seconds
[2025-06-27T21:51:59.422+0000] {processor.py:186} INFO - Started process (PID=1934) to work on /opt/airflow/dags/lead_data_pipeline.py
[2025-06-27T21:51:59.424+0000] {processor.py:914} INFO - Processing file /opt/airflow/dags/lead_data_pipeline.py for tasks to queue
[2025-06-27T21:51:59.428+0000] {logging_mixin.py:190} INFO - [2025-06-27T21:51:59.427+0000] {dagbag.py:588} INFO - Filling up the DagBag from /opt/airflow/dags/lead_data_pipeline.py
[2025-06-27T21:51:59.816+0000] {processor.py:925} INFO - DAG(s) 'lead_data_pipeline' retrieved from /opt/airflow/dags/lead_data_pipeline.py
[2025-06-27T21:51:59.869+0000] {logging_mixin.py:190} INFO - [2025-06-27T21:51:59.868+0000] {dag.py:3239} INFO - Sync 1 DAGs
[2025-06-27T21:51:59.922+0000] {logging_mixin.py:190} INFO - [2025-06-27T21:51:59.921+0000] {dag.py:4180} INFO - Setting next_dagrun for lead_data_pipeline to 2025-06-27 07:00:00+00:00, run_after=2025-06-28 07:00:00+00:00
[2025-06-27T21:51:59.960+0000] {processor.py:208} INFO - Processing /opt/airflow/dags/lead_data_pipeline.py took 0.556 seconds
[2025-06-27T21:52:30.388+0000] {processor.py:186} INFO - Started process (PID=1942) to work on /opt/airflow/dags/lead_data_pipeline.py
[2025-06-27T21:52:30.390+0000] {processor.py:914} INFO - Processing file /opt/airflow/dags/lead_data_pipeline.py for tasks to queue
[2025-06-27T21:52:30.393+0000] {logging_mixin.py:190} INFO - [2025-06-27T21:52:30.392+0000] {dagbag.py:588} INFO - Filling up the DagBag from /opt/airflow/dags/lead_data_pipeline.py
[2025-06-27T21:52:30.884+0000] {processor.py:925} INFO - DAG(s) 'lead_data_pipeline' retrieved from /opt/airflow/dags/lead_data_pipeline.py
[2025-06-27T21:52:31.055+0000] {logging_mixin.py:190} INFO - [2025-06-27T21:52:31.054+0000] {dag.py:3239} INFO - Sync 1 DAGs
[2025-06-27T21:52:31.156+0000] {logging_mixin.py:190} INFO - [2025-06-27T21:52:31.155+0000] {dag.py:4180} INFO - Setting next_dagrun for lead_data_pipeline to 2025-06-27 07:00:00+00:00, run_after=2025-06-28 07:00:00+00:00
[2025-06-27T21:52:31.207+0000] {processor.py:208} INFO - Processing /opt/airflow/dags/lead_data_pipeline.py took 0.836 seconds
[2025-06-27T21:53:01.467+0000] {processor.py:186} INFO - Started process (PID=1950) to work on /opt/airflow/dags/lead_data_pipeline.py
[2025-06-27T21:53:01.470+0000] {processor.py:914} INFO - Processing file /opt/airflow/dags/lead_data_pipeline.py for tasks to queue
[2025-06-27T21:53:01.474+0000] {logging_mixin.py:190} INFO - [2025-06-27T21:53:01.473+0000] {dagbag.py:588} INFO - Filling up the DagBag from /opt/airflow/dags/lead_data_pipeline.py
[2025-06-27T21:53:01.958+0000] {processor.py:925} INFO - DAG(s) 'lead_data_pipeline' retrieved from /opt/airflow/dags/lead_data_pipeline.py
[2025-06-27T21:53:02.168+0000] {logging_mixin.py:190} INFO - [2025-06-27T21:53:02.167+0000] {dag.py:3239} INFO - Sync 1 DAGs
[2025-06-27T21:53:02.326+0000] {logging_mixin.py:190} INFO - [2025-06-27T21:53:02.326+0000] {dag.py:4180} INFO - Setting next_dagrun for lead_data_pipeline to 2025-06-27 07:00:00+00:00, run_after=2025-06-28 07:00:00+00:00
[2025-06-27T21:53:02.395+0000] {processor.py:208} INFO - Processing /opt/airflow/dags/lead_data_pipeline.py took 0.946 seconds
